mes,pais,plan,motivo,clientes,mrr_perdido_usd
2024-10,Colombia,Siigo Contador,Cerró o quebró el negocio,48,0.0
2024-10,Colombia,Siigo Contador,Precio / ajuste anual,42,0.0
2024-10,Colombia,Siigo Contador,Se fue a la competencia,35,0.0
2024-10,Colombia,Siigo Contador,Mala experiencia de soporte,30,0.0
2024-10,Colombia,Siigo Contador,No logró implementar,29,0.0
2024-10,Colombia,Siigo Contador,Cambió de contador,16,0.0
2024-10,Colombia,Siigo Contador,Funcionalidad faltante,14,0.0
2024-10,Colombia,Siigo Contador,Otro / sin motivo registrado,9,0.0
2024-10,Colombia,Profesional Independiente,Cerró o quebró el negocio,106,4250.29
2024-10,Colombia,Profesional Independiente,Precio / ajuste anual,108,3410.95
2024-10,Colombia,Profesional Independiente,Se fue a la competencia,96,2625.18
2024-10,Colombia,Profesional Independiente,Mala experiencia de soporte,68,2160.86
2024-10,Colombia,Profesional Independiente,No logró implementar,53,1946.56
2024-10,Colombia,Profesional Independiente,Cambió de contador,39,1392.95
2024-10,Colombia,Profesional Independiente,Funcionalidad faltante,43,1196.51
2024-10,Colombia,Profesional Independiente,Otro / sin motivo registrado,25,875.06
2024-10,Colombia,Emprendedor,Cerró o quebró el negocio,84,4149.32
2024-10,Colombia,Emprendedor,Precio / ajuste anual,76,3329.92
2024-10,Colombia,Emprendedor,Se fue a la competencia,62,2562.81
2024-10,Colombia,Emprendedor,Mala experiencia de soporte,49,2109.53
2024-10,Colombia,Emprendedor,No logró implementar,47,1900.32
2024-10,Colombia,Emprendedor,Cambió de contador,33,1359.86
2024-10,Colombia,Emprendedor,Funcionalidad faltante,25,1168.09
2024-10,Colombia,Emprendedor,Otro / sin motivo registrado,22,854.27
2024-10,Colombia,Premium,Cerró o quebró el negocio,51,2042.28
2024-10,Colombia,Premium,Precio / ajuste anual,38,1638.97
2024-10,Colombia,Premium,Se fue a la competencia,32,1261.41
2024-10,Colombia,Premium,Mala experiencia de soporte,23,1038.3
2024-10,Colombia,Premium,No logró implementar,20,935.33
2024-10,Colombia,Premium,Cambió de contador,12,669.32
2024-10,Colombia,Premium,Funcionalidad faltante,12,574.93
2024-10,Colombia,Premium,Otro / sin motivo registrado,8,420.47
2024-10,Colombia,Corporativo,Cerró o quebró el negocio,7,632.9
2024-10,Colombia,Corporativo,Precio / ajuste anual,5,507.91
2024-10,Colombia,Corporativo,Se fue a la competencia,3,390.91
2024-10,Colombia,Corporativo,Mala experiencia de soporte,3,321.77
2024-10,Colombia,Corporativo,No logró implementar,3,289.86
2024-10,Colombia,Corporativo,Cambió de contador,2,207.42
2024-10,Colombia,Corporativo,Funcionalidad faltante,1,178.17
2024-10,Colombia,Corporativo,Otro / sin motivo registrado,1,130.3
2024-10,Colombia,Siigo POS,Cerró o quebró el negocio,54,934.2
2024-10,Colombia,Siigo POS,Precio / ajuste anual,45,749.71
2024-10,Colombia,Siigo POS,Se fue a la competencia,28,577.0
2024-10,Colombia,Siigo POS,Mala experiencia de soporte,24,474.95
2024-10,Colombia,Siigo POS,No logró implementar,28,427.85
2024-10,Colombia,Siigo POS,Cambió de contador,15,306.17
2024-10,Colombia,Siigo POS,Funcionalidad faltante,12,262.99
2024-10,Colombia,Siigo POS,Otro / sin motivo registrado,11,192.33
2024-10,Colombia,POS Gastrobar,Cerró o quebró el negocio,30,690.68
2024-10,Colombia,POS Gastrobar,Precio / ajuste anual,20,554.28
2024-10,Colombia,POS Gastrobar,Se fue a la competencia,16,426.59
2024-10,Colombia,POS Gastrobar,Mala experiencia de soporte,12,351.14
2024-10,Colombia,POS Gastrobar,No logró implementar,10,316.32
2024-10,Colombia,POS Gastrobar,Cambió de contador,7,226.36
2024-10,Colombia,POS Gastrobar,Funcionalidad faltante,7,194.43
2024-10,Colombia,POS Gastrobar,Otro / sin motivo registrado,6,142.2
2024-11,Colombia,Siigo Contador,Cerró o quebró el negocio,59,0.0
2024-11,Colombia,Siigo Contador,Precio / ajuste anual,46,0.0
2024-11,Colombia,Siigo Contador,Se fue a la competencia,31,0.0
2024-11,Colombia,Siigo Contador,Mala experiencia de soporte,30,0.0
2024-11,Colombia,Siigo Contador,No logró implementar,28,0.0
2024-11,Colombia,Siigo Contador,Cambió de contador,18,0.0
2024-11,Colombia,Siigo Contador,Funcionalidad faltante,19,0.0
2024-11,Colombia,Siigo Contador,Otro / sin motivo registrado,12,0.0
2024-11,Colombia,Profesional Independiente,Cerró o quebró el negocio,178,4687.23
2024-11,Colombia,Profesional Independiente,Precio / ajuste anual,112,3761.6
2024-11,Colombia,Profesional Independiente,Se fue a la competencia,96,2895.06
2024-11,Colombia,Profesional Independiente,Mala experiencia de soporte,58,2383.01
2024-11,Colombia,Profesional Independiente,No logró implementar,70,2146.67
2024-11,Colombia,Profesional Independiente,Cambió de contador,41,1536.15
2024-11,Colombia,Profesional Independiente,Funcionalidad faltante,41,1319.52
2024-11,Colombia,Profesional Independiente,Otro / sin motivo registrado,31,965.02
2024-11,Colombia,Emprendedor,Cerró o quebró el negocio,93,4561.69
2024-11,Colombia,Emprendedor,Precio / ajuste anual,95,3660.85
2024-11,Colombia,Emprendedor,Se fue a la competencia,65,2817.52
2024-11,Colombia,Emprendedor,Mala experiencia de soporte,45,2319.18
2024-11,Colombia,Emprendedor,No logró implementar,51,2089.18
2024-11,Colombia,Emprendedor,Cambió de contador,34,1495.01
2024-11,Colombia,Emprendedor,Funcionalidad faltante,33,1284.17
2024-11,Colombia,Emprendedor,Otro / sin motivo registrado,20,939.17
2024-11,Colombia,Premium,Cerró o quebró el negocio,50,2042.22
2024-11,Colombia,Premium,Precio / ajuste anual,42,1638.92
2024-11,Colombia,Premium,Se fue a la competencia,26,1261.37
2024-11,Colombia,Premium,Mala experiencia de soporte,26,1038.27
2024-11,Colombia,Premium,No logró implementar,21,935.3
2024-11,Colombia,Premium,Cambió de contador,15,669.3
2024-11,Colombia,Premium,Funcionalidad faltante,10,574.91
2024-11,Colombia,Premium,Otro / sin motivo registrado,9,420.46
2024-11,Colombia,Corporativo,Cerró o quebró el negocio,8,672.31
2024-11,Colombia,Corporativo,Precio / ajuste anual,6,539.54
2024-11,Colombia,Corporativo,Se fue a la competencia,4,415.25
2024-11,Colombia,Corporativo,Mala experiencia de soporte,3,341.8
2024-11,Colombia,Corporativo,No logró implementar,4,307.91
2024-11,Colombia,Corporativo,Cambió de contador,2,220.34
2024-11,Colombia,Corporativo,Funcionalidad faltante,2,189.26
2024-11,Colombia,Corporativo,Otro / sin motivo registrado,1,138.42
2024-11,Colombia,Siigo POS,Cerró o quebró el negocio,39,795.49
2024-11,Colombia,Siigo POS,Precio / ajuste anual,37,638.4
2024-11,Colombia,Siigo POS,Se fue a la competencia,25,491.33
2024-11,Colombia,Siigo POS,Mala experiencia de soporte,18,404.43
2024-11,Colombia,Siigo POS,No logró implementar,19,364.32
2024-11,Colombia,Siigo POS,Cambió de contador,10,260.71
2024-11,Colombia,Siigo POS,Funcionalidad faltante,11,223.94
2024-11,Colombia,Siigo POS,Otro / sin motivo registrado,8,163.78
2024-11,Colombia,POS Gastrobar,Cerró o quebró el negocio,25,637.43
2024-11,Colombia,POS Gastrobar,Precio / ajuste anual,25,511.55
2024-11,Colombia,POS Gastrobar,Se fue a la competencia,14,393.71
2024-11,Colombia,POS Gastrobar,Mala experiencia de soporte,12,324.07
2024-11,Colombia,POS Gastrobar,No logró implementar,12,291.93
2024-11,Colombia,POS Gastrobar,Cambió de contador,8,208.91
2024-11,Colombia,POS Gastrobar,Funcionalidad faltante,6,179.45
2024-11,Colombia,POS Gastrobar,Otro / sin motivo registrado,5,131.24
2024-12,Colombia,Siigo Contador,Cerró o quebró el negocio,75,0.0
2024-12,Colombia,Siigo Contador,Precio / ajuste anual,56,0.0
2024-12,Colombia,Siigo Contador,Se fue a la competencia,39,0.0
2024-12,Colombia,Siigo Contador,Mala experiencia de soporte,31,0.0
2024-12,Colombia,Siigo Contador,No logró implementar,31,0.0
2024-12,Colombia,Siigo Contador,Cambió de contador,23,0.0
2024-12,Colombia,Siigo Contador,Funcionalidad faltante,17,0.0
2024-12,Colombia,Siigo Contador,Otro / sin motivo registrado,15,0.0
2024-12,Colombia,Profesional Independiente,Cerró o quebró el negocio,168,5142.72
2024-12,Colombia,Profesional Independiente,Precio / ajuste anual,127,4127.14
2024-12,Colombia,Profesional Independiente,Se fue a la competencia,82,3176.39
2024-12,Colombia,Profesional Independiente,Mala experiencia de soporte,69,2614.58
2024-12,Colombia,Profesional Independiente,No logró implementar,70,2355.28
2024-12,Colombia,Profesional Independiente,Cambió de contador,55,1685.43
2024-12,Colombia,Profesional Independiente,Funcionalidad faltante,53,1447.74
2024-12,Colombia,Profesional Independiente,Otro / sin motivo registrado,29,1058.8
2024-12,Colombia,Emprendedor,Cerró o quebró el negocio,114,4977.05
2024-12,Colombia,Emprendedor,Precio / ajuste anual,107,3994.19
2024-12,Colombia,Emprendedor,Se fue a la competencia,69,3074.06
2024-12,Colombia,Emprendedor,Mala experiencia de soporte,52,2530.35
2024-12,Colombia,Emprendedor,No logró implementar,53,2279.4
2024-12,Colombia,Emprendedor,Cambió de contador,33,1631.13
2024-12,Colombia,Emprendedor,Funcionalidad faltante,30,1401.1
2024-12,Colombia,Emprendedor,Otro / sin motivo registrado,24,1024.69
2024-12,Colombia,Premium,Cerró o quebró el negocio,43,2107.57
2024-12,Colombia,Premium,Precio / ajuste anual,33,1691.37
2024-12,Colombia,Premium,Se fue a la competencia,23,1301.74
2024-12,Colombia,Premium,Mala experiencia de soporte,25,1071.5
2024-12,Colombia,Premium,No logró implementar,18,965.23
2024-12,Colombia,Premium,Cambió de contador,16,690.72
2024-12,Colombia,Premium,Funcionalidad faltante,12,593.31
2024-12,Colombia,Premium,Otro / sin motivo registrado,8,433.91
2024-12,Colombia,Corporativo,Cerró o quebró el negocio,8,805.02
2024-12,Colombia,Corporativo,Precio / ajuste anual,6,646.05
2024-12,Colombia,Corporativo,Se fue a la competencia,5,497.22
2024-12,Colombia,Corporativo,Mala experiencia de soporte,5,409.28
2024-12,Colombia,Corporativo,No logró implementar,4,368.69
2024-12,Colombia,Corporativo,Cambió de contador,2,263.83
2024-12,Colombia,Corporativo,Funcionalidad faltante,2,226.62
2024-12,Colombia,Corporativo,Otro / sin motivo registrado,1,165.74
2024-12,Colombia,Siigo POS,Cerró o quebró el negocio,54,1019.22
2024-12,Colombia,Siigo POS,Precio / ajuste anual,45,817.95
2024-12,Colombia,Siigo POS,Se fue a la competencia,31,629.52
2024-12,Colombia,Siigo POS,Mala experiencia de soporte,22,518.18
2024-12,Colombia,Siigo POS,No logró implementar,25,466.79
2024-12,Colombia,Siigo POS,Cambió de contador,15,334.03
2024-12,Colombia,Siigo POS,Funcionalidad faltante,13,286.92
2024-12,Colombia,Siigo POS,Otro / sin motivo registrado,11,209.84
2024-12,Colombia,POS Gastrobar,Cerró o quebró el negocio,32,802.18
2024-12,Colombia,POS Gastrobar,Precio / ajuste anual,22,643.77
2024-12,Colombia,POS Gastrobar,Se fue a la competencia,17,495.47
2024-12,Colombia,POS Gastrobar,Mala experiencia de soporte,15,407.83
2024-12,Colombia,POS Gastrobar,No logró implementar,14,367.39
2024-12,Colombia,POS Gastrobar,Cambió de contador,12,262.9
2024-12,Colombia,POS Gastrobar,Funcionalidad faltante,10,225.82
2024-12,Colombia,POS Gastrobar,Otro / sin motivo registrado,7,165.16
2025-01,Colombia,Siigo Contador,Cerró o quebró el negocio,78,0.0
2025-01,Colombia,Siigo Contador,Precio / ajuste anual,103,0.0
2025-01,Colombia,Siigo Contador,Se fue a la competencia,57,0.0
2025-01,Colombia,Siigo Contador,Mala experiencia de soporte,38,0.0
2025-01,Colombia,Siigo Contador,No logró implementar,34,0.0
2025-01,Colombia,Siigo Contador,Cambió de contador,24,0.0
2025-01,Colombia,Siigo Contador,Funcionalidad faltante,24,0.0
2025-01,Colombia,Siigo Contador,Otro / sin motivo registrado,17,0.0
2025-01,Colombia,Profesional Independiente,Cerró o quebró el negocio,201,5718.34
2025-01,Colombia,Profesional Independiente,Precio / ajuste anual,237,7480.21
2025-01,Colombia,Profesional Independiente,Se fue a la competencia,106,3531.92
2025-01,Colombia,Profesional Independiente,Mala experiencia de soporte,88,2907.22
2025-01,Colombia,Profesional Independiente,No logró implementar,78,2618.9
2025-01,Colombia,Profesional Independiente,Cambió de contador,54,1874.08
2025-01,Colombia,Profesional Independiente,Funcionalidad faltante,53,1609.78
2025-01,Colombia,Profesional Independiente,Otro / sin motivo registrado,35,1177.31
2025-01,Colombia,Emprendedor,Cerró o quebró el negocio,151,6304.57
2025-01,Colombia,Emprendedor,Precio / ajuste anual,170,8247.07
2025-01,Colombia,Emprendedor,Se fue a la competencia,67,3894.0
2025-01,Colombia,Emprendedor,Mala experiencia de soporte,87,3205.26
2025-01,Colombia,Emprendedor,No logró implementar,65,2887.39
2025-01,Colombia,Emprendedor,Cambió de contador,52,2066.2
2025-01,Colombia,Emprendedor,Funcionalidad faltante,45,1774.82
2025-01,Colombia,Emprendedor,Otro / sin motivo registrado,33,1298.0
2025-01,Colombia,Premium,Cerró o quebró el negocio,60,2739.03
2025-01,Colombia,Premium,Precio / ajuste anual,79,3582.95
2025-01,Colombia,Premium,Se fue a la competencia,39,1691.76
2025-01,Colombia,Premium,Mala experiencia de soporte,30,1392.53
2025-01,Colombia,Premium,No logró implementar,23,1254.43
2025-01,Colombia,Premium,Cambió de contador,19,897.67
2025-01,Colombia,Premium,Funcionalidad faltante,16,771.07
2025-01,Colombia,Premium,Otro / sin motivo registrado,12,563.92
2025-01,Colombia,Corporativo,Cerró o quebró el negocio,10,974.91
2025-01,Colombia,Corporativo,Precio / ajuste anual,13,1275.29
2025-01,Colombia,Corporativo,Se fue a la competencia,6,602.15
2025-01,Colombia,Corporativo,Mala experiencia de soporte,6,495.65
2025-01,Colombia,Corporativo,No logró implementar,5,446.49
2025-01,Colombia,Corporativo,Cambió de contador,3,319.51
2025-01,Colombia,Corporativo,Funcionalidad faltante,2,274.45
2025-01,Colombia,Corporativo,Otro / sin motivo registrado,2,200.72
2025-01,Colombia,Siigo POS,Cerró o quebró el negocio,66,1098.27
2025-01,Colombia,Siigo POS,Precio / ajuste anual,75,1436.65
2025-01,Colombia,Siigo POS,Se fue a la competencia,34,678.34
2025-01,Colombia,Siigo POS,Mala experiencia de soporte,34,558.36
2025-01,Colombia,Siigo POS,No logró implementar,25,502.99
2025-01,Colombia,Siigo POS,Cambió de contador,18,359.94
2025-01,Colombia,Siigo POS,Funcionalidad faltante,13,309.18
2025-01,Colombia,Siigo POS,Otro / sin motivo registrado,10,226.11
2025-01,Colombia,POS Gastrobar,Cerró o quebró el negocio,26,839.1
2025-01,Colombia,POS Gastrobar,Precio / ajuste anual,38,1097.63
2025-01,Colombia,POS Gastrobar,Se fue a la competencia,23,518.26
2025-01,Colombia,POS Gastrobar,Mala experiencia de soporte,16,426.6
2025-01,Colombia,POS Gastrobar,No logró implementar,14,384.29
2025-01,Colombia,POS Gastrobar,Cambió de contador,9,275.0
2025-01,Colombia,POS Gastrobar,Funcionalidad faltante,9,236.22
2025-01,Colombia,POS Gastrobar,Otro / sin motivo registrado,6,172.75
2025-02,Colombia,Siigo Contador,Cerró o quebró el negocio,55,0.0
2025-02,Colombia,Siigo Contador,Precio / ajuste anual,78,0.0
2025-02,Colombia,Siigo Contador,Se fue a la competencia,35,0.0
2025-02,Colombia,Siigo Contador,Mala experiencia de soporte,25,0.0
2025-02,Colombia,Siigo Contador,No logró implementar,27,0.0
2025-02,Colombia,Siigo Contador,Cambió de contador,20,0.0
2025-02,Colombia,Siigo Contador,Funcionalidad faltante,12,0.0
2025-02,Colombia,Siigo Contador,Otro / sin motivo registrado,9,0.0
2025-02,Colombia,Profesional Independiente,Cerró o quebró el negocio,129,4724.11
2025-02,Colombia,Profesional Independiente,Precio / ajuste anual,206,6179.65
2025-02,Colombia,Profesional Independiente,Se fue a la competencia,91,2917.83
2025-02,Colombia,Profesional Independiente,Mala experiencia de soporte,63,2401.75
2025-02,Colombia,Profesional Independiente,No logró implementar,50,2163.56
2025-02,Colombia,Profesional Independiente,Cambió de contador,44,1548.24
2025-02,Colombia,Profesional Independiente,Funcionalidad faltante,45,1329.9
2025-02,Colombia,Profesional Independiente,Otro / sin motivo registrado,32,972.61
2025-02,Colombia,Emprendedor,Cerró o quebró el negocio,119,4648.85
2025-02,Colombia,Emprendedor,Precio / ajuste anual,85,6081.21
2025-02,Colombia,Emprendedor,Se fue a la competencia,68,2871.35
2025-02,Colombia,Emprendedor,Mala experiencia de soporte,52,2363.49
2025-02,Colombia,Emprendedor,No logró implementar,49,2129.1
2025-02,Colombia,Emprendedor,Cambió de contador,43,1523.57
2025-02,Colombia,Emprendedor,Funcionalidad faltante,30,1308.71
2025-02,Colombia,Emprendedor,Otro / sin motivo registrado,22,957.12
2025-02,Colombia,Premium,Cerró o quebró el negocio,48,2255.26
2025-02,Colombia,Premium,Precio / ajuste anual,64,2950.12
2025-02,Colombia,Premium,Se fue a la competencia,29,1392.95
2025-02,Colombia,Premium,Mala experiencia de soporte,18,1146.58
2025-02,Colombia,Premium,No logró implementar,21,1032.87
2025-02,Colombia,Premium,Cambió de contador,16,739.12
2025-02,Colombia,Premium,Funcionalidad faltante,11,634.88
2025-02,Colombia,Premium,Otro / sin motivo registrado,8,464.32
2025-02,Colombia,Corporativo,Cerró o quebró el negocio,10,779.98
2025-02,Colombia,Corporativo,Precio / ajuste anual,12,1020.29
2025-02,Colombia,Corporativo,Se fue a la competencia,5,481.75
2025-02,Colombia,Corporativo,Mala experiencia de soporte,4,396.54
2025-02,Colombia,Corporativo,No logró implementar,3,357.22
2025-02,Colombia,Corporativo,Cambió de contador,2,255.62
2025-02,Colombia,Corporativo,Funcionalidad faltante,2,219.57
2025-02,Colombia,Corporativo,Otro / sin motivo registrado,1,160.58
2025-02,Colombia,Siigo POS,Cerró o quebró el negocio,37,855.47
2025-02,Colombia,Siigo POS,Precio / ajuste anual,52,1119.04
2025-02,Colombia,Siigo POS,Se fue a la competencia,24,528.38
2025-02,Colombia,Siigo POS,Mala experiencia de soporte,21,434.92
2025-02,Colombia,Siigo POS,No logró implementar,21,391.79
2025-02,Colombia,Siigo POS,Cambió de contador,13,280.36
2025-02,Colombia,Siigo POS,Funcionalidad faltante,10,240.82
2025-02,Colombia,Siigo POS,Otro / sin motivo registrado,8,176.13
2025-02,Colombia,POS Gastrobar,Cerró o quebró el negocio,25,688.92
2025-02,Colombia,POS Gastrobar,Precio / ajuste anual,36,901.19
2025-02,Colombia,POS Gastrobar,Se fue a la competencia,14,425.51
2025-02,Colombia,POS Gastrobar,Mala experiencia de soporte,15,350.25
2025-02,Colombia,POS Gastrobar,No logró implementar,11,315.51
2025-02,Colombia,POS Gastrobar,Cambió de contador,8,225.78
2025-02,Colombia,POS Gastrobar,Funcionalidad faltante,6,193.94
2025-02,Colombia,POS Gastrobar,Otro / sin motivo registrado,4,141.84
2025-03,Colombia,Siigo Contador,Cerró o quebró el negocio,69,0.0
2025-03,Colombia,Siigo Contador,Precio / ajuste anual,41,0.0
2025-03,Colombia,Siigo Contador,Se fue a la competencia,34,0.0
2025-03,Colombia,Siigo Contador,Mala experiencia de soporte,45,0.0
2025-03,Colombia,Siigo Contador,No logró implementar,29,0.0
2025-03,Colombia,Siigo Contador,Cambió de contador,16,0.0
2025-03,Colombia,Siigo Contador,Funcionalidad faltante,17,0.0
2025-03,Colombia,Siigo Contador,Otro / sin motivo registrado,13,0.0
2025-03,Colombia,Profesional Independiente,Cerró o quebró el negocio,144,4975.73
2025-03,Colombia,Profesional Independiente,Precio / ajuste anual,115,3993.13
2025-03,Colombia,Profesional Independiente,Se fue a la competencia,99,3073.25
2025-03,Colombia,Profesional Independiente,Mala experiencia de soporte,105,3743.93
2025-03,Colombia,Profesional Independiente,No logró implementar,40,2278.8
2025-03,Colombia,Profesional Independiente,Cambió de contador,54,1630.7
2025-03,Colombia,Profesional Independiente,Funcionalidad faltante,42,1400.73
2025-03,Colombia,Profesional Independiente,Otro / sin motivo registrado,32,1024.42
2025-03,Colombia,Emprendedor,Cerró o quebró el negocio,110,5120.74
2025-03,Colombia,Emprendedor,Precio / ajuste anual,95,4109.5
2025-03,Colombia,Emprendedor,Se fue a la competencia,87,3162.81
2025-03,Colombia,Emprendedor,Mala experiencia de soporte,77,3853.03
2025-03,Colombia,Emprendedor,No logró implementar,56,2345.21
2025-03,Colombia,Emprendedor,Cambió de contador,34,1678.22
2025-03,Colombia,Emprendedor,Funcionalidad faltante,41,1441.55
2025-03,Colombia,Emprendedor,Otro / sin motivo registrado,21,1054.27
2025-03,Colombia,Premium,Cerró o quebró el negocio,34,2179.54
2025-03,Colombia,Premium,Precio / ajuste anual,40,1749.13
2025-03,Colombia,Premium,Se fue a la competencia,30,1346.19
2025-03,Colombia,Premium,Mala experiencia de soporte,28,1639.97
2025-03,Colombia,Premium,No logró implementar,18,998.19
2025-03,Colombia,Premium,Cambió de contador,12,714.3
2025-03,Colombia,Premium,Funcionalidad faltante,11,613.57
2025-03,Colombia,Premium,Otro / sin motivo registrado,11,448.73
2025-03,Colombia,Corporativo,Cerró o quebró el negocio,8,749.66
2025-03,Colombia,Corporativo,Precio / ajuste anual,5,601.62
2025-03,Colombia,Corporativo,Se fue a la competencia,4,463.02
2025-03,Colombia,Corporativo,Mala experiencia de soporte,5,564.07
2025-03,Colombia,Corporativo,No logró implementar,3,343.33
2025-03,Colombia,Corporativo,Cambió de contador,2,245.69
2025-03,Colombia,Corporativo,Funcionalidad faltante,2,211.04
2025-03,Colombia,Corporativo,Otro / sin motivo registrado,1,154.34
2025-03,Colombia,Siigo POS,Cerró o quebró el negocio,37,892.39
2025-03,Colombia,Siigo POS,Precio / ajuste anual,35,716.16
2025-03,Colombia,Siigo POS,Se fue a la competencia,25,551.18
2025-03,Colombia,Siigo POS,Mala experiencia de soporte,33,671.46
2025-03,Colombia,Siigo POS,No logró implementar,16,408.7
2025-03,Colombia,Siigo POS,Cambió de contador,15,292.46
2025-03,Colombia,Siigo POS,Funcionalidad faltante,12,251.22
2025-03,Colombia,Siigo POS,Otro / sin motivo registrado,9,183.73
2025-03,Colombia,POS Gastrobar,Cerró o quebró el negocio,28,780.02
2025-03,Colombia,POS Gastrobar,Precio / ajuste anual,26,625.98
2025-03,Colombia,POS Gastrobar,Se fue a la competencia,16,481.77
2025-03,Colombia,POS Gastrobar,Mala experiencia de soporte,20,586.91
2025-03,Colombia,POS Gastrobar,No logró implementar,12,357.23
2025-03,Colombia,POS Gastrobar,Cambió de contador,9,255.64
2025-03,Colombia,POS Gastrobar,Funcionalidad faltante,7,219.58
2025-03,Colombia,POS Gastrobar,Otro / sin motivo registrado,6,160.59
2025-04,Colombia,Siigo Contador,Cerró o quebró el negocio,62,0.0
2025-04,Colombia,Siigo Contador,Precio / ajuste anual,52,0.0
2025-04,Colombia,Siigo Contador,Se fue a la competencia,33,0.0
2025-04,Colombia,Siigo Contador,Mala experiencia de soporte,40,0.0
2025-04,Colombia,Siigo Contador,No logró implementar,24,0.0
2025-04,Colombia,Siigo Contador,Cambió de contador,14,0.0
2025-04,Colombia,Siigo Contador,Funcionalidad faltante,17,0.0
2025-04,Colombia,Siigo Contador,Otro / sin motivo registrado,10,0.0
2025-04,Colombia,Profesional Independiente,Cerró o quebró el negocio,133,4797.05
2025-04,Colombia,Profesional Independiente,Precio / ajuste anual,94,3849.73
2025-04,Colombia,Profesional Independiente,Se fue a la competencia,84,2962.88
2025-04,Colombia,Profesional Independiente,Mala experiencia de soporte,106,3609.48
2025-04,Colombia,Profesional Independiente,No logró implementar,62,2196.97
2025-04,Colombia,Profesional Independiente,Cambió de contador,51,1572.14
2025-04,Colombia,Profesional Independiente,Funcionalidad faltante,47,1350.43
2025-04,Colombia,Profesional Independiente,Otro / sin motivo registrado,31,987.63
2025-04,Colombia,Emprendedor,Cerró o quebró el negocio,120,5376.9
2025-04,Colombia,Emprendedor,Precio / ajuste anual,85,4315.08
2025-04,Colombia,Emprendedor,Se fue a la competencia,79,3321.03
2025-04,Colombia,Emprendedor,Mala experiencia de soporte,81,4045.78
2025-04,Colombia,Emprendedor,No logró implementar,62,2462.53
2025-04,Colombia,Emprendedor,Cambió de contador,43,1762.18
2025-04,Colombia,Emprendedor,Funcionalidad faltante,35,1513.67
2025-04,Colombia,Emprendedor,Otro / sin motivo registrado,25,1107.01
2025-04,Colombia,Premium,Cerró o quebró el negocio,54,2187.82
2025-04,Colombia,Premium,Precio / ajuste anual,46,1755.77
2025-04,Colombia,Premium,Se fue a la competencia,27,1351.3
2025-04,Colombia,Premium,Mala experiencia de soporte,33,1646.19
2025-04,Colombia,Premium,No logró implementar,19,1001.98
2025-04,Colombia,Premium,Cambió de contador,14,717.02
2025-04,Colombia,Premium,Funcionalidad faltante,13,615.9
2025-04,Colombia,Premium,Otro / sin motivo registrado,8,450.43
2025-04,Colombia,Corporativo,Cerró o quebró el negocio,7,686.1
2025-04,Colombia,Corporativo,Precio / ajuste anual,4,550.61
2025-04,Colombia,Corporativo,Se fue a la competencia,4,423.77
2025-04,Colombia,Corporativo,Mala experiencia de soporte,5,516.25
2025-04,Colombia,Corporativo,No logró implementar,3,314.22
2025-04,Colombia,Corporativo,Cambió de contador,2,224.86
2025-04,Colombia,Corporativo,Funcionalidad faltante,2,193.15
2025-04,Colombia,Corporativo,Otro / sin motivo registrado,1,141.26
2025-04,Colombia,Siigo POS,Cerró o quebró el negocio,38,988.03
2025-04,Colombia,Siigo POS,Precio / ajuste anual,44,792.91
2025-04,Colombia,Siigo POS,Se fue a la competencia,28,610.25
2025-04,Colombia,Siigo POS,Mala experiencia de soporte,39,743.43
2025-04,Colombia,Siigo POS,No logró implementar,22,452.5
2025-04,Colombia,Siigo POS,Cambió de contador,16,323.81
2025-04,Colombia,Siigo POS,Funcionalidad faltante,11,278.14
2025-04,Colombia,Siigo POS,Otro / sin motivo registrado,10,203.42
2025-04,Colombia,POS Gastrobar,Cerró o quebró el negocio,28,720.91
2025-04,Colombia,POS Gastrobar,Precio / ajuste anual,23,578.54
2025-04,Colombia,POS Gastrobar,Se fue a la competencia,18,445.27
2025-04,Colombia,POS Gastrobar,Mala experiencia de soporte,24,542.44
2025-04,Colombia,POS Gastrobar,No logró implementar,14,330.16
2025-04,Colombia,POS Gastrobar,Cambió de contador,8,236.26
2025-04,Colombia,POS Gastrobar,Funcionalidad faltante,5,202.95
2025-04,Colombia,POS Gastrobar,Otro / sin motivo registrado,5,148.42
2025-05,Colombia,Siigo Contador,Cerró o quebró el negocio,72,0.0
2025-05,Colombia,Siigo Contador,Precio / ajuste anual,49,0.0
2025-05,Colombia,Siigo Contador,Se fue a la competencia,37,0.0
2025-05,Colombia,Siigo Contador,Mala experiencia de soporte,46,0.0
2025-05,Colombia,Siigo Contador,No logró implementar,28,0.0
2025-05,Colombia,Siigo Contador,Cambió de contador,20,0.0
2025-05,Colombia,Siigo Contador,Funcionalidad faltante,15,0.0
2025-05,Colombia,Siigo Contador,Otro / sin motivo registrado,11,0.0
2025-05,Colombia,Profesional Independiente,Cerró o quebró el negocio,117,4911.67
2025-05,Colombia,Profesional Independiente,Precio / ajuste anual,113,3941.72
2025-05,Colombia,Profesional Independiente,Se fue a la competencia,109,3033.68
2025-05,Colombia,Profesional Independiente,Mala experiencia de soporte,104,3695.72
2025-05,Colombia,Profesional Independiente,No logró implementar,60,2249.46
2025-05,Colombia,Profesional Independiente,Cambió de contador,53,1609.71
2025-05,Colombia,Profesional Independiente,Funcionalidad faltante,46,1382.7
2025-05,Colombia,Profesional Independiente,Otro / sin motivo registrado,28,1011.23
2025-05,Colombia,Emprendedor,Cerró o quebró el negocio,110,5118.65
2025-05,Colombia,Emprendedor,Precio / ajuste anual,102,4107.82
2025-05,Colombia,Emprendedor,Se fue a la competencia,75,3161.52
2025-05,Colombia,Emprendedor,Mala experiencia de soporte,88,3851.46
2025-05,Colombia,Emprendedor,No logró implementar,51,2344.26
2025-05,Colombia,Emprendedor,Cambió de contador,37,1677.54
2025-05,Colombia,Emprendedor,Funcionalidad faltante,36,1440.96
2025-05,Colombia,Emprendedor,Otro / sin motivo registrado,23,1053.84
2025-05,Colombia,Premium,Cerró o quebró el negocio,55,2363.06
2025-05,Colombia,Premium,Precio / ajuste anual,33,1896.4
2025-05,Colombia,Premium,Se fue a la competencia,25,1459.54
2025-05,Colombia,Premium,Mala experiencia de soporte,31,1778.05
2025-05,Colombia,Premium,No logró implementar,22,1082.24
2025-05,Colombia,Premium,Cambió de contador,17,774.45
2025-05,Colombia,Premium,Funcionalidad faltante,14,665.23
2025-05,Colombia,Premium,Otro / sin motivo registrado,12,486.51
2025-05,Colombia,Corporativo,Cerró o quebró el negocio,10,818.62
2025-05,Colombia,Corporativo,Precio / ajuste anual,5,656.96
2025-05,Colombia,Corporativo,Se fue a la competencia,5,505.62
2025-05,Colombia,Corporativo,Mala experiencia de soporte,6,615.96
2025-05,Colombia,Corporativo,No logró implementar,4,374.91
2025-05,Colombia,Corporativo,Cambió de contador,2,268.29
2025-05,Colombia,Corporativo,Funcionalidad faltante,2,230.45
2025-05,Colombia,Corporativo,Otro / sin motivo registrado,2,168.54
2025-05,Colombia,Siigo POS,Cerró o quebró el negocio,55,919.68
2025-05,Colombia,Siigo POS,Precio / ajuste anual,38,738.06
2025-05,Colombia,Siigo POS,Se fue a la competencia,30,568.04
2025-05,Colombia,Siigo POS,Mala experiencia de soporte,31,692.0
2025-05,Colombia,Siigo POS,No logró implementar,14,421.2
2025-05,Colombia,Siigo POS,Cambió de contador,14,301.41
2025-05,Colombia,Siigo POS,Funcionalidad faltante,10,258.9
2025-05,Colombia,Siigo POS,Otro / sin motivo registrado,9,189.35
2025-05,Colombia,POS Gastrobar,Cerró o quebró el negocio,26,704.98
2025-05,Colombia,POS Gastrobar,Precio / ajuste anual,22,565.76
2025-05,Colombia,POS Gastrobar,Se fue a la competencia,14,435.43
2025-05,Colombia,POS Gastrobar,Mala experiencia de soporte,16,530.46
2025-05,Colombia,POS Gastrobar,No logró implementar,11,322.87
2025-05,Colombia,POS Gastrobar,Cambió de contador,8,231.05
2025-05,Colombia,POS Gastrobar,Funcionalidad faltante,7,198.46
2025-05,Colombia,POS Gastrobar,Otro / sin motivo registrado,5,145.14
2025-06,Colombia,Siigo Contador,Cerró o quebró el negocio,61,0.0
2025-06,Colombia,Siigo Contador,Precio / ajuste anual,47,0.0
2025-06,Colombia,Siigo Contador,Se fue a la competencia,34,0.0
2025-06,Colombia,Siigo Contador,Mala experiencia de soporte,37,0.0
2025-06,Colombia,Siigo Contador,No logró implementar,26,0.0
2025-06,Colombia,Siigo Contador,Cambió de contador,20,0.0
2025-06,Colombia,Siigo Contador,Funcionalidad faltante,17,0.0
2025-06,Colombia,Siigo Contador,Otro / sin motivo registrado,11,0.0
2025-06,Colombia,Profesional Independiente,Cerró o quebró el negocio,147,5284.6
2025-06,Colombia,Profesional Independiente,Precio / ajuste anual,99,4241.01
2025-06,Colombia,Profesional Independiente,Se fue a la competencia,97,3264.02
2025-06,Colombia,Profesional Independiente,Mala experiencia de soporte,77,2686.71
2025-06,Colombia,Profesional Independiente,No logró implementar,69,2420.26
2025-06,Colombia,Profesional Independiente,Cambió de contador,50,1731.93
2025-06,Colombia,Profesional Independiente,Funcionalidad faltante,47,1487.68
2025-06,Colombia,Profesional Independiente,Otro / sin motivo registrado,27,1088.01
2025-06,Colombia,Emprendedor,Cerró o quebró el negocio,105,5130.49
2025-06,Colombia,Emprendedor,Precio / ajuste anual,102,4117.32
2025-06,Colombia,Emprendedor,Se fue a la competencia,56,3168.83
2025-06,Colombia,Emprendedor,Mala experiencia de soporte,64,2608.36
2025-06,Colombia,Emprendedor,No logró implementar,49,2349.68
2025-06,Colombia,Emprendedor,Cambió de contador,27,1681.42
2025-06,Colombia,Emprendedor,Funcionalidad faltante,34,1444.3
2025-06,Colombia,Emprendedor,Otro / sin motivo registrado,22,1056.28
2025-06,Colombia,Premium,Cerró o quebró el negocio,46,2302.84
2025-06,Colombia,Premium,Precio / ajuste anual,33,1848.08
2025-06,Colombia,Premium,Se fue a la competencia,24,1422.34
2025-06,Colombia,Premium,Mala experiencia de soporte,29,1170.77
2025-06,Colombia,Premium,No logró implementar,22,1054.66
2025-06,Colombia,Premium,Cambió de contador,16,754.71
2025-06,Colombia,Premium,Funcionalidad faltante,12,648.28
2025-06,Colombia,Premium,Otro / sin motivo registrado,8,474.11
2025-06,Colombia,Corporativo,Cerró o quebró el negocio,7,757.03
2025-06,Colombia,Corporativo,Precio / ajuste anual,6,607.53
2025-06,Colombia,Corporativo,Se fue a la competencia,4,467.58
2025-06,Colombia,Corporativo,Mala experiencia de soporte,3,384.88
2025-06,Colombia,Corporativo,No logró implementar,3,346.71
2025-06,Colombia,Corporativo,Cambió de contador,2,248.1
2025-06,Colombia,Corporativo,Funcionalidad faltante,2,213.11
2025-06,Colombia,Corporativo,Otro / sin motivo registrado,1,155.86
2025-06,Colombia,Siigo POS,Cerró o quebró el negocio,42,925.09
2025-06,Colombia,Siigo POS,Precio / ajuste anual,30,742.4
2025-06,Colombia,Siigo POS,Se fue a la competencia,27,571.38
2025-06,Colombia,Siigo POS,Mala experiencia de soporte,20,470.32
2025-06,Colombia,Siigo POS,No logró implementar,22,423.67
2025-06,Colombia,Siigo POS,Cambió de contador,12,303.18
2025-06,Colombia,Siigo POS,Funcionalidad faltante,12,260.42
2025-06,Colombia,Siigo POS,Otro / sin motivo registrado,7,190.46
2025-06,Colombia,POS Gastrobar,Cerró o quebró el negocio,22,705.69
2025-06,Colombia,POS Gastrobar,Precio / ajuste anual,20,566.33
2025-06,Colombia,POS Gastrobar,Se fue a la competencia,14,435.87
2025-06,Colombia,POS Gastrobar,Mala experiencia de soporte,14,358.78
2025-06,Colombia,POS Gastrobar,No logró implementar,13,323.19
2025-06,Colombia,POS Gastrobar,Cambió de contador,7,231.28
2025-06,Colombia,POS Gastrobar,Funcionalidad faltante,6,198.66
2025-06,Colombia,POS Gastrobar,Otro / sin motivo registrado,5,145.29
2025-07,Colombia,Siigo Contador,Cerró o quebró el negocio,50,0.0
2025-07,Colombia,Siigo Contador,Precio / ajuste anual,53,0.0
2025-07,Colombia,Siigo Contador,Se fue a la competencia,36,0.0
2025-07,Colombia,Siigo Contador,Mala experiencia de soporte,25,0.0
2025-07,Colombia,Siigo Contador,No logró implementar,26,0.0
2025-07,Colombia,Siigo Contador,Cambió de contador,17,0.0
2025-07,Colombia,Siigo Contador,Funcionalidad faltante,14,0.0
2025-07,Colombia,Siigo Contador,Otro / sin motivo registrado,10,0.0
2025-07,Colombia,Profesional Independiente,Cerró o quebró el negocio,180,5329.28
2025-07,Colombia,Profesional Independiente,Precio / ajuste anual,133,4276.86
2025-07,Colombia,Profesional Independiente,Se fue a la competencia,92,3291.61
2025-07,Colombia,Profesional Independiente,Mala experiencia de soporte,85,2709.42
2025-07,Colombia,Profesional Independiente,No logró implementar,71,2440.72
2025-07,Colombia,Profesional Independiente,Cambió de contador,58,1746.57
2025-07,Colombia,Profesional Independiente,Funcionalidad faltante,49,1500.26
2025-07,Colombia,Profesional Independiente,Otro / sin motivo registrado,32,1097.2
2025-07,Colombia,Emprendedor,Cerró o quebró el negocio,129,5659.79
2025-07,Colombia,Emprendedor,Precio / ajuste anual,96,4542.1
2025-07,Colombia,Emprendedor,Se fue a la competencia,70,3495.75
2025-07,Colombia,Emprendedor,Mala experiencia de soporte,71,2877.45
2025-07,Colombia,Emprendedor,No logró implementar,54,2592.09
2025-07,Colombia,Emprendedor,Cambió de contador,43,1854.89
2025-07,Colombia,Emprendedor,Funcionalidad faltante,34,1593.3
2025-07,Colombia,Emprendedor,Otro / sin motivo registrado,20,1165.25
2025-07,Colombia,Premium,Cerró o quebró el negocio,36,2204.36
2025-07,Colombia,Premium,Precio / ajuste anual,39,1769.05
2025-07,Colombia,Premium,Se fue a la competencia,21,1361.52
2025-07,Colombia,Premium,Mala experiencia de soporte,17,1120.71
2025-07,Colombia,Premium,No logró implementar,20,1009.56
2025-07,Colombia,Premium,Cambió de contador,16,722.44
2025-07,Colombia,Premium,Funcionalidad faltante,10,620.56
2025-07,Colombia,Premium,Otro / sin motivo registrado,8,453.84
2025-07,Colombia,Corporativo,Cerró o quebró el negocio,9,762.14
2025-07,Colombia,Corporativo,Precio / ajuste anual,5,611.64
2025-07,Colombia,Corporativo,Se fue a la competencia,5,470.74
2025-07,Colombia,Corporativo,Mala experiencia de soporte,3,387.48
2025-07,Colombia,Corporativo,No logró implementar,3,349.05
2025-07,Colombia,Corporativo,Cambió de contador,2,249.78
2025-07,Colombia,Corporativo,Funcionalidad faltante,2,214.55
2025-07,Colombia,Corporativo,Otro / sin motivo registrado,1,156.91
2025-07,Colombia,Siigo POS,Cerró o quebró el negocio,47,982.8
2025-07,Colombia,Siigo POS,Precio / ajuste anual,36,788.72
2025-07,Colombia,Siigo POS,Se fue a la competencia,28,607.02
2025-07,Colombia,Siigo POS,Mala experiencia de soporte,26,499.66
2025-07,Colombia,Siigo POS,No logró implementar,25,450.11
2025-07,Colombia,Siigo POS,Cambió de contador,16,322.09
2025-07,Colombia,Siigo POS,Funcionalidad faltante,12,276.67
2025-07,Colombia,Siigo POS,Otro / sin motivo registrado,10,202.34
2025-07,Colombia,POS Gastrobar,Cerró o quebró el negocio,23,743.47
2025-07,Colombia,POS Gastrobar,Precio / ajuste anual,19,596.65
2025-07,Colombia,POS Gastrobar,Se fue a la competencia,19,459.2
2025-07,Colombia,POS Gastrobar,Mala experiencia de soporte,14,377.98
2025-07,Colombia,POS Gastrobar,No logró implementar,12,340.5
2025-07,Colombia,POS Gastrobar,Cambió de contador,8,243.66
2025-07,Colombia,POS Gastrobar,Funcionalidad faltante,8,209.3
2025-07,Colombia,POS Gastrobar,Otro / sin motivo registrado,6,153.07
2025-08,Colombia,Siigo Contador,Cerró o quebró el negocio,55,0.0
2025-08,Colombia,Siigo Contador,Precio / ajuste anual,37,0.0
2025-08,Colombia,Siigo Contador,Se fue a la competencia,35,0.0
2025-08,Colombia,Siigo Contador,Mala experiencia de soporte,39,0.0
2025-08,Colombia,Siigo Contador,No logró implementar,21,0.0
2025-08,Colombia,Siigo Contador,Cambió de contador,22,0.0
2025-08,Colombia,Siigo Contador,Funcionalidad faltante,16,0.0
2025-08,Colombia,Siigo Contador,Otro / sin motivo registrado,11,0.0
2025-08,Colombia,Profesional Independiente,Cerró o quebró el negocio,143,5085.78
2025-08,Colombia,Profesional Independiente,Precio / ajuste anual,133,4081.45
2025-08,Colombia,Profesional Independiente,Se fue a la competencia,95,3141.22
2025-08,Colombia,Profesional Independiente,Mala experiencia de soporte,107,3826.73
2025-08,Colombia,Profesional Independiente,No logró implementar,65,2329.2
2025-08,Colombia,Profesional Independiente,Cambió de contador,53,1666.77
2025-08,Colombia,Profesional Independiente,Funcionalidad faltante,35,1431.71
2025-08,Colombia,Profesional Independiente,Otro / sin motivo registrado,32,1047.07
2025-08,Colombia,Emprendedor,Cerró o quebró el negocio,96,5027.45
2025-08,Colombia,Emprendedor,Precio / ajuste anual,93,4034.63
2025-08,Colombia,Emprendedor,Se fue a la competencia,53,3105.19
2025-08,Colombia,Emprendedor,Mala experiencia de soporte,75,3782.84
2025-08,Colombia,Emprendedor,No logró implementar,59,2302.49
2025-08,Colombia,Emprendedor,Cambió de contador,37,1647.65
2025-08,Colombia,Emprendedor,Funcionalidad faltante,33,1415.29
2025-08,Colombia,Emprendedor,Otro / sin motivo registrado,25,1035.06
2025-08,Colombia,Premium,Cerró o quebró el negocio,42,2284.34
2025-08,Colombia,Premium,Precio / ajuste anual,32,1833.23
2025-08,Colombia,Premium,Se fue a la competencia,28,1410.91
2025-08,Colombia,Premium,Mala experiencia de soporte,32,1718.82
2025-08,Colombia,Premium,No logró implementar,20,1046.19
2025-08,Colombia,Premium,Cambió de contador,15,748.65
2025-08,Colombia,Premium,Funcionalidad faltante,13,643.07
2025-08,Colombia,Premium,Otro / sin motivo registrado,5,470.3
2025-08,Colombia,Corporativo,Cerró o quebró el negocio,7,772.16
2025-08,Colombia,Corporativo,Precio / ajuste anual,5,619.67
2025-08,Colombia,Corporativo,Se fue a la competencia,5,476.92
2025-08,Colombia,Corporativo,Mala experiencia de soporte,5,581.0
2025-08,Colombia,Corporativo,No logró implementar,3,353.63
2025-08,Colombia,Corporativo,Cambió de contador,2,253.06
2025-08,Colombia,Corporativo,Funcionalidad faltante,2,217.37
2025-08,Colombia,Corporativo,Otro / sin motivo registrado,1,158.97
2025-08,Colombia,Siigo POS,Cerró o quebró el negocio,43,1042.5
2025-08,Colombia,Siigo POS,Precio / ajuste anual,43,836.63
2025-08,Colombia,Siigo POS,Se fue a la competencia,27,643.9
2025-08,Colombia,Siigo POS,Mala experiencia de soporte,42,784.42
2025-08,Colombia,Siigo POS,No logró implementar,22,477.45
2025-08,Colombia,Siigo POS,Cambió de contador,18,341.66
2025-08,Colombia,Siigo POS,Funcionalidad faltante,13,293.48
2025-08,Colombia,Siigo POS,Otro / sin motivo registrado,12,214.63
2025-08,Colombia,POS Gastrobar,Cerró o quebró el negocio,21,788.67
2025-08,Colombia,POS Gastrobar,Precio / ajuste anual,23,632.92
2025-08,Colombia,POS Gastrobar,Se fue a la competencia,16,487.12
2025-08,Colombia,POS Gastrobar,Mala experiencia de soporte,18,593.42
2025-08,Colombia,POS Gastrobar,No logró implementar,12,361.2
2025-08,Colombia,POS Gastrobar,Cambió de contador,8,258.47
2025-08,Colombia,POS Gastrobar,Funcionalidad faltante,7,222.02
2025-08,Colombia,POS Gastrobar,Otro / sin motivo registrado,5,162.37
2025-09,Colombia,Siigo Contador,Cerró o quebró el negocio,66,0.0
2025-09,Colombia,Siigo Contador,Precio / ajuste anual,54,0.0
2025-09,Colombia,Siigo Contador,Se fue a la competencia,38,0.0
2025-09,Colombia,Siigo Contador,Mala experiencia de soporte,43,0.0
2025-09,Colombia,Siigo Contador,No logró implementar,27,0.0
2025-09,Colombia,Siigo Contador,Cambió de contador,16,0.0
2025-09,Colombia,Siigo Contador,Funcionalidad faltante,13,0.0
2025-09,Colombia,Siigo Contador,Otro / sin motivo registrado,13,0.0
2025-09,Colombia,Profesional Independiente,Cerró o quebró el negocio,157,4679.01
2025-09,Colombia,Profesional Independiente,Precio / ajuste anual,127,3755.01
2025-09,Colombia,Profesional Independiente,Se fue a la competencia,84,2889.98
2025-09,Colombia,Profesional Independiente,Mala experiencia de soporte,99,3520.66
2025-09,Colombia,Profesional Independiente,No logró implementar,66,2142.91
2025-09,Colombia,Profesional Independiente,Cambió de contador,47,1533.46
2025-09,Colombia,Profesional Independiente,Funcionalidad faltante,33,1317.2
2025-09,Colombia,Profesional Independiente,Otro / sin motivo registrado,25,963.33
2025-09,Colombia,Emprendedor,Cerró o quebró el negocio,103,4866.04
2025-09,Colombia,Emprendedor,Precio / ajuste anual,75,3905.1
2025-09,Colombia,Emprendedor,Se fue a la competencia,57,3005.5
2025-09,Colombia,Emprendedor,Mala experiencia de soporte,67,3661.39
2025-09,Colombia,Emprendedor,No logró implementar,50,2228.56
2025-09,Colombia,Emprendedor,Cambió de contador,42,1594.75
2025-09,Colombia,Emprendedor,Funcionalidad faltante,35,1369.85
2025-09,Colombia,Emprendedor,Otro / sin motivo registrado,25,1001.83
2025-09,Colombia,Premium,Cerró o quebró el negocio,54,2553.9
2025-09,Colombia,Premium,Precio / ajuste anual,40,2049.56
2025-09,Colombia,Premium,Se fue a la competencia,26,1577.41
2025-09,Colombia,Premium,Mala experiencia de soporte,34,1921.65
2025-09,Colombia,Premium,No logró implementar,23,1169.64
2025-09,Colombia,Premium,Cambió de contador,14,836.99
2025-09,Colombia,Premium,Funcionalidad faltante,14,718.95
2025-09,Colombia,Premium,Otro / sin motivo registrado,9,525.8
2025-09,Colombia,Corporativo,Cerró o quebró el negocio,7,776.38
2025-09,Colombia,Corporativo,Precio / ajuste anual,6,623.06
2025-09,Colombia,Corporativo,Se fue a la competencia,5,479.53
2025-09,Colombia,Corporativo,Mala experiencia de soporte,7,584.17
2025-09,Colombia,Corporativo,No logró implementar,3,355.57
2025-09,Colombia,Corporativo,Cambió de contador,2,254.44
2025-09,Colombia,Corporativo,Funcionalidad faltante,1,218.56
2025-09,Colombia,Corporativo,Otro / sin motivo registrado,1,159.84
2025-09,Colombia,Siigo POS,Cerró o quebró el negocio,54,952.03
2025-09,Colombia,Siigo POS,Precio / ajuste anual,38,764.03
2025-09,Colombia,Siigo POS,Se fue a la competencia,24,588.02
2025-09,Colombia,Siigo POS,Mala experiencia de soporte,37,716.35
2025-09,Colombia,Siigo POS,No logró implementar,24,436.02
2025-09,Colombia,Siigo POS,Cambió de contador,14,312.01
2025-09,Colombia,Siigo POS,Funcionalidad faltante,13,268.01
2025-09,Colombia,Siigo POS,Otro / sin motivo registrado,9,196.01
2025-09,Colombia,POS Gastrobar,Cerró o quebró el negocio,30,758.0
2025-09,Colombia,POS Gastrobar,Precio / ajuste anual,23,608.31
2025-09,Colombia,POS Gastrobar,Se fue a la competencia,17,468.18
2025-09,Colombia,POS Gastrobar,Mala experiencia de soporte,20,570.35
2025-09,Colombia,POS Gastrobar,No logró implementar,14,347.15
2025-09,Colombia,POS Gastrobar,Cambió de contador,8,248.42
2025-09,Colombia,POS Gastrobar,Funcionalidad faltante,8,213.39
2025-09,Colombia,POS Gastrobar,Otro / sin motivo registrado,5,156.06
2025-10,Colombia,Siigo Contador,Cerró o quebró el negocio,50,0.0
2025-10,Colombia,Siigo Contador,Precio / ajuste anual,41,0.0
2025-10,Colombia,Siigo Contador,Se fue a la competencia,33,0.0
2025-10,Colombia,Siigo Contador,Mala experiencia de soporte,27,0.0
2025-10,Colombia,Siigo Contador,No logró implementar,21,0.0
2025-10,Colombia,Siigo Contador,Cambió de contador,16,0.0
2025-10,Colombia,Siigo Contador,Funcionalidad faltante,16,0.0
2025-10,Colombia,Siigo Contador,Otro / sin motivo registrado,9,0.0
2025-10,Colombia,Profesional Independiente,Cerró o quebró el negocio,165,5144.35
2025-10,Colombia,Profesional Independiente,Precio / ajuste anual,132,4128.45
2025-10,Colombia,Profesional Independiente,Se fue a la competencia,86,3177.39
2025-10,Colombia,Profesional Independiente,Mala experiencia de soporte,67,2615.4
2025-10,Colombia,Profesional Independiente,No logró implementar,59,2356.02
2025-10,Colombia,Profesional Independiente,Cambió de contador,44,1685.96
2025-10,Colombia,Profesional Independiente,Funcionalidad faltante,39,1448.2
2025-10,Colombia,Profesional Independiente,Otro / sin motivo registrado,28,1059.13
2025-10,Colombia,Emprendedor,Cerró o quebró el negocio,116,5496.66
2025-10,Colombia,Emprendedor,Precio / ajuste anual,92,4411.19
2025-10,Colombia,Emprendedor,Se fue a la competencia,81,3395.0
2025-10,Colombia,Emprendedor,Mala experiencia de soporte,53,2794.52
2025-10,Colombia,Emprendedor,No logró implementar,53,2517.38
2025-10,Colombia,Emprendedor,Cambió de contador,45,1801.43
2025-10,Colombia,Emprendedor,Funcionalidad faltante,34,1547.38
2025-10,Colombia,Emprendedor,Otro / sin motivo registrado,26,1131.67
2025-10,Colombia,Premium,Cerró o quebró el negocio,38,2273.93
2025-10,Colombia,Premium,Precio / ajuste anual,40,1824.88
2025-10,Colombia,Premium,Se fue a la competencia,24,1404.49
2025-10,Colombia,Premium,Mala experiencia de soporte,23,1156.07
2025-10,Colombia,Premium,No logró implementar,20,1041.42
2025-10,Colombia,Premium,Cambió de contador,15,745.24
2025-10,Colombia,Premium,Funcionalidad faltante,10,640.14
2025-10,Colombia,Premium,Otro / sin motivo registrado,8,468.16
2025-10,Colombia,Corporativo,Cerró o quebró el negocio,9,839.1
2025-10,Colombia,Corporativo,Precio / ajuste anual,6,673.4
2025-10,Colombia,Corporativo,Se fue a la competencia,5,518.27
2025-10,Colombia,Corporativo,Mala experiencia de soporte,4,426.6
2025-10,Colombia,Corporativo,No logró implementar,4,384.3
2025-10,Colombia,Corporativo,Cambió de contador,3,275.0
2025-10,Colombia,Corporativo,Funcionalidad faltante,1,236.22
2025-10,Colombia,Corporativo,Otro / sin motivo registrado,1,172.76
2025-10,Colombia,Siigo POS,Cerró o quebró el negocio,47,1044.08
2025-10,Colombia,Siigo POS,Precio / ajuste anual,42,837.9
2025-10,Colombia,Siigo POS,Se fue a la competencia,26,644.88
2025-10,Colombia,Siigo POS,Mala experiencia de soporte,24,530.82
2025-10,Colombia,Siigo POS,No logró implementar,24,478.17
2025-10,Colombia,Siigo POS,Cambió de contador,16,342.18
2025-10,Colombia,Siigo POS,Funcionalidad faltante,13,293.92
2025-10,Colombia,Siigo POS,Otro / sin motivo registrado,8,214.96
2025-10,Colombia,POS Gastrobar,Cerró o quebró el negocio,23,664.19
2025-10,Colombia,POS Gastrobar,Precio / ajuste anual,16,533.03
2025-10,Colombia,POS Gastrobar,Se fue a la competencia,13,410.24
2025-10,Colombia,POS Gastrobar,Mala experiencia de soporte,11,337.68
2025-10,Colombia,POS Gastrobar,No logró implementar,10,304.19
2025-10,Colombia,POS Gastrobar,Cambió de contador,6,217.68
2025-10,Colombia,POS Gastrobar,Funcionalidad faltante,5,186.98
2025-10,Colombia,POS Gastrobar,Otro / sin motivo registrado,4,136.75
2025-11,Colombia,Siigo Contador,Cerró o quebró el negocio,53,0.0
2025-11,Colombia,Siigo Contador,Precio / ajuste anual,49,0.0
2025-11,Colombia,Siigo Contador,Se fue a la competencia,39,0.0
2025-11,Colombia,Siigo Contador,Mala experiencia de soporte,25,0.0
2025-11,Colombia,Siigo Contador,No logró implementar,27,0.0
2025-11,Colombia,Siigo Contador,Cambió de contador,18,0.0
2025-11,Colombia,Siigo Contador,Funcionalidad faltante,18,0.0
2025-11,Colombia,Siigo Contador,Otro / sin motivo registrado,11,0.0
2025-11,Colombia,Profesional Independiente,Cerró o quebró el negocio,153,5474.3
2025-11,Colombia,Profesional Independiente,Precio / ajuste anual,145,4393.24
2025-11,Colombia,Profesional Independiente,Se fue a la competencia,114,3381.19
2025-11,Colombia,Profesional Independiente,Mala experiencia de soporte,64,2783.15
2025-11,Colombia,Profesional Independiente,No logró implementar,69,2507.14
2025-11,Colombia,Profesional Independiente,Cambió de contador,54,1794.1
2025-11,Colombia,Profesional Independiente,Funcionalidad faltante,46,1541.08
2025-11,Colombia,Profesional Independiente,Otro / sin motivo registrado,29,1127.06
2025-11,Colombia,Emprendedor,Cerró o quebró el negocio,137,5062.84
2025-11,Colombia,Emprendedor,Precio / ajuste anual,77,4063.04
2025-11,Colombia,Emprendedor,Se fue a la competencia,69,3127.05
2025-11,Colombia,Emprendedor,Mala experiencia de soporte,64,2573.97
2025-11,Colombia,Emprendedor,No logró implementar,53,2318.7
2025-11,Colombia,Emprendedor,Cambió de contador,35,1659.25
2025-11,Colombia,Emprendedor,Funcionalidad faltante,30,1425.25
2025-11,Colombia,Emprendedor,Otro / sin motivo registrado,23,1042.35
2025-11,Colombia,Premium,Cerró o quebró el negocio,68,2765.85
2025-11,Colombia,Premium,Precio / ajuste anual,35,2219.65
2025-11,Colombia,Premium,Se fue a la competencia,33,1708.32
2025-11,Colombia,Premium,Mala experiencia de soporte,25,1406.17
2025-11,Colombia,Premium,No logró implementar,23,1266.71
2025-11,Colombia,Premium,Cambió de contador,14,906.45
2025-11,Colombia,Premium,Funcionalidad faltante,17,778.62
2025-11,Colombia,Premium,Otro / sin motivo registrado,9,569.44
2025-11,Colombia,Corporativo,Cerró o quebró el negocio,8,806.94
2025-11,Colombia,Corporativo,Precio / ajuste anual,7,647.58
2025-11,Colombia,Corporativo,Se fue a la competencia,4,498.4
2025-11,Colombia,Corporativo,Mala experiencia de soporte,4,410.25
2025-11,Colombia,Corporativo,No logró implementar,3,369.56
2025-11,Colombia,Corporativo,Cambió de contador,2,264.46
2025-11,Colombia,Corporativo,Funcionalidad faltante,2,227.16
2025-11,Colombia,Corporativo,Otro / sin motivo registrado,1,166.13
2025-11,Colombia,Siigo POS,Cerró o quebró el negocio,42,966.32
2025-11,Colombia,Siigo POS,Precio / ajuste anual,33,775.49
2025-11,Colombia,Siigo POS,Se fue a la competencia,31,596.85
2025-11,Colombia,Siigo POS,Mala experiencia de soporte,22,491.28
2025-11,Colombia,Siigo POS,No logró implementar,20,442.56
2025-11,Colombia,Siigo POS,Cambió de contador,15,316.69
2025-11,Colombia,Siigo POS,Funcionalidad faltante,11,272.03
2025-11,Colombia,Siigo POS,Otro / sin motivo registrado,10,198.95
2025-11,Colombia,POS Gastrobar,Cerró o quebró el negocio,31,790.23
2025-11,Colombia,POS Gastrobar,Precio / ajuste anual,23,634.18
2025-11,Colombia,POS Gastrobar,Se fue a la competencia,19,488.08
2025-11,Colombia,POS Gastrobar,Mala experiencia de soporte,13,401.76
2025-11,Colombia,POS Gastrobar,No logró implementar,12,361.91
2025-11,Colombia,POS Gastrobar,Cambió de contador,7,258.98
2025-11,Colombia,POS Gastrobar,Funcionalidad faltante,7,222.46
2025-11,Colombia,POS Gastrobar,Otro / sin motivo registrado,5,162.69
2025-12,Colombia,Siigo Contador,Cerró o quebró el negocio,59,0.0
2025-12,Colombia,Siigo Contador,Precio / ajuste anual,53,0.0
2025-12,Colombia,Siigo Contador,Se fue a la competencia,40,0.0
2025-12,Colombia,Siigo Contador,Mala experiencia de soporte,36,0.0
2025-12,Colombia,Siigo Contador,No logró implementar,34,0.0
2025-12,Colombia,Siigo Contador,Cambió de contador,24,0.0
2025-12,Colombia,Siigo Contador,Funcionalidad faltante,20,0.0
2025-12,Colombia,Siigo Contador,Otro / sin motivo registrado,13,0.0
2025-12,Colombia,Profesional Independiente,Cerró o quebró el negocio,177,6332.72
2025-12,Colombia,Profesional Independiente,Precio / ajuste anual,132,5082.14
2025-12,Colombia,Profesional Independiente,Se fue a la competencia,100,3911.38
2025-12,Colombia,Profesional Independiente,Mala experiencia de soporte,112,3219.57
2025-12,Colombia,Profesional Independiente,No logró implementar,84,2900.28
2025-12,Colombia,Profesional Independiente,Cambió de contador,58,2075.43
2025-12,Colombia,Profesional Independiente,Funcionalidad faltante,55,1782.74
2025-12,Colombia,Profesional Independiente,Otro / sin motivo registrado,35,1303.79
2025-12,Colombia,Emprendedor,Cerró o quebró el negocio,175,6586.61
2025-12,Colombia,Emprendedor,Precio / ajuste anual,99,5285.89
2025-12,Colombia,Emprendedor,Se fue a la competencia,77,4068.2
2025-12,Colombia,Emprendedor,Mala experiencia de soporte,64,3348.65
2025-12,Colombia,Emprendedor,No logró implementar,72,3016.56
2025-12,Colombia,Emprendedor,Cambió de contador,52,2158.64
2025-12,Colombia,Emprendedor,Funcionalidad faltante,47,1854.21
2025-12,Colombia,Emprendedor,Otro / sin motivo registrado,33,1356.07
2025-12,Colombia,Premium,Cerró o quebró el negocio,51,2711.09
2025-12,Colombia,Premium,Precio / ajuste anual,45,2175.7
2025-12,Colombia,Premium,Se fue a la competencia,34,1674.49
2025-12,Colombia,Premium,Mala experiencia de soporte,23,1378.33
2025-12,Colombia,Premium,No logró implementar,21,1241.63
2025-12,Colombia,Premium,Cambió de contador,16,888.51
2025-12,Colombia,Premium,Funcionalidad faltante,15,763.21
2025-12,Colombia,Premium,Otro / sin motivo registrado,9,558.16
2025-12,Colombia,Corporativo,Cerró o quebró el negocio,7,941.67
2025-12,Colombia,Corporativo,Precio / ajuste anual,6,755.71
2025-12,Colombia,Corporativo,Se fue a la competencia,4,581.62
2025-12,Colombia,Corporativo,Mala experiencia de soporte,5,478.75
2025-12,Colombia,Corporativo,No logró implementar,3,431.27
2025-12,Colombia,Corporativo,Cambió de contador,3,308.61
2025-12,Colombia,Corporativo,Funcionalidad faltante,3,265.09
2025-12,Colombia,Corporativo,Otro / sin motivo registrado,1,193.87
2025-12,Colombia,Siigo POS,Cerró o quebró el negocio,49,1219.72
2025-12,Colombia,Siigo POS,Precio / ajuste anual,45,978.85
2025-12,Colombia,Siigo POS,Se fue a la competencia,29,753.35
2025-12,Colombia,Siigo POS,Mala experiencia de soporte,29,620.11
2025-12,Colombia,Siigo POS,No logró implementar,20,558.61
2025-12,Colombia,Siigo POS,Cambió de contador,20,399.74
2025-12,Colombia,Siigo POS,Funcionalidad faltante,16,343.37
2025-12,Colombia,Siigo POS,Otro / sin motivo registrado,13,251.12
2025-12,Colombia,POS Gastrobar,Cerró o quebró el negocio,31,914.73
2025-12,Colombia,POS Gastrobar,Precio / ajuste anual,25,734.09
2025-12,Colombia,POS Gastrobar,Se fue a la competencia,19,564.98
2025-12,Colombia,POS Gastrobar,Mala experiencia de soporte,16,465.05
2025-12,Colombia,POS Gastrobar,No logró implementar,12,418.93
2025-12,Colombia,POS Gastrobar,Cambió de contador,9,299.78
2025-12,Colombia,POS Gastrobar,Funcionalidad faltante,9,257.51
2025-12,Colombia,POS Gastrobar,Otro / sin motivo registrado,7,188.33
2026-01,Colombia,Siigo Contador,Cerró o quebró el negocio,72,0.0
2026-01,Colombia,Siigo Contador,Precio / ajuste anual,104,0.0
2026-01,Colombia,Siigo Contador,Se fue a la competencia,38,0.0
2026-01,Colombia,Siigo Contador,Mala experiencia de soporte,45,0.0
2026-01,Colombia,Siigo Contador,No logró implementar,46,0.0
2026-01,Colombia,Siigo Contador,Cambió de contador,31,0.0
2026-01,Colombia,Siigo Contador,Funcionalidad faltante,24,0.0
2026-01,Colombia,Siigo Contador,Otro / sin motivo registrado,16,0.0
2026-01,Colombia,Profesional Independiente,Cerró o quebró el negocio,185,6131.16
2026-01,Colombia,Profesional Independiente,Precio / ajuste anual,202,8020.23
2026-01,Colombia,Profesional Independiente,Se fue a la competencia,120,3786.89
2026-01,Colombia,Profesional Independiente,Mala experiencia de soporte,93,3117.1
2026-01,Colombia,Profesional Independiente,No logró implementar,78,2807.97
2026-01,Colombia,Profesional Independiente,Cambió de contador,56,2009.37
2026-01,Colombia,Profesional Independiente,Funcionalidad faltante,46,1726.0
2026-01,Colombia,Profesional Independiente,Otro / sin motivo registrado,30,1262.3
2026-01,Colombia,Emprendedor,Cerró o quebró el negocio,115,6331.47
2026-01,Colombia,Emprendedor,Precio / ajuste anual,186,8282.25
2026-01,Colombia,Emprendedor,Se fue a la competencia,82,3910.61
2026-01,Colombia,Emprendedor,Mala experiencia de soporte,69,3218.94
2026-01,Colombia,Emprendedor,No logró implementar,63,2899.71
2026-01,Colombia,Emprendedor,Cambió de contador,40,2075.02
2026-01,Colombia,Emprendedor,Funcionalidad faltante,42,1782.39
2026-01,Colombia,Emprendedor,Otro / sin motivo registrado,33,1303.54
2026-01,Colombia,Premium,Cerró o quebró el negocio,63,3153.31
2026-01,Colombia,Premium,Precio / ajuste anual,88,4124.88
2026-01,Colombia,Premium,Se fue a la competencia,32,1947.64
2026-01,Colombia,Premium,Mala experiencia de soporte,39,1603.16
2026-01,Colombia,Premium,No logró implementar,23,1444.16
2026-01,Colombia,Premium,Cambió de contador,20,1033.44
2026-01,Colombia,Premium,Funcionalidad faltante,21,887.7
2026-01,Colombia,Premium,Otro / sin motivo registrado,13,649.21
2026-01,Colombia,Corporativo,Cerró o quebró el negocio,11,1072.35
2026-01,Colombia,Corporativo,Precio / ajuste anual,13,1402.75
2026-01,Colombia,Corporativo,Se fue a la competencia,5,662.33
2026-01,Colombia,Corporativo,Mala experiencia de soporte,5,545.19
2026-01,Colombia,Corporativo,No logró implementar,4,491.12
2026-01,Colombia,Corporativo,Cambió de contador,4,351.44
2026-01,Colombia,Corporativo,Funcionalidad faltante,3,301.88
2026-01,Colombia,Corporativo,Otro / sin motivo registrado,2,220.78
2026-01,Colombia,Siigo POS,Cerró o quebró el negocio,47,1279.38
2026-01,Colombia,Siigo POS,Precio / ajuste anual,75,1673.57
2026-01,Colombia,Siigo POS,Se fue a la competencia,38,790.2
2026-01,Colombia,Siigo POS,Mala experiencia de soporte,30,650.44
2026-01,Colombia,Siigo POS,No logró implementar,29,585.93
2026-01,Colombia,Siigo POS,Cambió de contador,20,419.29
2026-01,Colombia,Siigo POS,Funcionalidad faltante,14,360.16
2026-01,Colombia,Siigo POS,Otro / sin motivo registrado,13,263.4
2026-01,Colombia,POS Gastrobar,Cerró o quebró el negocio,34,1007.87
2026-01,Colombia,POS Gastrobar,Precio / ajuste anual,52,1318.4
2026-01,Colombia,POS Gastrobar,Se fue a la competencia,21,622.51
2026-01,Colombia,POS Gastrobar,Mala experiencia de soporte,21,512.4
2026-01,Colombia,POS Gastrobar,No logró implementar,17,461.59
2026-01,Colombia,POS Gastrobar,Cambió de contador,11,330.31
2026-01,Colombia,POS Gastrobar,Funcionalidad faltante,9,283.73
2026-01,Colombia,POS Gastrobar,Otro / sin motivo registrado,7,207.5
2026-02,Colombia,Siigo Contador,Cerró o quebró el negocio,65,0.0
2026-02,Colombia,Siigo Contador,Precio / ajuste anual,83,0.0
2026-02,Colombia,Siigo Contador,Se fue a la competencia,44,0.0
2026-02,Colombia,Siigo Contador,Mala experiencia de soporte,33,0.0
2026-02,Colombia,Siigo Contador,No logró implementar,28,0.0
2026-02,Colombia,Siigo Contador,Cambió de contador,21,0.0
2026-02,Colombia,Siigo Contador,Funcionalidad faltante,17,0.0
2026-02,Colombia,Siigo Contador,Otro / sin motivo registrado,15,0.0
2026-02,Colombia,Profesional Independiente,Cerró o quebró el negocio,139,6010.64
2026-02,Colombia,Profesional Independiente,Precio / ajuste anual,210,7862.57
2026-02,Colombia,Profesional Independiente,Se fue a la competencia,96,3712.45
2026-02,Colombia,Profesional Independiente,Mala experiencia de soporte,79,3055.83
2026-02,Colombia,Profesional Independiente,No logró implementar,60,2752.77
2026-02,Colombia,Profesional Independiente,Cambió de contador,44,1969.87
2026-02,Colombia,Profesional Independiente,Funcionalidad faltante,44,1692.07
2026-02,Colombia,Profesional Independiente,Otro / sin motivo registrado,32,1237.48
2026-02,Colombia,Emprendedor,Cerró o quebró el negocio,133,5751.53
2026-02,Colombia,Emprendedor,Precio / ajuste anual,154,7523.63
2026-02,Colombia,Emprendedor,Se fue a la competencia,67,3552.42
2026-02,Colombia,Emprendedor,Mala experiencia de soporte,52,2924.1
2026-02,Colombia,Emprendedor,No logró implementar,50,2634.1
2026-02,Colombia,Emprendedor,Cambió de contador,30,1884.96
2026-02,Colombia,Emprendedor,Funcionalidad faltante,32,1619.13
2026-02,Colombia,Emprendedor,Otro / sin motivo registrado,25,1184.14
2026-02,Colombia,Premium,Cerró o quebró el negocio,42,2624.6
2026-02,Colombia,Premium,Precio / ajuste anual,55,3433.27
2026-02,Colombia,Premium,Se fue a la competencia,29,1621.08
2026-02,Colombia,Premium,Mala experiencia de soporte,29,1334.36
2026-02,Colombia,Premium,No logró implementar,23,1202.02
2026-02,Colombia,Premium,Cambió de contador,16,860.16
2026-02,Colombia,Premium,Funcionalidad faltante,13,738.86
2026-02,Colombia,Premium,Otro / sin motivo registrado,11,540.36
2026-02,Colombia,Corporativo,Cerró o quebró el negocio,7,828.09
2026-02,Colombia,Corporativo,Precio / ajuste anual,11,1083.23
2026-02,Colombia,Corporativo,Se fue a la competencia,5,511.46
2026-02,Colombia,Corporativo,Mala experiencia de soporte,4,421.0
2026-02,Colombia,Corporativo,No logró implementar,3,379.25
2026-02,Colombia,Corporativo,Cambió de contador,2,271.39
2026-02,Colombia,Corporativo,Funcionalidad faltante,2,233.12
2026-02,Colombia,Corporativo,Otro / sin motivo registrado,1,170.49
2026-02,Colombia,Siigo POS,Cerró o quebró el negocio,44,1186.53
2026-02,Colombia,Siigo POS,Precio / ajuste anual,74,1552.1
2026-02,Colombia,Siigo POS,Se fue a la competencia,32,732.85
2026-02,Colombia,Siigo POS,Mala experiencia de soporte,19,603.23
2026-02,Colombia,Siigo POS,No logró implementar,20,543.41
2026-02,Colombia,Siigo POS,Cambió de contador,17,388.86
2026-02,Colombia,Siigo POS,Funcionalidad faltante,15,334.02
2026-02,Colombia,Siigo POS,Otro / sin motivo registrado,10,244.28
2026-02,Colombia,POS Gastrobar,Cerró o quebró el negocio,27,842.6
2026-02,Colombia,POS Gastrobar,Precio / ajuste anual,34,1102.21
2026-02,Colombia,POS Gastrobar,Se fue a la competencia,19,520.43
2026-02,Colombia,POS Gastrobar,Mala experiencia de soporte,13,428.38
2026-02,Colombia,POS Gastrobar,No logró implementar,14,385.9
2026-02,Colombia,POS Gastrobar,Cambió de contador,8,276.15
2026-02,Colombia,POS Gastrobar,Funcionalidad faltante,9,237.2
2026-02,Colombia,POS Gastrobar,Otro / sin motivo registrado,6,173.48
2026-03,Colombia,Siigo Contador,Cerró o quebró el negocio,67,0.0
2026-03,Colombia,Siigo Contador,Precio / ajuste anual,51,0.0
2026-03,Colombia,Siigo Contador,Se fue a la competencia,39,0.0
2026-03,Colombia,Siigo Contador,Mala experiencia de soporte,51,0.0
2026-03,Colombia,Siigo Contador,No logró implementar,26,0.0
2026-03,Colombia,Siigo Contador,Cambió de contador,24,0.0
2026-03,Colombia,Siigo Contador,Funcionalidad faltante,21,0.0
2026-03,Colombia,Siigo Contador,Otro / sin motivo registrado,10,0.0
2026-03,Colombia,Profesional Independiente,Cerró o quebró el negocio,188,6641.33
2026-03,Colombia,Profesional Independiente,Precio / ajuste anual,142,5329.81
2026-03,Colombia,Profesional Independiente,Se fue a la competencia,104,4102.0
2026-03,Colombia,Profesional Independiente,Mala experiencia de soporte,133,4997.18
2026-03,Colombia,Profesional Independiente,No logró implementar,89,3041.62
2026-03,Colombia,Profesional Independiente,Cambió de contador,52,2176.57
2026-03,Colombia,Profesional Independiente,Funcionalidad faltante,51,1869.62
2026-03,Colombia,Profesional Independiente,Otro / sin motivo registrado,34,1367.33
2026-03,Colombia,Emprendedor,Cerró o quebró el negocio,118,5188.14
2026-03,Colombia,Emprendedor,Precio / ajuste anual,82,4163.59
2026-03,Colombia,Emprendedor,Se fue a la competencia,45,3204.44
2026-03,Colombia,Emprendedor,Mala experiencia de soporte,71,3903.75
2026-03,Colombia,Emprendedor,No logró implementar,45,2376.08
2026-03,Colombia,Emprendedor,Cambió de contador,35,1700.32
2026-03,Colombia,Emprendedor,Funcionalidad faltante,27,1460.53
2026-03,Colombia,Emprendedor,Otro / sin motivo registrado,23,1068.15
2026-03,Colombia,Premium,Cerró o quebró el negocio,47,2758.11
2026-03,Colombia,Premium,Precio / ajuste anual,38,2213.44
2026-03,Colombia,Premium,Se fue a la competencia,31,1703.54
2026-03,Colombia,Premium,Mala experiencia de soporte,37,2075.3
2026-03,Colombia,Premium,No logró implementar,22,1263.17
2026-03,Colombia,Premium,Cambió de contador,14,903.92
2026-03,Colombia,Premium,Funcionalidad faltante,14,776.44
2026-03,Colombia,Premium,Otro / sin motivo registrado,10,567.85
2026-03,Colombia,Corporativo,Cerró o quebró el negocio,8,889.2
2026-03,Colombia,Corporativo,Precio / ajuste anual,7,713.6
2026-03,Colombia,Corporativo,Se fue a la competencia,4,549.21
2026-03,Colombia,Corporativo,Mala experiencia de soporte,7,669.07
2026-03,Colombia,Corporativo,No logró implementar,3,407.24
2026-03,Colombia,Corporativo,Cambió de contador,2,291.42
2026-03,Colombia,Corporativo,Funcionalidad faltante,2,250.32
2026-03,Colombia,Corporativo,Otro / sin motivo registrado,2,183.07
2026-03,Colombia,Siigo POS,Cerró o quebró el negocio,49,1120.01
2026-03,Colombia,Siigo POS,Precio / ajuste anual,44,898.83
2026-03,Colombia,Siigo POS,Se fue a la competencia,28,691.77
2026-03,Colombia,Siigo POS,Mala experiencia de soporte,41,842.73
2026-03,Colombia,Siigo POS,No logró implementar,22,512.94
2026-03,Colombia,Siigo POS,Cambió de contador,14,367.06
2026-03,Colombia,Siigo POS,Funcionalidad faltante,11,315.3
2026-03,Colombia,Siigo POS,Otro / sin motivo registrado,11,230.59
2026-03,Colombia,POS Gastrobar,Cerró o quebró el negocio,34,913.21
2026-03,Colombia,POS Gastrobar,Precio / ajuste anual,23,732.87
2026-03,Colombia,POS Gastrobar,Se fue a la competencia,17,564.04
2026-03,Colombia,POS Gastrobar,Mala experiencia de soporte,21,687.14
2026-03,Colombia,POS Gastrobar,No logró implementar,11,418.24
2026-03,Colombia,POS Gastrobar,Cambió de contador,10,299.29
2026-03,Colombia,POS Gastrobar,Funcionalidad faltante,8,257.08
2026-03,Colombia,POS Gastrobar,Otro / sin motivo registrado,7,188.01
2026-04,Colombia,Siigo Contador,Cerró o quebró el negocio,62,0.0
2026-04,Colombia,Siigo Contador,Precio / ajuste anual,44,0.0
2026-04,Colombia,Siigo Contador,Se fue a la competencia,28,0.0
2026-04,Colombia,Siigo Contador,Mala experiencia de soporte,48,0.0
2026-04,Colombia,Siigo Contador,No logró implementar,36,0.0
2026-04,Colombia,Siigo Contador,Cambió de contador,20,0.0
2026-04,Colombia,Siigo Contador,Funcionalidad faltante,14,0.0
2026-04,Colombia,Siigo Contador,Otro / sin motivo registrado,11,0.0
2026-04,Colombia,Profesional Independiente,Cerró o quebró el negocio,186,6409.73
2026-04,Colombia,Profesional Independiente,Precio / ajuste anual,133,5143.94
2026-04,Colombia,Profesional Independiente,Se fue a la competencia,105,3958.95
2026-04,Colombia,Profesional Independiente,Mala experiencia de soporte,113,4822.92
2026-04,Colombia,Profesional Independiente,No logró implementar,76,2935.55
2026-04,Colombia,Profesional Independiente,Cambió de contador,64,2100.67
2026-04,Colombia,Profesional Independiente,Funcionalidad faltante,55,1804.42
2026-04,Colombia,Profesional Independiente,Otro / sin motivo registrado,29,1319.65
2026-04,Colombia,Emprendedor,Cerró o quebró el negocio,110,6139.7
2026-04,Colombia,Emprendedor,Precio / ajuste anual,104,4927.24
2026-04,Colombia,Emprendedor,Se fue a la competencia,73,3792.17
2026-04,Colombia,Emprendedor,Mala experiencia de soporte,74,4619.74
2026-04,Colombia,Emprendedor,No logró implementar,44,2811.88
2026-04,Colombia,Emprendedor,Cambió de contador,34,2012.17
2026-04,Colombia,Emprendedor,Funcionalidad faltante,31,1728.4
2026-04,Colombia,Emprendedor,Otro / sin motivo registrado,27,1264.06
2026-04,Colombia,Premium,Cerró o quebró el negocio,48,2756.35
2026-04,Colombia,Premium,Precio / ajuste anual,47,2212.03
2026-04,Colombia,Premium,Se fue a la competencia,29,1702.45
2026-04,Colombia,Premium,Mala experiencia de soporte,38,2073.98
2026-04,Colombia,Premium,No logró implementar,19,1262.36
2026-04,Colombia,Premium,Cambió de contador,16,903.34
2026-04,Colombia,Premium,Funcionalidad faltante,11,775.95
2026-04,Colombia,Premium,Otro / sin motivo registrado,10,567.48
2026-04,Colombia,Corporativo,Cerró o quebró el negocio,9,972.4
2026-04,Colombia,Corporativo,Precio / ajuste anual,7,780.37
2026-04,Colombia,Corporativo,Se fue a la competencia,5,600.6
2026-04,Colombia,Corporativo,Mala experiencia de soporte,7,731.67
2026-04,Colombia,Corporativo,No logró implementar,4,445.34
2026-04,Colombia,Corporativo,Cambió de contador,3,318.69
2026-04,Colombia,Corporativo,Funcionalidad faltante,2,273.74
2026-04,Colombia,Corporativo,Otro / sin motivo registrado,1,200.2
2026-04,Colombia,Siigo POS,Cerró o quebró el negocio,37,1013.26
2026-04,Colombia,Siigo POS,Precio / ajuste anual,36,813.16
2026-04,Colombia,Siigo POS,Se fue a la competencia,22,625.83
2026-04,Colombia,Siigo POS,Mala experiencia de soporte,31,762.41
2026-04,Colombia,Siigo POS,No logró implementar,22,464.05
2026-04,Colombia,Siigo POS,Cambió de contador,12,332.08
2026-04,Colombia,Siigo POS,Funcionalidad faltante,12,285.24
2026-04,Colombia,Siigo POS,Otro / sin motivo registrado,9,208.61
2026-04,Colombia,POS Gastrobar,Cerró o quebró el negocio,29,856.57
2026-04,Colombia,POS Gastrobar,Precio / ajuste anual,23,687.41
2026-04,Colombia,POS Gastrobar,Se fue a la competencia,18,529.06
2026-04,Colombia,POS Gastrobar,Mala experiencia de soporte,19,644.51
2026-04,Colombia,POS Gastrobar,No logró implementar,11,392.29
2026-04,Colombia,POS Gastrobar,Cambió de contador,9,280.72
2026-04,Colombia,POS Gastrobar,Funcionalidad faltante,8,241.14
2026-04,Colombia,POS Gastrobar,Otro / sin motivo registrado,6,176.35
2026-05,Colombia,Siigo Contador,Cerró o quebró el negocio,68,0.0
2026-05,Colombia,Siigo Contador,Precio / ajuste anual,39,0.0
2026-05,Colombia,Siigo Contador,Se fue a la competencia,38,0.0
2026-05,Colombia,Siigo Contador,Mala experiencia de soporte,47,0.0
2026-05,Colombia,Siigo Contador,No logró implementar,36,0.0
2026-05,Colombia,Siigo Contador,Cambió de contador,17,0.0
2026-05,Colombia,Siigo Contador,Funcionalidad faltante,17,0.0
2026-05,Colombia,Siigo Contador,Otro / sin motivo registrado,13,0.0
2026-05,Colombia,Profesional Independiente,Cerró o quebró el negocio,134,5741.28
2026-05,Colombia,Profesional Independiente,Precio / ajuste anual,115,4607.5
2026-05,Colombia,Profesional Independiente,Se fue a la competencia,96,3546.08
2026-05,Colombia,Profesional Independiente,Mala experiencia de soporte,103,4319.95
2026-05,Colombia,Profesional Independiente,No logró implementar,66,2629.41
2026-05,Colombia,Profesional Independiente,Cambió de contador,47,1881.6
2026-05,Colombia,Profesional Independiente,Funcionalidad faltante,40,1616.24
2026-05,Colombia,Profesional Independiente,Otro / sin motivo registrado,34,1182.03
2026-05,Colombia,Emprendedor,Cerró o quebró el negocio,113,6263.42
2026-05,Colombia,Emprendedor,Precio / ajuste anual,94,5026.53
2026-05,Colombia,Emprendedor,Se fue a la competencia,91,3868.58
2026-05,Colombia,Emprendedor,Mala experiencia de soporte,87,4712.83
2026-05,Colombia,Emprendedor,No logró implementar,45,2868.54
2026-05,Colombia,Emprendedor,Cambió de contador,35,2052.72
2026-05,Colombia,Emprendedor,Funcionalidad faltante,32,1763.23
2026-05,Colombia,Emprendedor,Otro / sin motivo registrado,21,1289.53
2026-05,Colombia,Premium,Cerró o quebró el negocio,49,2800.24
2026-05,Colombia,Premium,Precio / ajuste anual,36,2247.25
2026-05,Colombia,Premium,Se fue a la competencia,31,1729.56
2026-05,Colombia,Premium,Mala experiencia de soporte,39,2107.0
2026-05,Colombia,Premium,No logró implementar,24,1282.46
2026-05,Colombia,Premium,Cambió de contador,15,917.73
2026-05,Colombia,Premium,Funcionalidad faltante,11,788.3
2026-05,Colombia,Premium,Otro / sin motivo registrado,10,576.52
2026-05,Colombia,Corporativo,Cerró o quebró el negocio,9,904.06
2026-05,Colombia,Corporativo,Precio / ajuste anual,10,725.53
2026-05,Colombia,Corporativo,Se fue a la competencia,5,558.39
2026-05,Colombia,Corporativo,Mala experiencia de soporte,5,680.25
2026-05,Colombia,Corporativo,No logró implementar,3,414.04
2026-05,Colombia,Corporativo,Cambió de contador,2,296.29
2026-05,Colombia,Corporativo,Funcionalidad faltante,2,254.5
2026-05,Colombia,Corporativo,Otro / sin motivo registrado,1,186.13
2026-05,Colombia,Siigo POS,Cerró o quebró el negocio,46,1164.5
2026-05,Colombia,Siigo POS,Precio / ajuste anual,45,934.53
2026-05,Colombia,Siigo POS,Se fue a la competencia,31,719.25
2026-05,Colombia,Siigo POS,Mala experiencia de soporte,37,876.21
2026-05,Colombia,Siigo POS,No logró implementar,21,533.32
2026-05,Colombia,Siigo POS,Cambió de contador,14,381.64
2026-05,Colombia,Siigo POS,Funcionalidad faltante,12,327.82
2026-05,Colombia,Siigo POS,Otro / sin motivo registrado,10,239.75
2026-05,Colombia,POS Gastrobar,Cerró o quebró el negocio,28,851.58
2026-05,Colombia,POS Gastrobar,Precio / ajuste anual,23,683.41
2026-05,Colombia,POS Gastrobar,Se fue a la competencia,13,525.97
2026-05,Colombia,POS Gastrobar,Mala experiencia de soporte,17,640.76
2026-05,Colombia,POS Gastrobar,No logró implementar,12,390.01
2026-05,Colombia,POS Gastrobar,Cambió de contador,8,279.09
2026-05,Colombia,POS Gastrobar,Funcionalidad faltante,7,239.73
2026-05,Colombia,POS Gastrobar,Otro / sin motivo registrado,5,175.32
2026-06,Colombia,Siigo Contador,Cerró o quebró el negocio,54,0.0
2026-06,Colombia,Siigo Contador,Precio / ajuste anual,49,0.0
2026-06,Colombia,Siigo Contador,Se fue a la competencia,33,0.0
2026-06,Colombia,Siigo Contador,Mala experiencia de soporte,30,0.0
2026-06,Colombia,Siigo Contador,No logró implementar,29,0.0
2026-06,Colombia,Siigo Contador,Cambió de contador,18,0.0
2026-06,Colombia,Siigo Contador,Funcionalidad faltante,13,0.0
2026-06,Colombia,Siigo Contador,Otro / sin motivo registrado,13,0.0
2026-06,Colombia,Profesional Independiente,Cerró o quebró el negocio,193,6425.13
2026-06,Colombia,Profesional Independiente,Precio / ajuste anual,129,5156.3
2026-06,Colombia,Profesional Independiente,Se fue a la competencia,106,3968.46
2026-06,Colombia,Profesional Independiente,Mala experiencia de soporte,82,3266.56
2026-06,Colombia,Profesional Independiente,No logró implementar,79,2942.6
2026-06,Colombia,Profesional Independiente,Cambió de contador,58,2105.72
2026-06,Colombia,Profesional Independiente,Funcionalidad faltante,51,1808.76
2026-06,Colombia,Profesional Independiente,Otro / sin motivo registrado,38,1322.82
2026-06,Colombia,Emprendedor,Cerró o quebró el negocio,114,5821.28
2026-06,Colombia,Emprendedor,Precio / ajuste anual,91,4671.7
2026-06,Colombia,Emprendedor,Se fue a la competencia,66,3595.5
2026-06,Colombia,Emprendedor,Mala experiencia de soporte,59,2959.56
2026-06,Colombia,Emprendedor,No logró implementar,51,2666.05
2026-06,Colombia,Emprendedor,Cambió de contador,38,1907.82
2026-06,Colombia,Emprendedor,Funcionalidad faltante,29,1638.76
2026-06,Colombia,Emprendedor,Otro / sin motivo registrado,18,1198.5
2026-06,Colombia,Premium,Cerró o quebró el negocio,50,2794.77
2026-06,Colombia,Premium,Precio / ajuste anual,38,2242.86
2026-06,Colombia,Premium,Se fue a la competencia,23,1726.18
2026-06,Colombia,Premium,Mala experiencia de soporte,23,1420.87
2026-06,Colombia,Premium,No logró implementar,25,1279.96
2026-06,Colombia,Premium,Cambió de contador,15,915.93
2026-06,Colombia,Premium,Funcionalidad faltante,11,786.76
2026-06,Colombia,Premium,Otro / sin motivo registrado,8,575.39
2026-06,Colombia,Corporativo,Cerró o quebró el negocio,7,953.71
2026-06,Colombia,Corporativo,Precio / ajuste anual,5,765.37
2026-06,Colombia,Corporativo,Se fue a la competencia,5,589.06
2026-06,Colombia,Corporativo,Mala experiencia de soporte,4,484.87
2026-06,Colombia,Corporativo,No logró implementar,4,436.78
2026-06,Colombia,Corporativo,Cambió de contador,2,312.56
2026-06,Colombia,Corporativo,Funcionalidad faltante,2,268.48
2026-06,Colombia,Corporativo,Otro / sin motivo registrado,1,196.35
2026-06,Colombia,Siigo POS,Cerró o quebró el negocio,59,1211.61
2026-06,Colombia,Siigo POS,Precio / ajuste anual,36,972.34
2026-06,Colombia,Siigo POS,Se fue a la competencia,34,748.34
2026-06,Colombia,Siigo POS,Mala experiencia de soporte,29,615.98
2026-06,Colombia,Siigo POS,No logró implementar,21,554.9
2026-06,Colombia,Siigo POS,Cambió de contador,18,397.08
2026-06,Colombia,Siigo POS,Funcionalidad faltante,15,341.08
2026-06,Colombia,Siigo POS,Otro / sin motivo registrado,9,249.45
2026-06,Colombia,POS Gastrobar,Cerró o quebró el negocio,22,910.83
2026-06,Colombia,POS Gastrobar,Precio / ajuste anual,25,730.96
2026-06,Colombia,POS Gastrobar,Se fue a la competencia,19,562.57
2026-06,Colombia,POS Gastrobar,Mala experiencia de soporte,15,463.07
2026-06,Colombia,POS Gastrobar,No logró implementar,13,417.14
2026-06,Colombia,POS Gastrobar,Cambió de contador,8,298.51
2026-06,Colombia,POS Gastrobar,Funcionalidad faltante,7,256.41
2026-06,Colombia,POS Gastrobar,Otro / sin motivo registrado,6,187.52
2026-07,Colombia,Siigo Contador,Cerró o quebró el negocio,56,0.0
2026-07,Colombia,Siigo Contador,Precio / ajuste anual,52,0.0
2026-07,Colombia,Siigo Contador,Se fue a la competencia,35,0.0
2026-07,Colombia,Siigo Contador,Mala experiencia de soporte,32,0.0
2026-07,Colombia,Siigo Contador,No logró implementar,29,0.0
2026-07,Colombia,Siigo Contador,Cambió de contador,19,0.0
2026-07,Colombia,Siigo Contador,Funcionalidad faltante,19,0.0
2026-07,Colombia,Siigo Contador,Otro / sin motivo registrado,12,0.0
2026-07,Colombia,Profesional Independiente,Cerró o quebró el negocio,150,6559.5
2026-07,Colombia,Profesional Independiente,Precio / ajuste anual,123,5264.14
2026-07,Colombia,Profesional Independiente,Se fue a la competencia,104,4051.46
2026-07,Colombia,Profesional Independiente,Mala experiencia de soporte,86,3334.87
2026-07,Colombia,Profesional Independiente,No logró implementar,97,3004.14
2026-07,Colombia,Profesional Independiente,Cambió de contador,53,2149.75
2026-07,Colombia,Profesional Independiente,Funcionalidad faltante,51,1846.58
2026-07,Colombia,Profesional Independiente,Otro / sin motivo registrado,40,1350.49
2026-07,Colombia,Emprendedor,Cerró o quebró el negocio,110,6473.84
2026-07,Colombia,Emprendedor,Precio / ajuste anual,112,5195.39
2026-07,Colombia,Emprendedor,Se fue a la competencia,71,3998.55
2026-07,Colombia,Emprendedor,Mala experiencia de soporte,68,3291.32
2026-07,Colombia,Emprendedor,No logró implementar,45,2964.91
2026-07,Colombia,Emprendedor,Cambió de contador,42,2121.68
2026-07,Colombia,Emprendedor,Funcionalidad faltante,33,1822.47
2026-07,Colombia,Emprendedor,Otro / sin motivo registrado,22,1332.85
2026-07,Colombia,Premium,Cerró o quebró el negocio,62,3020.67
2026-07,Colombia,Premium,Precio / ajuste anual,42,2424.15
2026-07,Colombia,Premium,Se fue a la competencia,30,1865.71
2026-07,Colombia,Premium,Mala experiencia de soporte,28,1535.72
2026-07,Colombia,Premium,No logró implementar,25,1383.42
2026-07,Colombia,Premium,Cambió de contador,16,989.97
2026-07,Colombia,Premium,Funcionalidad faltante,14,850.36
2026-07,Colombia,Premium,Otro / sin motivo registrado,10,621.9
2026-07,Colombia,Corporativo,Cerró o quebró el negocio,8,917.0
2026-07,Colombia,Corporativo,Precio / ajuste anual,5,735.91
2026-07,Colombia,Corporativo,Se fue a la competencia,5,566.38
2026-07,Colombia,Corporativo,Mala experiencia de soporte,4,466.21
2026-07,Colombia,Corporativo,No logró implementar,3,419.97
2026-07,Colombia,Corporativo,Cambió de contador,2,300.53
2026-07,Colombia,Corporativo,Funcionalidad faltante,2,258.15
2026-07,Colombia,Corporativo,Otro / sin motivo registrado,2,188.79
2026-07,Colombia,Siigo POS,Cerró o quebró el negocio,52,1149.81
2026-07,Colombia,Siigo POS,Precio / ajuste anual,35,922.75
2026-07,Colombia,Siigo POS,Se fue a la competencia,30,710.18
2026-07,Colombia,Siigo POS,Mala experiencia de soporte,22,584.57
2026-07,Colombia,Siigo POS,No logró implementar,23,526.59
2026-07,Colombia,Siigo POS,Cambió de contador,14,376.83
2026-07,Colombia,Siigo POS,Funcionalidad faltante,15,323.69
2026-07,Colombia,Siigo POS,Otro / sin motivo registrado,8,236.73
2026-07,Colombia,POS Gastrobar,Cerró o quebró el negocio,28,883.52
2026-07,Colombia,POS Gastrobar,Precio / ajuste anual,24,709.04
2026-07,Colombia,POS Gastrobar,Se fue a la competencia,15,545.7
2026-07,Colombia,POS Gastrobar,Mala experiencia de soporte,15,449.18
2026-07,Colombia,POS Gastrobar,No logró implementar,13,404.64
2026-07,Colombia,POS Gastrobar,Cambió de contador,8,289.56
2026-07,Colombia,POS Gastrobar,Funcionalidad faltante,7,248.72
2026-07,Colombia,POS Gastrobar,Otro / sin motivo registrado,6,181.9
2026-08,Colombia,Siigo Contador,Cerró o quebró el negocio,73,0.0
2026-08,Colombia,Siigo Contador,Precio / ajuste anual,61,0.0
2026-08,Colombia,Siigo Contador,Se fue a la competencia,41,0.0
2026-08,Colombia,Siigo Contador,Mala experiencia de soporte,41,0.0
2026-08,Colombia,Siigo Contador,No logró implementar,44,0.0
2026-08,Colombia,Siigo Contador,Cambió de contador,17,0.0
2026-08,Colombia,Siigo Contador,Funcionalidad faltante,22,0.0
2026-08,Colombia,Siigo Contador,Otro / sin motivo registrado,14,0.0
2026-08,Colombia,Profesional Independiente,Cerró o quebró el negocio,173,5832.68
2026-08,Colombia,Profesional Independiente,Precio / ajuste anual,126,4680.85
2026-08,Colombia,Profesional Independiente,Se fue a la competencia,103,3602.54
2026-08,Colombia,Profesional Independiente,Mala experiencia de soporte,112,4388.72
2026-08,Colombia,Profesional Independiente,No logró implementar,73,2671.27
2026-08,Colombia,Profesional Independiente,Cambió de contador,44,1911.55
2026-08,Colombia,Profesional Independiente,Funcionalidad faltante,51,1641.97
2026-08,Colombia,Profesional Independiente,Otro / sin motivo registrado,35,1200.85
2026-08,Colombia,Emprendedor,Cerró o quebró el negocio,126,6604.4
2026-08,Colombia,Emprendedor,Precio / ajuste anual,105,5300.17
2026-08,Colombia,Emprendedor,Se fue a la competencia,86,4079.19
2026-08,Colombia,Emprendedor,Mala experiencia de soporte,102,4969.39
2026-08,Colombia,Emprendedor,No logró implementar,61,3024.7
2026-08,Colombia,Emprendedor,Cambió de contador,45,2164.47
2026-08,Colombia,Emprendedor,Funcionalidad faltante,41,1859.22
2026-08,Colombia,Emprendedor,Otro / sin motivo registrado,30,1359.73
2026-08,Colombia,Premium,Cerró o quebró el negocio,46,2821.62
2026-08,Colombia,Premium,Precio / ajuste anual,42,2264.41
2026-08,Colombia,Premium,Se fue a la competencia,34,1742.77
2026-08,Colombia,Premium,Mala experiencia de soporte,37,2123.09
2026-08,Colombia,Premium,No logró implementar,20,1292.25
2026-08,Colombia,Premium,Cambió de contador,18,924.73
2026-08,Colombia,Premium,Funcionalidad faltante,15,794.32
2026-08,Colombia,Premium,Otro / sin motivo registrado,9,580.92
2026-08,Colombia,Corporativo,Cerró o quebró el negocio,9,951.6
2026-08,Colombia,Corporativo,Precio / ajuste anual,6,763.68
2026-08,Colombia,Corporativo,Se fue a la competencia,6,587.75
2026-08,Colombia,Corporativo,Mala experiencia de soporte,6,716.02
2026-08,Colombia,Corporativo,No logró implementar,3,435.82
2026-08,Colombia,Corporativo,Cambió de contador,2,311.87
2026-08,Colombia,Corporativo,Funcionalidad faltante,2,267.89
2026-08,Colombia,Corporativo,Otro / sin motivo registrado,1,195.92
2026-08,Colombia,Siigo POS,Cerró o quebró el negocio,47,1115.95
2026-08,Colombia,Siigo POS,Precio / ajuste anual,41,895.57
2026-08,Colombia,Siigo POS,Se fue a la competencia,30,689.26
2026-08,Colombia,Siigo POS,Mala experiencia de soporte,28,839.68
2026-08,Colombia,Siigo POS,No logró implementar,22,511.09
2026-08,Colombia,Siigo POS,Cambió de contador,17,365.73
2026-08,Colombia,Siigo POS,Funcionalidad faltante,12,314.15
2026-08,Colombia,Siigo POS,Otro / sin motivo registrado,9,229.75
2026-08,Colombia,POS Gastrobar,Cerró o quebró el negocio,32,853.85
2026-08,Colombia,POS Gastrobar,Precio / ajuste anual,23,685.24
2026-08,Colombia,POS Gastrobar,Se fue a la competencia,19,527.38
2026-08,Colombia,POS Gastrobar,Mala experiencia de soporte,20,642.47
2026-08,Colombia,POS Gastrobar,No logró implementar,14,391.05
2026-08,Colombia,POS Gastrobar,Cambió de contador,12,279.83
2026-08,Colombia,POS Gastrobar,Funcionalidad faltante,8,240.37
2026-08,Colombia,POS Gastrobar,Otro / sin motivo registrado,6,175.79
2024-10,México,Siigo Contador,Cerró o quebró el negocio,24,0.0
2024-10,México,Siigo Contador,Precio / ajuste anual,19,0.0
2024-10,México,Siigo Contador,Se fue a la competencia,14,0.0
2024-10,México,Siigo Contador,Mala experiencia de soporte,9,0.0
2024-10,México,Siigo Contador,No logró implementar,9,0.0
2024-10,México,Siigo Contador,Cambió de contador,8,0.0
2024-10,México,Siigo Contador,Funcionalidad faltante,6,0.0
2024-10,México,Siigo Contador,Otro / sin motivo registrado,4,0.0
2024-10,México,Profesional Independiente,Cerró o quebró el negocio,116,4425.9
2024-10,México,Profesional Independiente,Precio / ajuste anual,115,3551.88
2024-10,México,Profesional Independiente,Se fue a la competencia,65,2733.64
2024-10,México,Profesional Independiente,Mala experiencia de soporte,51,2250.14
2024-10,México,Profesional Independiente,No logró implementar,34,2026.99
2024-10,México,Profesional Independiente,Cambió de contador,32,1450.51
2024-10,México,Profesional Independiente,Funcionalidad faltante,27,1245.95
2024-10,México,Profesional Independiente,Otro / sin motivo registrado,21,911.21
2024-10,México,Emprendedor,Cerró o quebró el negocio,83,3725.67
2024-10,México,Emprendedor,Precio / ajuste anual,59,2989.93
2024-10,México,Emprendedor,Se fue a la competencia,38,2301.15
2024-10,México,Emprendedor,Mala experiencia de soporte,42,1894.14
2024-10,México,Emprendedor,No logró implementar,31,1706.29
2024-10,México,Emprendedor,Cambió de contador,24,1221.02
2024-10,México,Emprendedor,Funcionalidad faltante,20,1048.82
2024-10,México,Emprendedor,Otro / sin motivo registrado,13,767.05
2024-10,México,Premium,Cerró o quebró el negocio,27,1624.25
2024-10,México,Premium,Precio / ajuste anual,22,1303.49
2024-10,México,Premium,Se fue a la competencia,16,1003.21
2024-10,México,Premium,Mala experiencia de soporte,16,825.77
2024-10,México,Premium,No logró implementar,12,743.88
2024-10,México,Premium,Cambió de contador,8,532.32
2024-10,México,Premium,Funcionalidad faltante,8,457.25
2024-10,México,Premium,Otro / sin motivo registrado,5,334.4
2024-10,México,Corporativo,Cerró o quebró el negocio,4,430.66
2024-10,México,Corporativo,Precio / ajuste anual,3,345.61
2024-10,México,Corporativo,Se fue a la competencia,2,266.0
2024-10,México,Corporativo,Mala experiencia de soporte,2,218.95
2024-10,México,Corporativo,No logró implementar,1,197.24
2024-10,México,Corporativo,Cambió de contador,1,141.14
2024-10,México,Corporativo,Funcionalidad faltante,1,121.24
2024-10,México,Siigo POS,Cerró o quebró el negocio,38,878.53
2024-10,México,Siigo POS,Precio / ajuste anual,25,705.04
2024-10,México,Siigo POS,Se fue a la competencia,22,542.62
2024-10,México,Siigo POS,Mala experiencia de soporte,17,446.65
2024-10,México,Siigo POS,No logró implementar,17,402.35
2024-10,México,Siigo POS,Cambió de contador,11,287.92
2024-10,México,Siigo POS,Funcionalidad faltante,10,247.32
2024-10,México,Siigo POS,Otro / sin motivo registrado,7,180.87
2024-10,México,POS Gastrobar,Cerró o quebró el negocio,21,690.48
2024-10,México,POS Gastrobar,Precio / ajuste anual,16,554.12
2024-10,México,POS Gastrobar,Se fue a la competencia,14,426.47
2024-10,México,POS Gastrobar,Mala experiencia de soporte,10,351.04
2024-10,México,POS Gastrobar,No logró implementar,9,316.23
2024-10,México,POS Gastrobar,Cambió de contador,6,226.29
2024-10,México,POS Gastrobar,Funcionalidad faltante,7,194.38
2024-10,México,POS Gastrobar,Otro / sin motivo registrado,3,142.16
2024-11,México,Siigo Contador,Cerró o quebró el negocio,21,0.0
2024-11,México,Siigo Contador,Precio / ajuste anual,21,0.0
2024-11,México,Siigo Contador,Se fue a la competencia,15,0.0
2024-11,México,Siigo Contador,Mala experiencia de soporte,14,0.0
2024-11,México,Siigo Contador,No logró implementar,12,0.0
2024-11,México,Siigo Contador,Cambió de contador,7,0.0
2024-11,México,Siigo Contador,Funcionalidad faltante,7,0.0
2024-11,México,Siigo Contador,Otro / sin motivo registrado,5,0.0
2024-11,México,Profesional Independiente,Cerró o quebró el negocio,138,5248.68
2024-11,México,Profesional Independiente,Precio / ajuste anual,116,4212.18
2024-11,México,Profesional Independiente,Se fue a la competencia,76,3241.83
2024-11,México,Profesional Independiente,Mala experiencia de soporte,75,2668.45
2024-11,México,Profesional Independiente,No logró implementar,52,2403.81
2024-11,México,Profesional Independiente,Cambió de contador,43,1720.16
2024-11,México,Profesional Independiente,Funcionalidad faltante,33,1477.57
2024-11,México,Profesional Independiente,Otro / sin motivo registrado,30,1080.61
2024-11,México,Emprendedor,Cerró o quebró el negocio,71,4052.4
2024-11,México,Emprendedor,Precio / ajuste anual,63,3252.13
2024-11,México,Emprendedor,Se fue a la competencia,53,2502.95
2024-11,México,Emprendedor,Mala experiencia de soporte,41,2060.25
2024-11,México,Emprendedor,No logró implementar,39,1855.93
2024-11,México,Emprendedor,Cambió de contador,25,1328.1
2024-11,México,Emprendedor,Funcionalidad faltante,21,1140.8
2024-11,México,Emprendedor,Otro / sin motivo registrado,14,834.32
2024-11,México,Premium,Cerró o quebró el negocio,25,1456.91
2024-11,México,Premium,Precio / ajuste anual,21,1169.2
2024-11,México,Premium,Se fue a la competencia,17,899.85
2024-11,México,Premium,Mala experiencia de soporte,11,740.7
2024-11,México,Premium,No logró implementar,10,667.24
2024-11,México,Premium,Cambió de contador,8,477.47
2024-11,México,Premium,Funcionalidad faltante,7,410.14
2024-11,México,Premium,Otro / sin motivo registrado,5,299.95
2024-11,México,Corporativo,Cerró o quebró el negocio,3,445.65
2024-11,México,Corporativo,Precio / ajuste anual,3,357.65
2024-11,México,Corporativo,Se fue a la competencia,2,275.26
2024-11,México,Corporativo,Mala experiencia de soporte,2,226.57
2024-11,México,Corporativo,No logró implementar,1,204.1
2024-11,México,Corporativo,Cambió de contador,1,146.06
2024-11,México,Corporativo,Funcionalidad faltante,1,125.46
2024-11,México,Siigo POS,Cerró o quebró el negocio,38,868.42
2024-11,México,Siigo POS,Precio / ajuste anual,24,696.92
2024-11,México,Siigo POS,Se fue a la competencia,22,536.38
2024-11,México,Siigo POS,Mala experiencia de soporte,18,441.51
2024-11,México,Siigo POS,No logró implementar,15,397.72
2024-11,México,Siigo POS,Cambió de contador,10,284.61
2024-11,México,Siigo POS,Funcionalidad faltante,7,244.47
2024-11,México,Siigo POS,Otro / sin motivo registrado,5,178.79
2024-11,México,POS Gastrobar,Cerró o quebró el negocio,22,645.03
2024-11,México,POS Gastrobar,Precio / ajuste anual,15,517.65
2024-11,México,POS Gastrobar,Se fue a la competencia,14,398.4
2024-11,México,POS Gastrobar,Mala experiencia de soporte,10,327.94
2024-11,México,POS Gastrobar,No logró implementar,9,295.41
2024-11,México,POS Gastrobar,Cambió de contador,6,211.4
2024-11,México,POS Gastrobar,Funcionalidad faltante,4,181.58
2024-11,México,POS Gastrobar,Otro / sin motivo registrado,4,132.8
2024-12,México,Siigo Contador,Cerró o quebró el negocio,25,0.0
2024-12,México,Siigo Contador,Precio / ajuste anual,19,0.0
2024-12,México,Siigo Contador,Se fue a la competencia,15,0.0
2024-12,México,Siigo Contador,Mala experiencia de soporte,13,0.0
2024-12,México,Siigo Contador,No logró implementar,11,0.0
2024-12,México,Siigo Contador,Cambió de contador,7,0.0
2024-12,México,Siigo Contador,Funcionalidad faltante,8,0.0
2024-12,México,Siigo Contador,Otro / sin motivo registrado,6,0.0
2024-12,México,Profesional Independiente,Cerró o quebró el negocio,149,5470.73
2024-12,México,Profesional Independiente,Precio / ajuste anual,118,4390.37
2024-12,México,Profesional Independiente,Se fue a la competencia,77,3378.98
2024-12,México,Profesional Independiente,Mala experiencia de soporte,73,2781.34
2024-12,México,Profesional Independiente,No logró implementar,69,2505.5
2024-12,México,Profesional Independiente,Cambió de contador,39,1792.93
2024-12,México,Profesional Independiente,Funcionalidad faltante,25,1540.08
2024-12,México,Profesional Independiente,Otro / sin motivo registrado,25,1126.33
2024-12,México,Emprendedor,Cerró o quebró el negocio,80,4104.25
2024-12,México,Emprendedor,Precio / ajuste anual,56,3293.75
2024-12,México,Emprendedor,Se fue a la competencia,44,2534.98
2024-12,México,Emprendedor,Mala experiencia de soporte,36,2086.61
2024-12,México,Emprendedor,No logró implementar,32,1879.68
2024-12,México,Emprendedor,Cambió de contador,27,1345.09
2024-12,México,Emprendedor,Funcionalidad faltante,19,1155.4
2024-12,México,Emprendedor,Otro / sin motivo registrado,16,844.99
2024-12,México,Premium,Cerró o quebró el negocio,31,1435.39
2024-12,México,Premium,Precio / ajuste anual,21,1151.93
2024-12,México,Premium,Se fue a la competencia,15,886.57
2024-12,México,Premium,Mala experiencia de soporte,12,729.76
2024-12,México,Premium,No logró implementar,8,657.39
2024-12,México,Premium,Cambió de contador,8,470.42
2024-12,México,Premium,Funcionalidad faltante,8,404.08
2024-12,México,Premium,Otro / sin motivo registrado,5,295.52
2024-12,México,Corporativo,Cerró o quebró el negocio,4,550.06
2024-12,México,Corporativo,Precio / ajuste anual,4,441.44
2024-12,México,Corporativo,Se fue a la competencia,2,339.74
2024-12,México,Corporativo,Mala experiencia de soporte,2,279.65
2024-12,México,Corporativo,No logró implementar,2,251.92
2024-12,México,Corporativo,Cambió de contador,1,180.27
2024-12,México,Corporativo,Funcionalidad faltante,1,154.85
2024-12,México,Corporativo,Otro / sin motivo registrado,1,113.25
2024-12,México,Siigo POS,Cerró o quebró el negocio,38,971.21
2024-12,México,Siigo POS,Precio / ajuste anual,30,779.42
2024-12,México,Siigo POS,Se fue a la competencia,29,599.86
2024-12,México,Siigo POS,Mala experiencia de soporte,25,493.77
2024-12,México,Siigo POS,No logró implementar,15,444.8
2024-12,México,Siigo POS,Cambió de contador,8,318.3
2024-12,México,Siigo POS,Funcionalidad faltante,10,273.41
2024-12,México,Siigo POS,Otro / sin motivo registrado,8,199.95
2024-12,México,POS Gastrobar,Cerró o quebró el negocio,22,741.77
2024-12,México,POS Gastrobar,Precio / ajuste anual,17,595.29
2024-12,México,POS Gastrobar,Se fue a la competencia,16,458.15
2024-12,México,POS Gastrobar,Mala experiencia de soporte,10,377.12
2024-12,México,POS Gastrobar,No logró implementar,7,339.72
2024-12,México,POS Gastrobar,Cambió de contador,8,243.1
2024-12,México,POS Gastrobar,Funcionalidad faltante,5,208.82
2024-12,México,POS Gastrobar,Otro / sin motivo registrado,4,152.72
2025-01,México,Siigo Contador,Cerró o quebró el negocio,35,0.0
2025-01,México,Siigo Contador,Precio / ajuste anual,40,0.0
2025-01,México,Siigo Contador,Se fue a la competencia,16,0.0
2025-01,México,Siigo Contador,Mala experiencia de soporte,17,0.0
2025-01,México,Siigo Contador,No logró implementar,17,0.0
2025-01,México,Siigo Contador,Cambió de contador,9,0.0
2025-01,México,Siigo Contador,Funcionalidad faltante,6,0.0
2025-01,México,Siigo Contador,Otro / sin motivo registrado,5,0.0
2025-01,México,Profesional Independiente,Cerró o quebró el negocio,176,6891.14
2025-01,México,Profesional Independiente,Precio / ajuste anual,207,9014.36
2025-01,México,Profesional Independiente,Se fue a la competencia,119,4256.29
2025-01,México,Profesional Independiente,Mala experiencia de soporte,88,3503.48
2025-01,México,Profesional Independiente,No logró implementar,84,3156.02
2025-01,México,Profesional Independiente,Cambió de contador,53,2258.44
2025-01,México,Profesional Independiente,Funcionalidad faltante,50,1939.94
2025-01,México,Profesional Independiente,Otro / sin motivo registrado,35,1418.76
2025-01,México,Emprendedor,Cerró o quebró el negocio,108,5168.05
2025-01,México,Emprendedor,Precio / ajuste anual,142,6760.37
2025-01,México,Emprendedor,Se fue a la competencia,56,3192.03
2025-01,México,Emprendedor,Mala experiencia de soporte,45,2627.45
2025-01,México,Emprendedor,No logró implementar,42,2366.88
2025-01,México,Emprendedor,Cambió de contador,33,1693.73
2025-01,México,Emprendedor,Funcionalidad faltante,25,1454.87
2025-01,México,Emprendedor,Otro / sin motivo registrado,18,1064.01
2025-01,México,Premium,Cerró o quebró el negocio,37,2046.48
2025-01,México,Premium,Precio / ajuste anual,42,2677.02
2025-01,México,Premium,Se fue a la competencia,21,1264.0
2025-01,México,Premium,Mala experiencia de soporte,15,1040.44
2025-01,México,Premium,No logró implementar,15,937.25
2025-01,México,Premium,Cambió de contador,12,670.69
2025-01,México,Premium,Funcionalidad faltante,8,576.11
2025-01,México,Premium,Otro / sin motivo registrado,6,421.33
2025-01,México,Corporativo,Cerró o quebró el negocio,5,618.77
2025-01,México,Corporativo,Precio / ajuste anual,6,809.41
2025-01,México,Corporativo,Se fue a la competencia,4,382.18
2025-01,México,Corporativo,Mala experiencia de soporte,3,314.58
2025-01,México,Corporativo,No logró implementar,2,283.38
2025-01,México,Corporativo,Cambió de contador,1,202.79
2025-01,México,Corporativo,Funcionalidad faltante,1,174.19
2025-01,México,Corporativo,Otro / sin motivo registrado,1,127.39
2025-01,México,Siigo POS,Cerró o quebró el negocio,53,1142.82
2025-01,México,Siigo POS,Precio / ajuste anual,50,1494.94
2025-01,México,Siigo POS,Se fue a la competencia,28,705.86
2025-01,México,Siigo POS,Mala experiencia de soporte,21,581.02
2025-01,México,Siigo POS,No logró implementar,23,523.39
2025-01,México,Siigo POS,Cambió de contador,15,374.54
2025-01,México,Siigo POS,Funcionalidad faltante,14,321.72
2025-01,México,Siigo POS,Otro / sin motivo registrado,8,235.29
2025-01,México,POS Gastrobar,Cerró o quebró el negocio,24,837.59
2025-01,México,POS Gastrobar,Precio / ajuste anual,36,1095.65
2025-01,México,POS Gastrobar,Se fue a la competencia,17,517.33
2025-01,México,POS Gastrobar,Mala experiencia de soporte,12,425.83
2025-01,México,POS Gastrobar,No logró implementar,12,383.6
2025-01,México,POS Gastrobar,Cambió de contador,9,274.5
2025-01,México,POS Gastrobar,Funcionalidad faltante,6,235.79
2025-01,México,POS Gastrobar,Otro / sin motivo registrado,5,172.44
2025-02,México,Siigo Contador,Cerró o quebró el negocio,25,0.0
2025-02,México,Siigo Contador,Precio / ajuste anual,28,0.0
2025-02,México,Siigo Contador,Se fue a la competencia,14,0.0
2025-02,México,Siigo Contador,Mala experiencia de soporte,11,0.0
2025-02,México,Siigo Contador,No logró implementar,13,0.0
2025-02,México,Siigo Contador,Cambió de contador,8,0.0
2025-02,México,Siigo Contador,Funcionalidad faltante,6,0.0
2025-02,México,Siigo Contador,Otro / sin motivo registrado,5,0.0
2025-02,México,Profesional Independiente,Cerró o quebró el negocio,105,5071.35
2025-02,México,Profesional Independiente,Precio / ajuste anual,135,6633.88
2025-02,México,Profesional Independiente,Se fue a la competencia,74,3132.31
2025-02,México,Profesional Independiente,Mala experiencia de soporte,58,2578.29
2025-02,México,Profesional Independiente,No logró implementar,51,2322.59
2025-02,México,Profesional Independiente,Cambió de contador,31,1662.04
2025-02,México,Profesional Independiente,Funcionalidad faltante,34,1427.65
2025-02,México,Profesional Independiente,Otro / sin motivo registrado,24,1044.1
2025-02,México,Emprendedor,Cerró o quebró el negocio,77,3934.01
2025-02,México,Emprendedor,Precio / ajuste anual,91,5146.11
2025-02,México,Emprendedor,Se fue a la competencia,40,2429.83
2025-02,México,Emprendedor,Mala experiencia de soporte,32,2000.06
2025-02,México,Emprendedor,No logró implementar,33,1801.71
2025-02,México,Emprendedor,Cambió de contador,26,1289.3
2025-02,México,Emprendedor,Funcionalidad faltante,17,1107.47
2025-02,México,Emprendedor,Otro / sin motivo registrado,16,809.94
2025-02,México,Premium,Cerró o quebró el negocio,22,1570.89
2025-02,México,Premium,Precio / ajuste anual,35,2054.9
2025-02,México,Premium,Se fue a la competencia,14,970.26
2025-02,México,Premium,Mala experiencia de soporte,14,798.65
2025-02,México,Premium,No logró implementar,11,719.44
2025-02,México,Premium,Cambió de contador,9,514.83
2025-02,México,Premium,Funcionalidad faltante,8,442.23
2025-02,México,Premium,Otro / sin motivo registrado,5,323.42
2025-02,México,Corporativo,Cerró o quebró el negocio,5,479.16
2025-02,México,Corporativo,Precio / ajuste anual,5,626.79
2025-02,México,Corporativo,Se fue a la competencia,2,295.95
2025-02,México,Corporativo,Mala experiencia de soporte,2,243.6
2025-02,México,Corporativo,No logró implementar,1,219.45
2025-02,México,Corporativo,Cambió de contador,1,157.03
2025-02,México,Corporativo,Funcionalidad faltante,1,134.89
2025-02,México,Siigo POS,Cerró o quebró el negocio,40,976.36
2025-02,México,Siigo POS,Precio / ajuste anual,56,1277.18
2025-02,México,Siigo POS,Se fue a la competencia,22,603.04
2025-02,México,Siigo POS,Mala experiencia de soporte,18,496.38
2025-02,México,Siigo POS,No logró implementar,16,447.16
2025-02,México,Siigo POS,Cambió de contador,11,319.98
2025-02,México,Siigo POS,Funcionalidad faltante,11,274.86
2025-02,México,Siigo POS,Otro / sin motivo registrado,7,201.01
2025-02,México,POS Gastrobar,Cerró o quebró el negocio,21,709.0
2025-02,México,POS Gastrobar,Precio / ajuste anual,26,927.45
2025-02,México,POS Gastrobar,Se fue a la competencia,11,437.91
2025-02,México,POS Gastrobar,Mala experiencia de soporte,10,360.46
2025-02,México,POS Gastrobar,No logró implementar,9,324.71
2025-02,México,POS Gastrobar,Cambió de contador,5,232.36
2025-02,México,POS Gastrobar,Funcionalidad faltante,5,199.59
2025-02,México,POS Gastrobar,Otro / sin motivo registrado,4,145.97
2025-03,México,Siigo Contador,Cerró o quebró el negocio,26,0.0
2025-03,México,Siigo Contador,Precio / ajuste anual,19,0.0
2025-03,México,Siigo Contador,Se fue a la competencia,18,0.0
2025-03,México,Siigo Contador,Mala experiencia de soporte,22,0.0
2025-03,México,Siigo Contador,No logró implementar,10,0.0
2025-03,México,Siigo Contador,Cambió de contador,8,0.0
2025-03,México,Siigo Contador,Funcionalidad faltante,7,0.0
2025-03,México,Siigo Contador,Otro / sin motivo registrado,5,0.0
2025-03,México,Profesional Independiente,Cerró o quebró el negocio,160,4995.19
2025-03,México,Profesional Independiente,Precio / ajuste anual,76,4008.75
2025-03,México,Profesional Independiente,Se fue a la competencia,75,3085.27
2025-03,México,Profesional Independiente,Mala experiencia de soporte,81,3758.57
2025-03,México,Profesional Independiente,No logró implementar,45,2287.71
2025-03,México,Profesional Independiente,Cambió de contador,39,1637.08
2025-03,México,Profesional Independiente,Funcionalidad faltante,33,1406.21
2025-03,México,Profesional Independiente,Otro / sin motivo registrado,21,1028.42
2025-03,México,Emprendedor,Cerró o quebró el negocio,63,3825.93
2025-03,México,Emprendedor,Precio / ajuste anual,55,3070.39
2025-03,México,Emprendedor,Se fue a la competencia,36,2363.07
2025-03,México,Emprendedor,Mala experiencia de soporte,50,2878.77
2025-03,México,Emprendedor,No logró implementar,31,1752.21
2025-03,México,Emprendedor,Cambió de contador,21,1253.88
2025-03,México,Emprendedor,Funcionalidad faltante,18,1077.05
2025-03,México,Emprendedor,Otro / sin motivo registrado,15,787.69
2025-03,México,Premium,Cerró o quebró el negocio,23,1528.41
2025-03,México,Premium,Precio / ajuste anual,17,1226.58
2025-03,México,Premium,Se fue a la competencia,14,944.01
2025-03,México,Premium,Mala experiencia de soporte,18,1150.03
2025-03,México,Premium,No logró implementar,11,699.98
2025-03,México,Premium,Cambió de contador,8,500.91
2025-03,México,Premium,Funcionalidad faltante,8,430.27
2025-03,México,Premium,Otro / sin motivo registrado,4,314.67
2025-03,México,Corporativo,Cerró o quebró el negocio,4,508.17
2025-03,México,Corporativo,Precio / ajuste anual,3,407.82
2025-03,México,Corporativo,Se fue a la competencia,2,313.87
2025-03,México,Corporativo,Mala experiencia de soporte,2,382.36
2025-03,México,Corporativo,No logró implementar,2,232.73
2025-03,México,Corporativo,Cambió de contador,1,166.54
2025-03,México,Corporativo,Funcionalidad faltante,1,143.06
2025-03,México,Siigo POS,Cerró o quebró el negocio,29,942.33
2025-03,México,Siigo POS,Precio / ajuste anual,32,756.24
2025-03,México,Siigo POS,Se fue a la competencia,24,582.03
2025-03,México,Siigo POS,Mala experiencia de soporte,23,709.05
2025-03,México,Siigo POS,No logró implementar,15,431.57
2025-03,México,Siigo POS,Cambió de contador,9,308.83
2025-03,México,Siigo POS,Funcionalidad faltante,9,265.28
2025-03,México,Siigo POS,Otro / sin motivo registrado,7,194.01
2025-03,México,POS Gastrobar,Cerró o quebró el negocio,21,731.76
2025-03,México,POS Gastrobar,Precio / ajuste anual,17,587.25
2025-03,México,POS Gastrobar,Se fue a la competencia,12,451.97
2025-03,México,POS Gastrobar,Mala experiencia de soporte,13,550.6
2025-03,México,POS Gastrobar,No logró implementar,8,335.13
2025-03,México,POS Gastrobar,Cambió de contador,7,239.82
2025-03,México,POS Gastrobar,Funcionalidad faltante,5,206.0
2025-03,México,POS Gastrobar,Otro / sin motivo registrado,3,150.66
2025-04,México,Siigo Contador,Cerró o quebró el negocio,23,0.0
2025-04,México,Siigo Contador,Precio / ajuste anual,22,0.0
2025-04,México,Siigo Contador,Se fue a la competencia,14,0.0
2025-04,México,Siigo Contador,Mala experiencia de soporte,17,0.0
2025-04,México,Siigo Contador,No logró implementar,15,0.0
2025-04,México,Siigo Contador,Cambió de contador,9,0.0
2025-04,México,Siigo Contador,Funcionalidad faltante,8,0.0
2025-04,México,Siigo Contador,Otro / sin motivo registrado,4,0.0
2025-04,México,Profesional Independiente,Cerró o quebró el negocio,127,5091.36
2025-04,México,Profesional Independiente,Precio / ajuste anual,84,4085.92
2025-04,México,Profesional Independiente,Se fue a la competencia,61,3144.66
2025-04,México,Profesional Independiente,Mala experiencia de soporte,83,3830.93
2025-04,México,Profesional Independiente,No logró implementar,50,2331.76
2025-04,México,Profesional Independiente,Cambió de contador,30,1668.6
2025-04,México,Profesional Independiente,Funcionalidad faltante,35,1433.28
2025-04,México,Profesional Independiente,Otro / sin motivo registrado,27,1048.22
2025-04,México,Emprendedor,Cerró o quebró el negocio,72,4599.83
2025-04,México,Emprendedor,Precio / ajuste anual,75,3691.46
2025-04,México,Emprendedor,Se fue a la competencia,49,2841.07
2025-04,México,Emprendedor,Mala experiencia de soporte,74,3461.08
2025-04,México,Emprendedor,No logró implementar,32,2106.64
2025-04,México,Emprendedor,Cambió de contador,24,1507.51
2025-04,México,Emprendedor,Funcionalidad faltante,20,1294.91
2025-04,México,Emprendedor,Otro / sin motivo registrado,16,947.02
2025-04,México,Premium,Cerró o quebró el negocio,26,1640.33
2025-04,México,Premium,Precio / ajuste anual,19,1316.4
2025-04,México,Premium,Se fue a la competencia,13,1013.14
2025-04,México,Premium,Mala experiencia de soporte,24,1234.24
2025-04,México,Premium,No logró implementar,11,751.24
2025-04,México,Premium,Cambió de contador,8,537.59
2025-04,México,Premium,Funcionalidad faltante,6,461.77
2025-04,México,Premium,Otro / sin motivo registrado,5,337.71
2025-04,México,Corporativo,Cerró o quebró el negocio,4,505.67
2025-04,México,Corporativo,Precio / ajuste anual,3,405.81
2025-04,México,Corporativo,Se fue a la competencia,2,312.32
2025-04,México,Corporativo,Mala experiencia de soporte,3,380.48
2025-04,México,Corporativo,No logró implementar,2,231.59
2025-04,México,Corporativo,Cambió de contador,1,165.72
2025-04,México,Corporativo,Funcionalidad faltante,1,142.35
2025-04,México,Siigo POS,Cerró o quebró el negocio,41,1068.36
2025-04,México,Siigo POS,Precio / ajuste anual,35,857.38
2025-04,México,Siigo POS,Se fue a la competencia,26,659.87
2025-04,México,Siigo POS,Mala experiencia de soporte,32,803.88
2025-04,México,Siigo POS,No logró implementar,19,489.29
2025-04,México,Siigo POS,Cambió de contador,15,350.14
2025-04,México,Siigo POS,Funcionalidad faltante,10,300.76
2025-04,México,Siigo POS,Otro / sin motivo registrado,8,219.96
2025-04,México,POS Gastrobar,Cerró o quebró el negocio,25,767.4
2025-04,México,POS Gastrobar,Precio / ajuste anual,15,615.86
2025-04,México,POS Gastrobar,Se fue a la competencia,14,473.98
2025-04,México,POS Gastrobar,Mala experiencia de soporte,14,577.42
2025-04,México,POS Gastrobar,No logró implementar,10,351.46
2025-04,México,POS Gastrobar,Cambió de contador,6,251.5
2025-04,México,POS Gastrobar,Funcionalidad faltante,5,216.03
2025-04,México,POS Gastrobar,Otro / sin motivo registrado,4,157.99
2025-05,México,Siigo Contador,Cerró o quebró el negocio,29,0.0
2025-05,México,Siigo Contador,Precio / ajuste anual,24,0.0
2025-05,México,Siigo Contador,Se fue a la competencia,18,0.0
2025-05,México,Siigo Contador,Mala experiencia de soporte,19,0.0
2025-05,México,Siigo Contador,No logró implementar,12,0.0
2025-05,México,Siigo Contador,Cambió de contador,7,0.0
2025-05,México,Siigo Contador,Funcionalidad faltante,8,0.0
2025-05,México,Siigo Contador,Otro / sin motivo registrado,5,0.0
2025-05,México,Profesional Independiente,Cerró o quebró el negocio,125,5616.77
2025-05,México,Profesional Independiente,Precio / ajuste anual,87,4507.58
2025-05,México,Profesional Independiente,Se fue a la competencia,74,3469.18
2025-05,México,Profesional Independiente,Mala experiencia de soporte,99,4226.27
2025-05,México,Profesional Independiente,No logró implementar,60,2572.39
2025-05,México,Profesional Independiente,Cambió de contador,41,1840.79
2025-05,México,Profesional Independiente,Funcionalidad faltante,29,1581.19
2025-05,México,Profesional Independiente,Otro / sin motivo registrado,22,1156.39
2025-05,México,Emprendedor,Cerró o quebró el negocio,80,4183.16
2025-05,México,Emprendedor,Precio / ajuste anual,53,3357.08
2025-05,México,Emprendedor,Se fue a la competencia,42,2583.72
2025-05,México,Emprendedor,Mala experiencia de soporte,53,3147.57
2025-05,México,Emprendedor,No logró implementar,30,1915.82
2025-05,México,Emprendedor,Cambió de contador,23,1370.95
2025-05,México,Emprendedor,Funcionalidad faltante,22,1177.61
2025-05,México,Emprendedor,Otro / sin motivo registrado,14,861.24
2025-05,México,Premium,Cerró o quebró el negocio,26,1742.04
2025-05,México,Premium,Precio / ajuste anual,23,1398.02
2025-05,México,Premium,Se fue a la competencia,15,1075.96
2025-05,México,Premium,Mala experiencia de soporte,16,1310.77
2025-05,México,Premium,No logró implementar,14,797.82
2025-05,México,Premium,Cambió de contador,9,570.92
2025-05,México,Premium,Funcionalidad faltante,8,490.41
2025-05,México,Premium,Otro / sin motivo registrado,5,358.65
2025-05,México,Corporativo,Cerró o quebró el negocio,4,495.28
2025-05,México,Corporativo,Precio / ajuste anual,3,397.47
2025-05,México,Corporativo,Se fue a la competencia,2,305.91
2025-05,México,Corporativo,Mala experiencia de soporte,3,372.66
2025-05,México,Corporativo,No logró implementar,1,226.83
2025-05,México,Corporativo,Cambió de contador,1,162.32
2025-05,México,Corporativo,Funcionalidad faltante,1,139.43
2025-05,México,Siigo POS,Cerró o quebró el negocio,44,1069.16
2025-05,México,Siigo POS,Precio / ajuste anual,26,858.03
2025-05,México,Siigo POS,Se fue a la competencia,27,660.37
2025-05,México,Siigo POS,Mala experiencia de soporte,28,804.48
2025-05,México,Siigo POS,No logró implementar,17,489.66
2025-05,México,Siigo POS,Cambió de contador,12,350.4
2025-05,México,Siigo POS,Funcionalidad faltante,10,300.98
2025-05,México,Siigo POS,Otro / sin motivo registrado,7,220.12
2025-05,México,POS Gastrobar,Cerró o quebró el negocio,23,827.64
2025-05,México,POS Gastrobar,Precio / ajuste anual,17,664.2
2025-05,México,POS Gastrobar,Se fue a la competencia,10,511.19
2025-05,México,POS Gastrobar,Mala experiencia de soporte,15,622.75
2025-05,México,POS Gastrobar,No logró implementar,10,379.05
2025-05,México,POS Gastrobar,Cambió de contador,6,271.25
2025-05,México,POS Gastrobar,Funcionalidad faltante,6,232.99
2025-05,México,POS Gastrobar,Otro / sin motivo registrado,4,170.4
2025-06,México,Siigo Contador,Cerró o quebró el negocio,32,0.0
2025-06,México,Siigo Contador,Precio / ajuste anual,26,0.0
2025-06,México,Siigo Contador,Se fue a la competencia,15,0.0
2025-06,México,Siigo Contador,Mala experiencia de soporte,16,0.0
2025-06,México,Siigo Contador,No logró implementar,13,0.0
2025-06,México,Siigo Contador,Cambió de contador,9,0.0
2025-06,México,Siigo Contador,Funcionalidad faltante,8,0.0
2025-06,México,Siigo Contador,Otro / sin motivo registrado,6,0.0
2025-06,México,Profesional Independiente,Cerró o quebró el negocio,112,5246.52
2025-06,México,Profesional Independiente,Precio / ajuste anual,94,4210.44
2025-06,México,Profesional Independiente,Se fue a la competencia,65,3240.5
2025-06,México,Profesional Independiente,Mala experiencia de soporte,48,2667.35
2025-06,México,Profesional Independiente,No logró implementar,56,2402.82
2025-06,México,Profesional Independiente,Cambió de contador,34,1719.45
2025-06,México,Profesional Independiente,Funcionalidad faltante,30,1476.96
2025-06,México,Profesional Independiente,Otro / sin motivo registrado,22,1080.17
2025-06,México,Emprendedor,Cerró o quebró el negocio,77,4424.91
2025-06,México,Emprendedor,Precio / ajuste anual,61,3551.08
2025-06,México,Emprendedor,Se fue a la competencia,54,2733.03
2025-06,México,Emprendedor,Mala experiencia de soporte,36,2249.64
2025-06,México,Emprendedor,No logró implementar,38,2026.53
2025-06,México,Emprendedor,Cambió de contador,25,1450.18
2025-06,México,Emprendedor,Funcionalidad faltante,21,1245.67
2025-06,México,Emprendedor,Otro / sin motivo registrado,15,911.01
2025-06,México,Premium,Cerró o quebró el negocio,29,1784.63
2025-06,México,Premium,Precio / ajuste anual,24,1432.21
2025-06,México,Premium,Se fue a la competencia,16,1102.27
2025-06,México,Premium,Mala experiencia de soporte,14,907.31
2025-06,México,Premium,No logró implementar,12,817.33
2025-06,México,Premium,Cambió de contador,8,584.88
2025-06,México,Premium,Funcionalidad faltante,8,502.4
2025-06,México,Premium,Otro / sin motivo registrado,5,367.42
2025-06,México,Corporativo,Cerró o quebró el negocio,3,535.17
2025-06,México,Corporativo,Precio / ajuste anual,4,429.48
2025-06,México,Corporativo,Se fue a la competencia,3,330.54
2025-06,México,Corporativo,Mala experiencia de soporte,2,272.08
2025-06,México,Corporativo,No logró implementar,1,245.1
2025-06,México,Corporativo,Cambió de contador,1,175.39
2025-06,México,Corporativo,Funcionalidad faltante,1,150.66
2025-06,México,Siigo POS,Cerró o quebró el negocio,44,1110.87
2025-06,México,Siigo POS,Precio / ajuste anual,29,891.5
2025-06,México,Siigo POS,Se fue a la competencia,28,686.13
2025-06,México,Siigo POS,Mala experiencia de soporte,22,564.77
2025-06,México,Siigo POS,No logró implementar,15,508.76
2025-06,México,Siigo POS,Cambió de contador,12,364.07
2025-06,México,Siigo POS,Funcionalidad faltante,13,312.72
2025-06,México,Siigo POS,Otro / sin motivo registrado,8,228.71
2025-06,México,POS Gastrobar,Cerró o quebró el negocio,16,724.36
2025-06,México,POS Gastrobar,Precio / ajuste anual,13,581.32
2025-06,México,POS Gastrobar,Se fue a la competencia,12,447.4
2025-06,México,POS Gastrobar,Mala experiencia de soporte,9,368.27
2025-06,México,POS Gastrobar,No logró implementar,10,331.75
2025-06,México,POS Gastrobar,Cambió de contador,7,237.4
2025-06,México,POS Gastrobar,Funcionalidad faltante,4,203.92
2025-06,México,POS Gastrobar,Otro / sin motivo registrado,4,149.13
2025-07,México,Siigo Contador,Cerró o quebró el negocio,31,0.0
2025-07,México,Siigo Contador,Precio / ajuste anual,21,0.0
2025-07,México,Siigo Contador,Se fue a la competencia,16,0.0
2025-07,México,Siigo Contador,Mala experiencia de soporte,14,0.0
2025-07,México,Siigo Contador,No logró implementar,13,0.0
2025-07,México,Siigo Contador,Cambió de contador,9,0.0
2025-07,México,Siigo Contador,Funcionalidad faltante,8,0.0
2025-07,México,Siigo Contador,Otro / sin motivo registrado,5,0.0
2025-07,México,Profesional Independiente,Cerró o quebró el negocio,118,5352.91
2025-07,México,Profesional Independiente,Precio / ajuste anual,93,4295.82
2025-07,México,Profesional Independiente,Se fue a la competencia,81,3306.21
2025-07,México,Profesional Independiente,Mala experiencia de soporte,65,2721.44
2025-07,México,Profesional Independiente,No logró implementar,58,2451.54
2025-07,México,Profesional Independiente,Cambió de contador,42,1754.32
2025-07,México,Profesional Independiente,Funcionalidad faltante,30,1506.91
2025-07,México,Profesional Independiente,Otro / sin motivo registrado,19,1102.07
2025-07,México,Emprendedor,Cerró o quebró el negocio,76,4362.19
2025-07,México,Emprendedor,Precio / ajuste anual,57,3500.75
2025-07,México,Emprendedor,Se fue a la competencia,44,2694.3
2025-07,México,Emprendedor,Mala experiencia de soporte,31,2217.75
2025-07,México,Emprendedor,No logró implementar,26,1997.81
2025-07,México,Emprendedor,Cambió de contador,23,1429.63
2025-07,México,Emprendedor,Funcionalidad faltante,20,1228.01
2025-07,México,Emprendedor,Otro / sin motivo registrado,16,898.1
2025-07,México,Premium,Cerró o quebró el negocio,24,1788.22
2025-07,México,Premium,Precio / ajuste anual,21,1435.08
2025-07,México,Premium,Se fue a la competencia,16,1104.49
2025-07,México,Premium,Mala experiencia de soporte,13,909.13
2025-07,México,Premium,No logró implementar,10,818.97
2025-07,México,Premium,Cambió de contador,9,586.05
2025-07,México,Premium,Funcionalidad faltante,7,503.41
2025-07,México,Premium,Otro / sin motivo registrado,6,368.16
2025-07,México,Corporativo,Cerró o quebró el negocio,3,506.4
2025-07,México,Corporativo,Precio / ajuste anual,3,406.4
2025-07,México,Corporativo,Se fue a la competencia,3,312.78
2025-07,México,Corporativo,Mala experiencia de soporte,2,257.46
2025-07,México,Corporativo,No logró implementar,1,231.92
2025-07,México,Corporativo,Cambió de contador,1,165.96
2025-07,México,Corporativo,Funcionalidad faltante,1,142.56
2025-07,México,Siigo POS,Cerró o quebró el negocio,42,1081.56
2025-07,México,Siigo POS,Precio / ajuste anual,30,867.97
2025-07,México,Siigo POS,Se fue a la competencia,25,668.02
2025-07,México,Siigo POS,Mala experiencia de soporte,14,549.87
2025-07,México,Siigo POS,No logró implementar,20,495.34
2025-07,México,Siigo POS,Cambió de contador,13,354.46
2025-07,México,Siigo POS,Funcionalidad faltante,9,304.47
2025-07,México,Siigo POS,Otro / sin motivo registrado,9,222.67
2025-07,México,POS Gastrobar,Cerró o quebró el negocio,22,860.75
2025-07,México,POS Gastrobar,Precio / ajuste anual,18,690.77
2025-07,México,POS Gastrobar,Se fue a la competencia,16,531.64
2025-07,México,POS Gastrobar,Mala experiencia de soporte,9,437.61
2025-07,México,POS Gastrobar,No logró implementar,10,394.21
2025-07,México,POS Gastrobar,Cambió de contador,9,282.09
2025-07,México,POS Gastrobar,Funcionalidad faltante,6,242.31
2025-07,México,POS Gastrobar,Otro / sin motivo registrado,5,177.21
2025-08,México,Siigo Contador,Cerró o quebró el negocio,29,0.0
2025-08,México,Siigo Contador,Precio / ajuste anual,21,0.0
2025-08,México,Siigo Contador,Se fue a la competencia,15,0.0
2025-08,México,Siigo Contador,Mala experiencia de soporte,19,0.0
2025-08,México,Siigo Contador,No logró implementar,11,0.0
2025-08,México,Siigo Contador,Cambió de contador,7,0.0
2025-08,México,Siigo Contador,Funcionalidad faltante,9,0.0
2025-08,México,Siigo Contador,Otro / sin motivo registrado,6,0.0
2025-08,México,Profesional Independiente,Cerró o quebró el negocio,158,6150.13
2025-08,México,Profesional Independiente,Precio / ajuste anual,116,4935.61
2025-08,México,Profesional Independiente,Se fue a la competencia,98,3798.61
2025-08,México,Profesional Independiente,Mala experiencia de soporte,108,4627.59
2025-08,México,Profesional Independiente,No logró implementar,69,2816.66
2025-08,México,Profesional Independiente,Cambió de contador,43,2015.59
2025-08,México,Profesional Independiente,Funcionalidad faltante,39,1731.34
2025-08,México,Profesional Independiente,Otro / sin motivo registrado,28,1266.2
2025-08,México,Emprendedor,Cerró o quebró el negocio,78,4360.49
2025-08,México,Emprendedor,Precio / ajuste anual,63,3499.38
2025-08,México,Emprendedor,Se fue a la competencia,47,2693.24
2025-08,México,Emprendedor,Mala experiencia de soporte,61,3280.99
2025-08,México,Emprendedor,No logró implementar,37,1997.03
2025-08,México,Emprendedor,Cambió de contador,24,1429.07
2025-08,México,Emprendedor,Funcionalidad faltante,18,1227.53
2025-08,México,Emprendedor,Otro / sin motivo registrado,15,897.75
2025-08,México,Premium,Cerró o quebró el negocio,25,1759.51
2025-08,México,Premium,Precio / ajuste anual,18,1412.05
2025-08,México,Premium,Se fue a la competencia,15,1086.76
2025-08,México,Premium,Mala experiencia de soporte,17,1323.92
2025-08,México,Premium,No logró implementar,14,805.83
2025-08,México,Premium,Cambió de contador,9,576.65
2025-08,México,Premium,Funcionalidad faltante,8,495.32
2025-08,México,Premium,Otro / sin motivo registrado,5,362.25
2025-08,México,Corporativo,Cerró o quebró el negocio,4,533.26
2025-08,México,Corporativo,Precio / ajuste anual,3,427.95
2025-08,México,Corporativo,Se fue a la competencia,2,329.37
2025-08,México,Corporativo,Mala experiencia de soporte,3,401.24
2025-08,México,Corporativo,No logró implementar,1,244.22
2025-08,México,Corporativo,Cambió de contador,1,174.77
2025-08,México,Corporativo,Funcionalidad faltante,1,150.12
2025-08,México,Siigo POS,Cerró o quebró el negocio,37,1087.81
2025-08,México,Siigo POS,Precio / ajuste anual,37,872.99
2025-08,México,Siigo POS,Se fue a la competencia,22,671.88
2025-08,México,Siigo POS,Mala experiencia de soporte,26,818.51
2025-08,México,Siigo POS,No logró implementar,21,498.2
2025-08,México,Siigo POS,Cambió de contador,12,356.51
2025-08,México,Siigo POS,Funcionalidad faltante,10,306.23
2025-08,México,Siigo POS,Otro / sin motivo registrado,9,223.96
2025-08,México,POS Gastrobar,Cerró o quebró el negocio,25,778.11
2025-08,México,POS Gastrobar,Precio / ajuste anual,15,624.45
2025-08,México,POS Gastrobar,Se fue a la competencia,13,480.6
2025-08,México,POS Gastrobar,Mala experiencia de soporte,15,585.48
2025-08,México,POS Gastrobar,No logró implementar,9,356.36
2025-08,México,POS Gastrobar,Cambió de contador,7,255.01
2025-08,México,POS Gastrobar,Funcionalidad faltante,6,219.05
2025-08,México,POS Gastrobar,Otro / sin motivo registrado,3,160.2
2025-09,México,Siigo Contador,Cerró o quebró el negocio,27,0.0
2025-09,México,Siigo Contador,Precio / ajuste anual,23,0.0
2025-09,México,Siigo Contador,Se fue a la competencia,18,0.0
2025-09,México,Siigo Contador,Mala experiencia de soporte,22,0.0
2025-09,México,Siigo Contador,No logró implementar,13,0.0
2025-09,México,Siigo Contador,Cambió de contador,8,0.0
2025-09,México,Siigo Contador,Funcionalidad faltante,5,0.0
2025-09,México,Siigo Contador,Otro / sin motivo registrado,4,0.0
2025-09,México,Profesional Independiente,Cerró o quebró el negocio,145,6296.29
2025-09,México,Profesional Independiente,Precio / ajuste anual,140,5052.9
2025-09,México,Profesional Independiente,Se fue a la competencia,74,3888.88
2025-09,México,Profesional Independiente,Mala experiencia de soporte,98,4737.56
2025-09,México,Profesional Independiente,No logró implementar,63,2883.59
2025-09,México,Profesional Independiente,Cambió de contador,50,2063.49
2025-09,México,Profesional Independiente,Funcionalidad faltante,41,1772.48
2025-09,México,Profesional Independiente,Otro / sin motivo registrado,32,1296.29
2025-09,México,Emprendedor,Cerró o quebró el negocio,93,4748.2
2025-09,México,Emprendedor,Precio / ajuste anual,69,3810.53
2025-09,México,Emprendedor,Se fue a la competencia,47,2932.71
2025-09,México,Emprendedor,Mala experiencia de soporte,52,3572.72
2025-09,México,Emprendedor,No logró implementar,37,2174.6
2025-09,México,Emprendedor,Cambió de contador,26,1556.13
2025-09,México,Emprendedor,Funcionalidad faltante,24,1336.68
2025-09,México,Emprendedor,Otro / sin motivo registrado,14,977.57
2025-09,México,Premium,Cerró o quebró el negocio,33,1988.92
2025-09,México,Premium,Precio / ajuste anual,21,1596.15
2025-09,México,Premium,Se fue a la competencia,19,1228.45
2025-09,México,Premium,Mala experiencia de soporte,21,1496.53
2025-09,México,Premium,No logró implementar,15,910.89
2025-09,México,Premium,Cambió de contador,9,651.83
2025-09,México,Premium,Funcionalidad faltante,9,559.9
2025-09,México,Premium,Otro / sin motivo registrado,7,409.48
2025-09,México,Corporativo,Cerró o quebró el negocio,4,530.96
2025-09,México,Corporativo,Precio / ajuste anual,3,426.11
2025-09,México,Corporativo,Se fue a la competencia,2,327.95
2025-09,México,Corporativo,Mala experiencia de soporte,3,399.51
2025-09,México,Corporativo,No logró implementar,2,243.17
2025-09,México,Corporativo,Cambió de contador,1,174.01
2025-09,México,Corporativo,Funcionalidad faltante,1,149.47
2025-09,México,Siigo POS,Cerró o quebró el negocio,35,1044.71
2025-09,México,Siigo POS,Precio / ajuste anual,34,838.4
2025-09,México,Siigo POS,Se fue a la competencia,24,645.26
2025-09,México,Siigo POS,Mala experiencia de soporte,32,786.08
2025-09,México,Siigo POS,No logró implementar,20,478.46
2025-09,México,Siigo POS,Cambió de contador,10,342.38
2025-09,México,Siigo POS,Funcionalidad faltante,10,294.1
2025-09,México,Siigo POS,Otro / sin motivo registrado,9,215.09
2025-09,México,POS Gastrobar,Cerró o quebró el negocio,19,799.07
2025-09,México,POS Gastrobar,Precio / ajuste anual,17,641.27
2025-09,México,POS Gastrobar,Se fue a la competencia,14,493.54
2025-09,México,POS Gastrobar,Mala experiencia de soporte,18,601.25
2025-09,México,POS Gastrobar,No logró implementar,11,365.96
2025-09,México,POS Gastrobar,Cambió de contador,7,261.88
2025-09,México,POS Gastrobar,Funcionalidad faltante,6,224.95
2025-09,México,POS Gastrobar,Otro / sin motivo registrado,4,164.51
2025-10,México,Siigo Contador,Cerró o quebró el negocio,31,0.0
2025-10,México,Siigo Contador,Precio / ajuste anual,24,0.0
2025-10,México,Siigo Contador,Se fue a la competencia,18,0.0
2025-10,México,Siigo Contador,Mala experiencia de soporte,11,0.0
2025-10,México,Siigo Contador,No logró implementar,11,0.0
2025-10,México,Siigo Contador,Cambió de contador,9,0.0
2025-10,México,Siigo Contador,Funcionalidad faltante,8,0.0
2025-10,México,Siigo Contador,Otro / sin motivo registrado,5,0.0
2025-10,México,Profesional Independiente,Cerró o quebró el negocio,136,5638.53
2025-10,México,Profesional Independiente,Precio / ajuste anual,91,4525.04
2025-10,México,Profesional Independiente,Se fue a la competencia,72,3482.62
2025-10,México,Profesional Independiente,Mala experiencia de soporte,60,2866.65
2025-10,México,Profesional Independiente,No logró implementar,73,2582.35
2025-10,México,Profesional Independiente,Cambió de contador,44,1847.92
2025-10,México,Profesional Independiente,Funcionalidad faltante,28,1587.32
2025-10,México,Profesional Independiente,Otro / sin motivo registrado,22,1160.87
2025-10,México,Emprendedor,Cerró o quebró el negocio,88,4974.95
2025-10,México,Emprendedor,Precio / ajuste anual,58,3992.5
2025-10,México,Emprendedor,Se fue a la competencia,48,3072.76
2025-10,México,Emprendedor,Mala experiencia de soporte,33,2529.28
2025-10,México,Emprendedor,No logró implementar,37,2278.44
2025-10,México,Emprendedor,Cambió de contador,29,1630.45
2025-10,México,Emprendedor,Funcionalidad faltante,21,1400.51
2025-10,México,Emprendedor,Otro / sin motivo registrado,20,1024.25
2025-10,México,Premium,Cerró o quebró el negocio,33,1843.86
2025-10,México,Premium,Precio / ajuste anual,21,1479.73
2025-10,México,Premium,Se fue a la competencia,20,1138.85
2025-10,México,Premium,Mala experiencia de soporte,14,937.42
2025-10,México,Premium,No logró implementar,14,844.45
2025-10,México,Premium,Cambió de contador,8,604.29
2025-10,México,Premium,Funcionalidad faltante,7,519.07
2025-10,México,Premium,Otro / sin motivo registrado,6,379.62
2025-10,México,Corporativo,Cerró o quebró el negocio,4,593.26
2025-10,México,Corporativo,Precio / ajuste anual,4,476.1
2025-10,México,Corporativo,Se fue a la competencia,3,366.42
2025-10,México,Corporativo,Mala experiencia de soporte,2,301.61
2025-10,México,Corporativo,No logró implementar,2,271.7
2025-10,México,Corporativo,Cambió de contador,1,194.43
2025-10,México,Corporativo,Funcionalidad faltante,1,167.01
2025-10,México,Corporativo,Otro / sin motivo registrado,1,122.14
2025-10,México,Siigo POS,Cerró o quebró el negocio,43,1156.39
2025-10,México,Siigo POS,Precio / ajuste anual,34,928.03
2025-10,México,Siigo POS,Se fue a la competencia,32,714.24
2025-10,México,Siigo POS,Mala experiencia de soporte,25,587.91
2025-10,México,Siigo POS,No logró implementar,22,529.61
2025-10,México,Siigo POS,Cambió de contador,14,378.98
2025-10,México,Siigo POS,Funcionalidad faltante,14,325.54
2025-10,México,Siigo POS,Otro / sin motivo registrado,8,238.08
2025-10,México,POS Gastrobar,Cerró o quebró el negocio,21,863.73
2025-10,México,POS Gastrobar,Precio / ajuste anual,22,693.16
2025-10,México,POS Gastrobar,Se fue a la competencia,14,533.48
2025-10,México,POS Gastrobar,Mala experiencia de soporte,10,439.12
2025-10,México,POS Gastrobar,No logró implementar,9,395.58
2025-10,México,POS Gastrobar,Cambió de contador,8,283.07
2025-10,México,POS Gastrobar,Funcionalidad faltante,6,243.15
2025-10,México,POS Gastrobar,Otro / sin motivo registrado,5,177.83
2025-11,México,Siigo Contador,Cerró o quebró el negocio,25,0.0
2025-11,México,Siigo Contador,Precio / ajuste anual,22,0.0
2025-11,México,Siigo Contador,Se fue a la competencia,16,0.0
2025-11,México,Siigo Contador,Mala experiencia de soporte,12,0.0
2025-11,México,Siigo Contador,No logró implementar,9,0.0
2025-11,México,Siigo Contador,Cambió de contador,8,0.0
2025-11,México,Siigo Contador,Funcionalidad faltante,5,0.0
2025-11,México,Siigo Contador,Otro / sin motivo registrado,6,0.0
2025-11,México,Profesional Independiente,Cerró o quebró el negocio,120,5879.59
2025-11,México,Profesional Independiente,Precio / ajuste anual,105,4718.5
2025-11,México,Profesional Independiente,Se fue a la competencia,90,3631.51
2025-11,México,Profesional Independiente,Mala experiencia de soporte,62,2989.2
2025-11,México,Profesional Independiente,No logró implementar,68,2692.75
2025-11,México,Profesional Independiente,Cambió de contador,45,1926.93
2025-11,México,Profesional Independiente,Funcionalidad faltante,41,1655.18
2025-11,México,Profesional Independiente,Otro / sin motivo registrado,22,1210.5
2025-11,México,Emprendedor,Cerró o quebró el negocio,91,4904.38
2025-11,México,Emprendedor,Precio / ajuste anual,61,3935.87
2025-11,México,Emprendedor,Se fue a la competencia,57,3029.18
2025-11,México,Emprendedor,Mala experiencia de soporte,42,2493.4
2025-11,México,Emprendedor,No logró implementar,40,2246.12
2025-11,México,Emprendedor,Cambió de contador,29,1607.32
2025-11,México,Emprendedor,Funcionalidad faltante,25,1380.65
2025-11,México,Emprendedor,Otro / sin motivo registrado,18,1009.73
2025-11,México,Premium,Cerró o quebró el negocio,33,1887.72
2025-11,México,Premium,Precio / ajuste anual,22,1514.94
2025-11,México,Premium,Se fue a la competencia,19,1165.95
2025-11,México,Premium,Mala experiencia de soporte,13,959.72
2025-11,México,Premium,No logró implementar,12,864.54
2025-11,México,Premium,Cambió de contador,9,618.66
2025-11,México,Premium,Funcionalidad faltante,7,531.42
2025-11,México,Premium,Otro / sin motivo registrado,5,388.65
2025-11,México,Corporativo,Cerró o quebró el negocio,4,559.83
2025-11,México,Corporativo,Precio / ajuste anual,3,449.28
2025-11,México,Corporativo,Se fue a la competencia,2,345.78
2025-11,México,Corporativo,Mala experiencia de soporte,2,284.62
2025-11,México,Corporativo,No logró implementar,1,256.39
2025-11,México,Corporativo,Cambió de contador,1,183.47
2025-11,México,Corporativo,Funcionalidad faltante,1,157.6
2025-11,México,Siigo POS,Cerró o quebró el negocio,37,1085.2
2025-11,México,Siigo POS,Precio / ajuste anual,33,870.9
2025-11,México,Siigo POS,Se fue a la competencia,21,670.27
2025-11,México,Siigo POS,Mala experiencia de soporte,17,551.72
2025-11,México,Siigo POS,No logró implementar,18,497.01
2025-11,México,Siigo POS,Cambió de contador,13,355.66
2025-11,México,Siigo POS,Funcionalidad faltante,10,305.5
2025-11,México,Siigo POS,Otro / sin motivo registrado,9,223.42
2025-11,México,POS Gastrobar,Cerró o quebró el negocio,24,865.97
2025-11,México,POS Gastrobar,Precio / ajuste anual,17,694.96
2025-11,México,POS Gastrobar,Se fue a la competencia,17,534.87
2025-11,México,POS Gastrobar,Mala experiencia de soporte,10,440.26
2025-11,México,POS Gastrobar,No logró implementar,10,396.6
2025-11,México,POS Gastrobar,Cambió de contador,7,283.81
2025-11,México,POS Gastrobar,Funcionalidad faltante,6,243.78
2025-11,México,POS Gastrobar,Otro / sin motivo registrado,4,178.29
2025-12,México,Siigo Contador,Cerró o quebró el negocio,32,0.0
2025-12,México,Siigo Contador,Precio / ajuste anual,24,0.0
2025-12,México,Siigo Contador,Se fue a la competencia,20,0.0
2025-12,México,Siigo Contador,Mala experiencia de soporte,15,0.0
2025-12,México,Siigo Contador,No logró implementar,14,0.0
2025-12,México,Siigo Contador,Cambió de contador,11,0.0
2025-12,México,Siigo Contador,Funcionalidad faltante,8,0.0
2025-12,México,Siigo Contador,Otro / sin motivo registrado,5,0.0
2025-12,México,Profesional Independiente,Cerró o quebró el negocio,137,7421.23
2025-12,México,Profesional Independiente,Precio / ajuste anual,121,5955.7
2025-12,México,Profesional Independiente,Se fue a la competencia,119,4583.7
2025-12,México,Profesional Independiente,Mala experiencia de soporte,83,3772.98
2025-12,México,Profesional Independiente,No logró implementar,66,3398.8
2025-12,México,Profesional Independiente,Cambió de contador,52,2432.17
2025-12,México,Profesional Independiente,Funcionalidad faltante,41,2089.17
2025-12,México,Profesional Independiente,Otro / sin motivo registrado,38,1527.9
2025-12,México,Emprendedor,Cerró o quebró el negocio,83,5763.31
2025-12,México,Emprendedor,Precio / ajuste anual,80,4625.17
2025-12,México,Emprendedor,Se fue a la competencia,60,3559.69
2025-12,México,Emprendedor,Mala experiencia de soporte,52,2930.08
2025-12,México,Emprendedor,No logró implementar,33,2639.5
2025-12,México,Emprendedor,Cambió de contador,42,1888.81
2025-12,México,Emprendedor,Funcionalidad faltante,24,1622.44
2025-12,México,Emprendedor,Otro / sin motivo registrado,16,1186.56
2025-12,México,Premium,Cerró o quebró el negocio,34,2187.99
2025-12,México,Premium,Precio / ajuste anual,21,1755.91
2025-12,México,Premium,Se fue a la competencia,21,1351.41
2025-12,México,Premium,Mala experiencia de soporte,16,1112.38
2025-12,México,Premium,No logró implementar,12,1002.06
2025-12,México,Premium,Cambió de contador,10,717.07
2025-12,México,Premium,Funcionalidad faltante,10,615.95
2025-12,México,Premium,Otro / sin motivo registrado,7,450.47
2025-12,México,Corporativo,Cerró o quebró el negocio,4,671.03
2025-12,México,Corporativo,Precio / ajuste anual,4,538.51
2025-12,México,Corporativo,Se fue a la competencia,3,414.46
2025-12,México,Corporativo,Mala experiencia de soporte,2,341.15
2025-12,México,Corporativo,No logró implementar,3,307.32
2025-12,México,Corporativo,Cambió de contador,1,219.92
2025-12,México,Corporativo,Funcionalidad faltante,1,188.9
2025-12,México,Corporativo,Otro / sin motivo registrado,1,138.15
2025-12,México,Siigo POS,Cerró o quebró el negocio,48,1354.45
2025-12,México,Siigo POS,Precio / ajuste anual,35,1086.97
2025-12,México,Siigo POS,Se fue a la competencia,30,836.57
2025-12,México,Siigo POS,Mala experiencia de soporte,21,688.6
2025-12,México,Siigo POS,No logró implementar,24,620.31
2025-12,México,Siigo POS,Cambió de contador,12,443.89
2025-12,México,Siigo POS,Funcionalidad faltante,14,381.29
2025-12,México,Siigo POS,Otro / sin motivo registrado,11,278.86
2025-12,México,POS Gastrobar,Cerró o quebró el negocio,28,975.13
2025-12,México,POS Gastrobar,Precio / ajuste anual,19,782.56
2025-12,México,POS Gastrobar,Se fue a la competencia,17,602.29
2025-12,México,POS Gastrobar,Mala experiencia de soporte,14,495.76
2025-12,México,POS Gastrobar,No logró implementar,9,446.59
2025-12,México,POS Gastrobar,Cambió de contador,9,319.58
2025-12,México,POS Gastrobar,Funcionalidad faltante,7,274.51
2025-12,México,POS Gastrobar,Otro / sin motivo registrado,5,200.76
2026-01,México,Siigo Contador,Cerró o quebró el negocio,43,0.0
2026-01,México,Siigo Contador,Precio / ajuste anual,58,0.0
2026-01,México,Siigo Contador,Se fue a la competencia,29,0.0
2026-01,México,Siigo Contador,Mala experiencia de soporte,20,0.0
2026-01,México,Siigo Contador,No logró implementar,16,0.0
2026-01,México,Siigo Contador,Cambió de contador,11,0.0
2026-01,México,Siigo Contador,Funcionalidad faltante,10,0.0
2026-01,México,Siigo Contador,Otro / sin motivo registrado,7,0.0
2026-01,México,Profesional Independiente,Cerró o quebró el negocio,162,8276.57
2026-01,México,Profesional Independiente,Precio / ajuste anual,245,10826.65
2026-01,México,Profesional Independiente,Se fue a la competencia,107,5112.0
2026-01,México,Profesional Independiente,Mala experiencia de soporte,90,4207.83
2026-01,México,Profesional Independiente,No logró implementar,95,3790.53
2026-01,México,Profesional Independiente,Cambió de contador,65,2712.49
2026-01,México,Profesional Independiente,Funcionalidad faltante,51,2329.96
2026-01,México,Profesional Independiente,Otro / sin motivo registrado,28,1704.0
2026-01,México,Emprendedor,Cerró o quebró el negocio,75,5965.09
2026-01,México,Emprendedor,Precio / ajuste anual,125,7802.99
2026-01,México,Emprendedor,Se fue a la competencia,58,3684.32
2026-01,México,Emprendedor,Mala experiencia de soporte,61,3032.67
2026-01,México,Emprendedor,No logró implementar,48,2731.91
2026-01,México,Emprendedor,Cambió de contador,39,1954.95
2026-01,México,Emprendedor,Funcionalidad faltante,29,1679.25
2026-01,México,Emprendedor,Otro / sin motivo registrado,18,1228.11
2026-01,México,Premium,Cerró o quebró el negocio,44,2516.75
2026-01,México,Premium,Precio / ajuste anual,53,3292.19
2026-01,México,Premium,Se fue a la competencia,25,1554.46
2026-01,México,Premium,Mala experiencia de soporte,19,1279.53
2026-01,México,Premium,No logró implementar,20,1152.63
2026-01,México,Premium,Cambió de contador,12,824.82
2026-01,México,Premium,Funcionalidad faltante,10,708.5
2026-01,México,Premium,Otro / sin motivo registrado,7,518.15
2026-01,México,Corporativo,Cerró o quebró el negocio,5,740.31
2026-01,México,Corporativo,Precio / ajuste anual,7,968.4
2026-01,México,Corporativo,Se fue a la competencia,3,457.25
2026-01,México,Corporativo,Mala experiencia de soporte,3,376.38
2026-01,México,Corporativo,No logró implementar,2,339.05
2026-01,México,Corporativo,Cambió de contador,1,242.62
2026-01,México,Corporativo,Funcionalidad faltante,1,208.41
2026-01,México,Corporativo,Otro / sin motivo registrado,1,152.42
2026-01,México,Siigo POS,Cerró o quebró el negocio,54,1452.7
2026-01,México,Siigo POS,Precio / ajuste anual,71,1900.29
2026-01,México,Siigo POS,Se fue a la competencia,32,897.26
2026-01,México,Siigo POS,Mala experiencia de soporte,26,738.56
2026-01,México,Siigo POS,No logró implementar,26,665.31
2026-01,México,Siigo POS,Cambió de contador,17,476.1
2026-01,México,Siigo POS,Funcionalidad faltante,11,408.95
2026-01,México,Siigo POS,Otro / sin motivo registrado,13,299.09
2026-01,México,POS Gastrobar,Cerró o quebró el negocio,30,1122.22
2026-01,México,POS Gastrobar,Precio / ajuste anual,40,1467.99
2026-01,México,POS Gastrobar,Se fue a la competencia,17,693.14
2026-01,México,POS Gastrobar,Mala experiencia de soporte,18,570.54
2026-01,México,POS Gastrobar,No logró implementar,12,513.96
2026-01,México,POS Gastrobar,Cambió de contador,6,367.79
2026-01,México,POS Gastrobar,Funcionalidad faltante,8,315.92
2026-01,México,POS Gastrobar,Otro / sin motivo registrado,6,231.05
2026-02,México,Siigo Contador,Cerró o quebró el negocio,33,0.0
2026-02,México,Siigo Contador,Precio / ajuste anual,40,0.0
2026-02,México,Siigo Contador,Se fue a la competencia,20,0.0
2026-02,México,Siigo Contador,Mala experiencia de soporte,17,0.0
2026-02,México,Siigo Contador,No logró implementar,15,0.0
2026-02,México,Siigo Contador,Cambió de contador,10,0.0
2026-02,México,Siigo Contador,Funcionalidad faltante,8,0.0
2026-02,México,Siigo Contador,Otro / sin motivo registrado,6,0.0
2026-02,México,Profesional Independiente,Cerró o quebró el negocio,158,7069.94
2026-02,México,Profesional Independiente,Precio / ajuste anual,209,9248.26
2026-02,México,Profesional Independiente,Se fue a la competencia,96,4366.73
2026-02,México,Profesional Independiente,Mala experiencia de soporte,83,3594.38
2026-02,México,Profesional Independiente,No logró implementar,64,3237.91
2026-02,México,Profesional Independiente,Cambió de contador,52,2317.04
2026-02,México,Profesional Independiente,Funcionalidad faltante,37,1990.28
2026-02,México,Profesional Independiente,Otro / sin motivo registrado,40,1455.58
2026-02,México,Emprendedor,Cerró o quebró el negocio,96,5433.08
2026-02,México,Emprendedor,Precio / ajuste anual,107,7107.07
2026-02,México,Emprendedor,Se fue a la competencia,57,3355.73
2026-02,México,Emprendedor,Mala experiencia de soporte,40,2762.2
2026-02,México,Emprendedor,No logró implementar,44,2488.26
2026-02,México,Emprendedor,Cambió de contador,31,1780.59
2026-02,México,Emprendedor,Funcionalidad faltante,21,1529.48
2026-02,México,Emprendedor,Otro / sin motivo registrado,16,1118.58
2026-02,México,Premium,Cerró o quebró el negocio,24,2112.3
2026-02,México,Premium,Precio / ajuste anual,49,2763.12
2026-02,México,Premium,Se fue a la competencia,18,1304.66
2026-02,México,Premium,Mala experiencia de soporte,15,1073.9
2026-02,México,Premium,No logró implementar,13,967.4
2026-02,México,Premium,Cambió de contador,12,692.27
2026-02,México,Premium,Funcionalidad faltante,8,594.64
2026-02,México,Premium,Otro / sin motivo registrado,6,434.89
2026-02,México,Corporativo,Cerró o quebró el negocio,4,633.73
2026-02,México,Corporativo,Precio / ajuste anual,6,828.99
2026-02,México,Corporativo,Se fue a la competencia,3,391.42
2026-02,México,Corporativo,Mala experiencia de soporte,2,322.19
2026-02,México,Corporativo,No logró implementar,2,290.24
2026-02,México,Corporativo,Cambió de contador,1,207.69
2026-02,México,Corporativo,Funcionalidad faltante,1,178.4
2026-02,México,Corporativo,Otro / sin motivo registrado,1,130.47
2026-02,México,Siigo POS,Cerró o quebró el negocio,47,1215.59
2026-02,México,Siigo POS,Precio / ajuste anual,47,1590.13
2026-02,México,Siigo POS,Se fue a la competencia,19,750.81
2026-02,México,Siigo POS,Mala experiencia de soporte,19,618.01
2026-02,México,Siigo POS,No logró implementar,22,556.72
2026-02,México,Siigo POS,Cambió de contador,17,398.39
2026-02,México,Siigo POS,Funcionalidad faltante,11,342.21
2026-02,México,Siigo POS,Otro / sin motivo registrado,11,250.27
2026-02,México,POS Gastrobar,Cerró o quebró el negocio,25,940.18
2026-02,México,POS Gastrobar,Precio / ajuste anual,42,1229.86
2026-02,México,POS Gastrobar,Se fue a la competencia,15,580.7
2026-02,México,POS Gastrobar,Mala experiencia de soporte,12,477.99
2026-02,México,POS Gastrobar,No logró implementar,12,430.59
2026-02,México,POS Gastrobar,Cambió de contador,7,308.13
2026-02,México,POS Gastrobar,Funcionalidad faltante,7,264.67
2026-02,México,POS Gastrobar,Otro / sin motivo registrado,6,193.57
2026-03,México,Siigo Contador,Cerró o quebró el negocio,28,0.0
2026-03,México,Siigo Contador,Precio / ajuste anual,22,0.0
2026-03,México,Siigo Contador,Se fue a la competencia,21,0.0
2026-03,México,Siigo Contador,Mala experiencia de soporte,21,0.0
2026-03,México,Siigo Contador,No logró implementar,14,0.0
2026-03,México,Siigo Contador,Cambió de contador,10,0.0
2026-03,México,Siigo Contador,Funcionalidad faltante,9,0.0
2026-03,México,Siigo Contador,Otro / sin motivo registrado,6,0.0
2026-03,México,Profesional Independiente,Cerró o quebró el negocio,145,6997.48
2026-03,México,Profesional Independiente,Precio / ajuste anual,145,5615.63
2026-03,México,Profesional Independiente,Se fue a la competencia,105,4321.97
2026-03,México,Profesional Independiente,Mala experiencia de soporte,103,5265.17
2026-03,México,Profesional Independiente,No logró implementar,68,3204.73
2026-03,México,Profesional Independiente,Cambió de contador,44,2293.29
2026-03,México,Profesional Independiente,Funcionalidad faltante,40,1969.88
2026-03,México,Profesional Independiente,Otro / sin motivo registrado,32,1440.66
2026-03,México,Emprendedor,Cerró o quebró el negocio,90,5536.66
2026-03,México,Emprendedor,Precio / ajuste anual,78,4443.28
2026-03,México,Emprendedor,Se fue a la competencia,56,3419.7
2026-03,México,Emprendedor,Mala experiencia de soporte,64,4165.98
2026-03,México,Emprendedor,No logró implementar,36,2535.7
2026-03,México,Emprendedor,Cambió de contador,30,1814.53
2026-03,México,Emprendedor,Funcionalidad faltante,27,1558.64
2026-03,México,Emprendedor,Otro / sin motivo registrado,19,1139.9
2026-03,México,Premium,Cerró o quebró el negocio,41,2372.27
2026-03,México,Premium,Precio / ajuste anual,23,1903.8
2026-03,México,Premium,Se fue a la competencia,20,1465.23
2026-03,México,Premium,Mala experiencia de soporte,31,1784.98
2026-03,México,Premium,No logró implementar,16,1086.46
2026-03,México,Premium,Cambió de contador,11,777.47
2026-03,México,Premium,Funcionalidad faltante,8,667.82
2026-03,México,Premium,Otro / sin motivo registrado,5,488.41
2026-03,México,Corporativo,Cerró o quebró el negocio,5,658.05
2026-03,México,Corporativo,Precio / ajuste anual,4,528.1
2026-03,México,Corporativo,Se fue a la competencia,3,406.44
2026-03,México,Corporativo,Mala experiencia de soporte,3,495.14
2026-03,México,Corporativo,No logró implementar,2,301.38
2026-03,México,Corporativo,Cambió de contador,1,215.66
2026-03,México,Corporativo,Funcionalidad faltante,1,185.25
2026-03,México,Corporativo,Otro / sin motivo registrado,1,135.48
2026-03,México,Siigo POS,Cerró o quebró el negocio,41,1392.91
2026-03,México,Siigo POS,Precio / ajuste anual,38,1117.84
2026-03,México,Siigo POS,Se fue a la competencia,26,860.33
2026-03,México,Siigo POS,Mala experiencia de soporte,43,1048.08
2026-03,México,Siigo POS,No logró implementar,27,637.93
2026-03,México,Siigo POS,Cambió de contador,16,456.5
2026-03,México,Siigo POS,Funcionalidad faltante,12,392.12
2026-03,México,Siigo POS,Otro / sin motivo registrado,13,286.78
2026-03,México,POS Gastrobar,Cerró o quebró el negocio,21,928.18
2026-03,México,POS Gastrobar,Precio / ajuste anual,19,744.89
2026-03,México,POS Gastrobar,Se fue a la competencia,13,573.29
2026-03,México,POS Gastrobar,Mala experiencia de soporte,15,698.4
2026-03,México,POS Gastrobar,No logró implementar,12,425.09
2026-03,México,POS Gastrobar,Cambió de contador,9,304.19
2026-03,México,POS Gastrobar,Funcionalidad faltante,6,261.3
2026-03,México,POS Gastrobar,Otro / sin motivo registrado,4,191.1
2026-04,México,Siigo Contador,Cerró o quebró el negocio,27,0.0
2026-04,México,Siigo Contador,Precio / ajuste anual,27,0.0
2026-04,México,Siigo Contador,Se fue a la competencia,24,0.0
2026-04,México,Siigo Contador,Mala experiencia de soporte,23,0.0
2026-04,México,Siigo Contador,No logró implementar,14,0.0
2026-04,México,Siigo Contador,Cambió de contador,11,0.0
2026-04,México,Siigo Contador,Funcionalidad faltante,10,0.0
2026-04,México,Siigo Contador,Otro / sin motivo registrado,6,0.0
2026-04,México,Profesional Independiente,Cerró o quebró el negocio,142,7374.36
2026-04,México,Profesional Independiente,Precio / ajuste anual,124,5918.08
2026-04,México,Profesional Independiente,Se fue a la competencia,103,4554.75
2026-04,México,Profesional Independiente,Mala experiencia de soporte,139,5548.74
2026-04,México,Profesional Independiente,No logró implementar,78,3377.33
2026-04,México,Profesional Independiente,Cambió de contador,60,2416.81
2026-04,México,Profesional Independiente,Funcionalidad faltante,52,2075.98
2026-04,México,Profesional Independiente,Otro / sin motivo registrado,29,1518.25
2026-04,México,Emprendedor,Cerró o quebró el negocio,79,5591.73
2026-04,México,Emprendedor,Precio / ajuste anual,61,4487.48
2026-04,México,Emprendedor,Se fue a la competencia,57,3453.71
2026-04,México,Emprendedor,Mala experiencia de soporte,68,4207.42
2026-04,México,Emprendedor,No logró implementar,48,2560.92
2026-04,México,Emprendedor,Cambió de contador,30,1832.58
2026-04,México,Emprendedor,Funcionalidad faltante,25,1574.14
2026-04,México,Emprendedor,Otro / sin motivo registrado,21,1151.24
2026-04,México,Premium,Cerró o quebró el negocio,27,1960.59
2026-04,México,Premium,Precio / ajuste anual,23,1573.42
2026-04,México,Premium,Se fue a la competencia,19,1210.96
2026-04,México,Premium,Mala experiencia de soporte,18,1475.22
2026-04,México,Premium,No logró implementar,10,897.92
2026-04,México,Premium,Cambió de contador,8,642.55
2026-04,México,Premium,Funcionalidad faltante,8,551.93
2026-04,México,Premium,Otro / sin motivo registrado,6,403.65
2026-04,México,Corporativo,Cerró o quebró el negocio,5,694.0
2026-04,México,Corporativo,Precio / ajuste anual,4,556.95
2026-04,México,Corporativo,Se fue a la competencia,3,428.64
2026-04,México,Corporativo,Mala experiencia de soporte,4,522.19
2026-04,México,Corporativo,No logró implementar,2,317.84
2026-04,México,Corporativo,Cambió de contador,1,227.44
2026-04,México,Corporativo,Funcionalidad faltante,1,195.37
2026-04,México,Corporativo,Otro / sin motivo registrado,1,142.88
2026-04,México,Siigo POS,Cerró o quebró el negocio,43,1291.87
2026-04,México,Siigo POS,Precio / ajuste anual,34,1036.75
2026-04,México,Siigo POS,Se fue a la competencia,29,797.92
2026-04,México,Siigo POS,Mala experiencia de soporte,30,972.05
2026-04,México,Siigo POS,No logró implementar,20,591.65
2026-04,México,Siigo POS,Cambió de contador,14,423.39
2026-04,México,Siigo POS,Funcionalidad faltante,11,363.68
2026-04,México,Siigo POS,Otro / sin motivo registrado,10,265.97
2026-04,México,POS Gastrobar,Cerró o quebró el negocio,26,1057.73
2026-04,México,POS Gastrobar,Precio / ajuste anual,22,848.85
2026-04,México,POS Gastrobar,Se fue a la competencia,17,653.3
2026-04,México,POS Gastrobar,Mala experiencia de soporte,18,795.87
2026-04,México,POS Gastrobar,No logró implementar,13,484.42
2026-04,México,POS Gastrobar,Cambió de contador,9,346.65
2026-04,México,POS Gastrobar,Funcionalidad faltante,7,297.76
2026-04,México,POS Gastrobar,Otro / sin motivo registrado,5,217.77
2026-05,México,Siigo Contador,Cerró o quebró el negocio,23,0.0
2026-05,México,Siigo Contador,Precio / ajuste anual,25,0.0
2026-05,México,Siigo Contador,Se fue a la competencia,20,0.0
2026-05,México,Siigo Contador,Mala experiencia de soporte,24,0.0
2026-05,México,Siigo Contador,No logró implementar,15,0.0
2026-05,México,Siigo Contador,Cambió de contador,10,0.0
2026-05,México,Siigo Contador,Funcionalidad faltante,10,0.0
2026-05,México,Siigo Contador,Otro / sin motivo registrado,6,0.0
2026-05,México,Profesional Independiente,Cerró o quebró el negocio,119,7043.34
2026-05,México,Profesional Independiente,Precio / ajuste anual,115,5652.43
2026-05,México,Profesional Independiente,Se fue a la competencia,73,4350.3
2026-05,México,Profesional Independiente,Mala experiencia de soporte,101,5299.67
2026-05,México,Profesional Independiente,No logró implementar,70,3225.73
2026-05,México,Profesional Independiente,Cambió de contador,47,2308.32
2026-05,México,Profesional Independiente,Funcionalidad faltante,44,1982.79
2026-05,México,Profesional Independiente,Otro / sin motivo registrado,28,1450.1
2026-05,México,Emprendedor,Cerró o quebró el negocio,90,5255.14
2026-05,México,Emprendedor,Precio / ajuste anual,56,4217.36
2026-05,México,Emprendedor,Se fue a la competencia,52,3245.82
2026-05,México,Emprendedor,Mala experiencia de soporte,72,3954.16
2026-05,México,Emprendedor,No logró implementar,43,2406.77
2026-05,México,Emprendedor,Cambió de contador,25,1722.27
2026-05,México,Emprendedor,Funcionalidad faltante,23,1479.39
2026-05,México,Emprendedor,Otro / sin motivo registrado,16,1081.94
2026-05,México,Premium,Cerró o quebró el negocio,29,2490.42
2026-05,México,Premium,Precio / ajuste anual,27,1998.61
2026-05,México,Premium,Se fue a la competencia,26,1538.2
2026-05,México,Premium,Mala experiencia de soporte,21,1873.88
2026-05,México,Premium,No logró implementar,16,1140.57
2026-05,México,Premium,Cambió de contador,15,816.19
2026-05,México,Premium,Funcionalidad faltante,10,701.08
2026-05,México,Premium,Otro / sin motivo registrado,6,512.73
2026-05,México,Corporativo,Cerró o quebró el negocio,6,700.81
2026-05,México,Corporativo,Precio / ajuste anual,5,562.41
2026-05,México,Corporativo,Se fue a la competencia,3,432.85
2026-05,México,Corporativo,Mala experiencia de soporte,4,527.31
2026-05,México,Corporativo,No logró implementar,2,320.96
2026-05,México,Corporativo,Cambió de contador,1,229.68
2026-05,México,Corporativo,Funcionalidad faltante,1,197.29
2026-05,México,Corporativo,Otro / sin motivo registrado,1,144.28
2026-05,México,Siigo POS,Cerró o quebró el negocio,40,1300.02
2026-05,México,Siigo POS,Precio / ajuste anual,32,1043.29
2026-05,México,Siigo POS,Se fue a la competencia,31,802.95
2026-05,México,Siigo POS,Mala experiencia de soporte,30,978.18
2026-05,México,Siigo POS,No logró implementar,22,595.39
2026-05,México,Siigo POS,Cambió de contador,15,426.06
2026-05,México,Siigo POS,Funcionalidad faltante,13,365.97
2026-05,México,Siigo POS,Otro / sin motivo registrado,8,267.65
2026-05,México,POS Gastrobar,Cerró o quebró el negocio,24,1024.11
2026-05,México,POS Gastrobar,Precio / ajuste anual,20,821.87
2026-05,México,POS Gastrobar,Se fue a la competencia,18,632.54
2026-05,México,POS Gastrobar,Mala experiencia de soporte,21,770.58
2026-05,México,POS Gastrobar,No logró implementar,10,469.02
2026-05,México,POS Gastrobar,Cambió de contador,10,335.63
2026-05,México,POS Gastrobar,Funcionalidad faltante,7,288.3
2026-05,México,POS Gastrobar,Otro / sin motivo registrado,4,210.85
2026-06,México,Siigo Contador,Cerró o quebró el negocio,31,0.0
2026-06,México,Siigo Contador,Precio / ajuste anual,30,0.0
2026-06,México,Siigo Contador,Se fue a la competencia,23,0.0
2026-06,México,Siigo Contador,Mala experiencia de soporte,19,0.0
2026-06,México,Siigo Contador,No logró implementar,14,0.0
2026-06,México,Siigo Contador,Cambió de contador,10,0.0
2026-06,México,Siigo Contador,Funcionalidad faltante,11,0.0
2026-06,México,Siigo Contador,Otro / sin motivo registrado,6,0.0
2026-06,México,Profesional Independiente,Cerró o quebró el negocio,157,6940.15
2026-06,México,Profesional Independiente,Precio / ajuste anual,120,5569.62
2026-06,México,Profesional Independiente,Se fue a la competencia,88,4286.56
2026-06,México,Profesional Independiente,Mala experiencia de soporte,72,3528.4
2026-06,México,Profesional Independiente,No logró implementar,80,3178.47
2026-06,México,Profesional Independiente,Cambió de contador,58,2274.5
2026-06,México,Profesional Independiente,Funcionalidad faltante,37,1953.74
2026-06,México,Profesional Independiente,Otro / sin motivo registrado,22,1428.85
2026-06,México,Emprendedor,Cerró o quebró el negocio,109,5713.9
2026-06,México,Emprendedor,Precio / ajuste anual,75,4585.52
2026-06,México,Emprendedor,Se fue a la competencia,66,3529.17
2026-06,México,Emprendedor,Mala experiencia de soporte,42,2904.97
2026-06,México,Emprendedor,No logró implementar,41,2616.87
2026-06,México,Emprendedor,Cambió de contador,32,1872.62
2026-06,México,Emprendedor,Funcionalidad faltante,27,1608.53
2026-06,México,Emprendedor,Otro / sin motivo registrado,20,1176.39
2026-06,México,Premium,Cerró o quebró el negocio,34,2308.08
2026-06,México,Premium,Precio / ajuste anual,25,1852.28
2026-06,México,Premium,Se fue a la competencia,24,1425.58
2026-06,México,Premium,Mala experiencia de soporte,16,1173.44
2026-06,México,Premium,No logró implementar,15,1057.06
2026-06,México,Premium,Cambió de contador,9,756.43
2026-06,México,Premium,Funcionalidad faltante,9,649.75
2026-06,México,Premium,Otro / sin motivo registrado,6,475.19
2026-06,México,Corporativo,Cerró o quebró el negocio,5,628.36
2026-06,México,Corporativo,Precio / ajuste anual,4,504.27
2026-06,México,Corporativo,Se fue a la competencia,2,388.1
2026-06,México,Corporativo,Mala experiencia de soporte,2,319.46
2026-06,México,Corporativo,No logró implementar,2,287.78
2026-06,México,Corporativo,Cambió de contador,1,205.93
2026-06,México,Corporativo,Funcionalidad faltante,1,176.89
2026-06,México,Siigo POS,Cerró o quebró el negocio,47,1309.07
2026-06,México,Siigo POS,Precio / ajuste anual,36,1050.56
2026-06,México,Siigo POS,Se fue a la competencia,21,808.54
2026-06,México,Siigo POS,Mala experiencia de soporte,23,665.54
2026-06,México,Siigo POS,No logró implementar,22,599.53
2026-06,México,Siigo POS,Cambió de contador,17,429.02
2026-06,México,Siigo POS,Funcionalidad faltante,12,368.52
2026-06,México,Siigo POS,Otro / sin motivo registrado,10,269.51
2026-06,México,POS Gastrobar,Cerró o quebró el negocio,31,1078.27
2026-06,México,POS Gastrobar,Precio / ajuste anual,21,865.33
2026-06,México,POS Gastrobar,Se fue a la competencia,20,665.99
2026-06,México,POS Gastrobar,Mala experiencia de soporte,17,548.2
2026-06,México,POS Gastrobar,No logró implementar,15,493.83
2026-06,México,POS Gastrobar,Cambió de contador,6,353.38
2026-06,México,POS Gastrobar,Funcionalidad faltante,8,303.55
2026-06,México,POS Gastrobar,Otro / sin motivo registrado,5,222.0
2026-07,México,Siigo Contador,Cerró o quebró el negocio,29,0.0
2026-07,México,Siigo Contador,Precio / ajuste anual,25,0.0
2026-07,México,Siigo Contador,Se fue a la competencia,15,0.0
2026-07,México,Siigo Contador,Mala experiencia de soporte,18,0.0
2026-07,México,Siigo Contador,No logró implementar,15,0.0
2026-07,México,Siigo Contador,Cambió de contador,10,0.0
2026-07,México,Siigo Contador,Funcionalidad faltante,11,0.0
2026-07,México,Siigo Contador,Otro / sin motivo registrado,6,0.0
2026-07,México,Profesional Independiente,Cerró o quebró el negocio,146,7067.11
2026-07,México,Profesional Independiente,Precio / ajuste anual,112,5671.5
2026-07,México,Profesional Independiente,Se fue a la competencia,85,4364.98
2026-07,México,Profesional Independiente,Mala experiencia de soporte,72,3592.94
2026-07,México,Profesional Independiente,No logró implementar,65,3236.62
2026-07,México,Profesional Independiente,Cambió de contador,49,2316.11
2026-07,México,Profesional Independiente,Funcionalidad faltante,43,1989.48
2026-07,México,Profesional Independiente,Otro / sin motivo registrado,30,1454.99
2026-07,México,Emprendedor,Cerró o quebró el negocio,102,5767.09
2026-07,México,Emprendedor,Precio / ajuste anual,82,4628.21
2026-07,México,Emprendedor,Se fue a la competencia,40,3562.02
2026-07,México,Emprendedor,Mala experiencia de soporte,57,2932.01
2026-07,México,Emprendedor,No logró implementar,42,2641.23
2026-07,México,Emprendedor,Cambió de contador,32,1890.05
2026-07,México,Emprendedor,Funcionalidad faltante,20,1623.51
2026-07,México,Emprendedor,Otro / sin motivo registrado,20,1187.34
2026-07,México,Premium,Cerró o quebró el negocio,34,2418.14
2026-07,México,Premium,Precio / ajuste anual,28,1940.61
2026-07,México,Premium,Se fue a la competencia,24,1493.56
2026-07,México,Premium,Mala experiencia de soporte,14,1229.39
2026-07,México,Premium,No logró implementar,16,1107.47
2026-07,México,Premium,Cambió de contador,12,792.5
2026-07,México,Premium,Funcionalidad faltante,9,680.74
2026-07,México,Premium,Otro / sin motivo registrado,7,497.85
2026-07,México,Corporativo,Cerró o quebró el negocio,4,659.29
2026-07,México,Corporativo,Precio / ajuste anual,4,529.09
2026-07,México,Corporativo,Se fue a la competencia,2,407.21
2026-07,México,Corporativo,Mala experiencia de soporte,2,335.19
2026-07,México,Corporativo,No logró implementar,2,301.94
2026-07,México,Corporativo,Cambió de contador,1,216.07
2026-07,México,Corporativo,Funcionalidad faltante,1,185.6
2026-07,México,Corporativo,Otro / sin motivo registrado,1,135.74
2026-07,México,Siigo POS,Cerró o quebró el negocio,43,1442.74
2026-07,México,Siigo POS,Precio / ajuste anual,39,1157.83
2026-07,México,Siigo POS,Se fue a la competencia,34,891.1
2026-07,México,Siigo POS,Mala experiencia de soporte,31,733.49
2026-07,México,Siigo POS,No logró implementar,21,660.75
2026-07,México,Siigo POS,Cambió de contador,15,472.83
2026-07,México,Siigo POS,Funcionalidad faltante,14,406.15
2026-07,México,Siigo POS,Otro / sin motivo registrado,11,297.03
2026-07,México,POS Gastrobar,Cerró o quebró el negocio,26,980.11
2026-07,México,POS Gastrobar,Precio / ajuste anual,22,786.56
2026-07,México,POS Gastrobar,Se fue a la competencia,16,605.36
2026-07,México,POS Gastrobar,Mala experiencia de soporte,13,498.29
2026-07,México,POS Gastrobar,No logró implementar,10,448.88
2026-07,México,POS Gastrobar,Cambió de contador,6,321.21
2026-07,México,POS Gastrobar,Funcionalidad faltante,5,275.91
2026-07,México,POS Gastrobar,Otro / sin motivo registrado,5,201.79
2026-08,México,Siigo Contador,Cerró o quebró el negocio,30,0.0
2026-08,México,Siigo Contador,Precio / ajuste anual,27,0.0
2026-08,México,Siigo Contador,Se fue a la competencia,22,0.0
2026-08,México,Siigo Contador,Mala experiencia de soporte,30,0.0
2026-08,México,Siigo Contador,No logró implementar,14,0.0
2026-08,México,Siigo Contador,Cambió de contador,11,0.0
2026-08,México,Siigo Contador,Funcionalidad faltante,8,0.0
2026-08,México,Siigo Contador,Otro / sin motivo registrado,5,0.0
2026-08,México,Profesional Independiente,Cerró o quebró el negocio,167,7667.95
2026-08,México,Profesional Independiente,Precio / ajuste anual,128,6153.69
2026-08,México,Profesional Independiente,Se fue a la competencia,104,4736.08
2026-08,México,Profesional Independiente,Mala experiencia de soporte,137,5769.65
2026-08,México,Profesional Independiente,No logró implementar,89,3511.79
2026-08,México,Profesional Independiente,Cambió de contador,47,2513.02
2026-08,México,Profesional Independiente,Funcionalidad faltante,41,2158.62
2026-08,México,Profesional Independiente,Otro / sin motivo registrado,35,1578.69
2026-08,México,Emprendedor,Cerró o quebró el negocio,78,5650.98
2026-08,México,Emprendedor,Precio / ajuste anual,68,4535.03
2026-08,México,Emprendedor,Se fue a la competencia,50,3490.31
2026-08,México,Emprendedor,Mala experiencia de soporte,52,4252.01
2026-08,México,Emprendedor,No logró implementar,31,2588.05
2026-08,México,Emprendedor,Cambió de contador,31,1852.0
2026-08,México,Emprendedor,Funcionalidad faltante,25,1590.82
2026-08,México,Emprendedor,Otro / sin motivo registrado,20,1163.44
2026-08,México,Premium,Cerró o quebró el negocio,32,2314.41
2026-08,México,Premium,Precio / ajuste anual,23,1857.36
2026-08,México,Premium,Se fue a la competencia,20,1429.49
2026-08,México,Premium,Mala experiencia de soporte,24,1741.45
2026-08,México,Premium,No logró implementar,17,1059.96
2026-08,México,Premium,Cambió de contador,10,758.5
2026-08,México,Premium,Funcionalidad faltante,10,651.53
2026-08,México,Premium,Otro / sin motivo registrado,6,476.5
2026-08,México,Corporativo,Cerró o quebró el negocio,5,708.52
2026-08,México,Corporativo,Precio / ajuste anual,4,568.6
2026-08,México,Corporativo,Se fue a la competencia,3,437.62
2026-08,México,Corporativo,Mala experiencia de soporte,3,533.12
2026-08,México,Corporativo,No logró implementar,2,324.49
2026-08,México,Corporativo,Cambió de contador,1,232.2
2026-08,México,Corporativo,Funcionalidad faltante,1,199.46
2026-08,México,Corporativo,Otro / sin motivo registrado,1,145.87
2026-08,México,Siigo POS,Cerró o quebró el negocio,47,1289.2
2026-08,México,Siigo POS,Precio / ajuste anual,39,1034.61
2026-08,México,Siigo POS,Se fue a la competencia,29,796.27
2026-08,México,Siigo POS,Mala experiencia de soporte,30,970.04
2026-08,México,Siigo POS,No logró implementar,21,590.43
2026-08,México,Siigo POS,Cambió de contador,17,422.51
2026-08,México,Siigo POS,Funcionalidad faltante,11,362.92
2026-08,México,Siigo POS,Otro / sin motivo registrado,7,265.42
2026-08,México,POS Gastrobar,Cerró o quebró el negocio,23,1009.71
2026-08,México,POS Gastrobar,Precio / ajuste anual,24,810.31
2026-08,México,POS Gastrobar,Se fue a la competencia,16,623.64
2026-08,México,POS Gastrobar,Mala experiencia de soporte,22,759.74
2026-08,México,POS Gastrobar,No logró implementar,12,462.43
2026-08,México,POS Gastrobar,Cambió de contador,10,330.91
2026-08,México,POS Gastrobar,Funcionalidad faltante,7,284.25
2026-08,México,POS Gastrobar,Otro / sin motivo registrado,6,207.88
2024-10,Ecuador,Siigo Contador,Cerró o quebró el negocio,17,0.0
2024-10,Ecuador,Siigo Contador,Precio / ajuste anual,13,0.0
2024-10,Ecuador,Siigo Contador,Se fue a la competencia,10,0.0
2024-10,Ecuador,Siigo Contador,Mala experiencia de soporte,8,0.0
2024-10,Ecuador,Siigo Contador,No logró implementar,6,0.0
2024-10,Ecuador,Siigo Contador,Cambió de contador,5,0.0
2024-10,Ecuador,Siigo Contador,Funcionalidad faltante,4,0.0
2024-10,Ecuador,Siigo Contador,Otro / sin motivo registrado,3,0.0
2024-10,Ecuador,Profesional Independiente,Cerró o quebró el negocio,41,1451.75
2024-10,Ecuador,Profesional Independiente,Precio / ajuste anual,29,1165.06
2024-10,Ecuador,Profesional Independiente,Se fue a la competencia,22,896.67
2024-10,Ecuador,Profesional Independiente,Mala experiencia de soporte,21,738.07
2024-10,Ecuador,Profesional Independiente,No logró implementar,17,664.88
2024-10,Ecuador,Profesional Independiente,Cambió de contador,14,475.78
2024-10,Ecuador,Profesional Independiente,Funcionalidad faltante,10,408.69
2024-10,Ecuador,Profesional Independiente,Otro / sin motivo registrado,8,298.89
2024-10,Ecuador,Emprendedor,Cerró o quebró el negocio,29,1390.14
2024-10,Ecuador,Emprendedor,Precio / ajuste anual,19,1115.62
2024-10,Ecuador,Emprendedor,Se fue a la competencia,15,858.62
2024-10,Ecuador,Emprendedor,Mala experiencia de soporte,17,706.75
2024-10,Ecuador,Emprendedor,No logró implementar,15,636.66
2024-10,Ecuador,Emprendedor,Cambió de contador,10,455.59
2024-10,Ecuador,Emprendedor,Funcionalidad faltante,7,391.34
2024-10,Ecuador,Emprendedor,Otro / sin motivo registrado,6,286.21
2024-10,Ecuador,Premium,Cerró o quebró el negocio,10,685.8
2024-10,Ecuador,Premium,Precio / ajuste anual,10,550.37
2024-10,Ecuador,Premium,Se fue a la competencia,8,423.58
2024-10,Ecuador,Premium,Mala experiencia de soporte,7,348.66
2024-10,Ecuador,Premium,No logró implementar,6,314.09
2024-10,Ecuador,Premium,Cambió de contador,4,224.76
2024-10,Ecuador,Premium,Funcionalidad faltante,4,193.06
2024-10,Ecuador,Premium,Otro / sin motivo registrado,2,141.19
2024-10,Ecuador,Corporativo,Cerró o quebró el negocio,2,240.85
2024-10,Ecuador,Corporativo,Precio / ajuste anual,1,193.28
2024-10,Ecuador,Corporativo,Se fue a la competencia,1,148.76
2024-10,Ecuador,Corporativo,Mala experiencia de soporte,1,122.45
2024-10,Ecuador,Corporativo,No logró implementar,1,110.3
2024-10,Ecuador,Siigo POS,Cerró o quebró el negocio,12,259.98
2024-10,Ecuador,Siigo POS,Precio / ajuste anual,10,208.64
2024-10,Ecuador,Siigo POS,Se fue a la competencia,9,160.57
2024-10,Ecuador,Siigo POS,Mala experiencia de soporte,7,132.17
2024-10,Ecuador,Siigo POS,No logró implementar,5,119.07
2024-10,Ecuador,Siigo POS,Cambió de contador,3,85.2
2024-10,Ecuador,Siigo POS,Funcionalidad faltante,3,73.19
2024-10,Ecuador,Siigo POS,Otro / sin motivo registrado,2,53.52
2024-10,Ecuador,POS Gastrobar,Cerró o quebró el negocio,6,186.86
2024-10,Ecuador,POS Gastrobar,Precio / ajuste anual,4,149.96
2024-10,Ecuador,POS Gastrobar,Se fue a la competencia,3,115.41
2024-10,Ecuador,POS Gastrobar,Mala experiencia de soporte,2,95.0
2024-10,Ecuador,POS Gastrobar,No logró implementar,3,85.58
2024-10,Ecuador,POS Gastrobar,Cambió de contador,2,61.24
2024-10,Ecuador,POS Gastrobar,Funcionalidad faltante,1,52.6
2024-10,Ecuador,POS Gastrobar,Otro / sin motivo registrado,1,38.47
2024-11,Ecuador,Siigo Contador,Cerró o quebró el negocio,14,0.0
2024-11,Ecuador,Siigo Contador,Precio / ajuste anual,9,0.0
2024-11,Ecuador,Siigo Contador,Se fue a la competencia,9,0.0
2024-11,Ecuador,Siigo Contador,Mala experiencia de soporte,6,0.0
2024-11,Ecuador,Siigo Contador,No logró implementar,6,0.0
2024-11,Ecuador,Siigo Contador,Cambió de contador,4,0.0
2024-11,Ecuador,Siigo Contador,Funcionalidad faltante,4,0.0
2024-11,Ecuador,Siigo Contador,Otro / sin motivo registrado,2,0.0
2024-11,Ecuador,Profesional Independiente,Cerró o quebró el negocio,50,1524.92
2024-11,Ecuador,Profesional Independiente,Precio / ajuste anual,29,1223.78
2024-11,Ecuador,Profesional Independiente,Se fue a la competencia,23,941.86
2024-11,Ecuador,Profesional Independiente,Mala experiencia de soporte,21,775.27
2024-11,Ecuador,Profesional Independiente,No logró implementar,20,698.39
2024-11,Ecuador,Profesional Independiente,Cambió de contador,11,499.76
2024-11,Ecuador,Profesional Independiente,Funcionalidad faltante,12,429.28
2024-11,Ecuador,Profesional Independiente,Otro / sin motivo registrado,8,313.95
2024-11,Ecuador,Emprendedor,Cerró o quebró el negocio,35,1703.01
2024-11,Ecuador,Emprendedor,Precio / ajuste anual,30,1366.7
2024-11,Ecuador,Emprendedor,Se fue a la competencia,23,1051.86
2024-11,Ecuador,Emprendedor,Mala experiencia de soporte,17,865.82
2024-11,Ecuador,Emprendedor,No logró implementar,15,779.95
2024-11,Ecuador,Emprendedor,Cambió de contador,11,558.13
2024-11,Ecuador,Emprendedor,Funcionalidad faltante,9,479.42
2024-11,Ecuador,Emprendedor,Otro / sin motivo registrado,7,350.62
2024-11,Ecuador,Premium,Cerró o quebró el negocio,15,752.26
2024-11,Ecuador,Premium,Precio / ajuste anual,9,603.71
2024-11,Ecuador,Premium,Se fue a la competencia,7,464.63
2024-11,Ecuador,Premium,Mala experiencia de soporte,6,382.45
2024-11,Ecuador,Premium,No logró implementar,6,344.52
2024-11,Ecuador,Premium,Cambió de contador,4,246.54
2024-11,Ecuador,Premium,Funcionalidad faltante,4,211.77
2024-11,Ecuador,Premium,Otro / sin motivo registrado,3,154.88
2024-11,Ecuador,Corporativo,Cerró o quebró el negocio,2,249.0
2024-11,Ecuador,Corporativo,Precio / ajuste anual,2,199.82
2024-11,Ecuador,Corporativo,Se fue a la competencia,1,153.79
2024-11,Ecuador,Corporativo,Mala experiencia de soporte,1,126.59
2024-11,Ecuador,Corporativo,No logró implementar,1,114.04
2024-11,Ecuador,Corporativo,Cambió de contador,1,81.6
2024-11,Ecuador,Siigo POS,Cerró o quebró el negocio,13,260.42
2024-11,Ecuador,Siigo POS,Precio / ajuste anual,12,208.99
2024-11,Ecuador,Siigo POS,Se fue a la competencia,7,160.85
2024-11,Ecuador,Siigo POS,Mala experiencia de soporte,6,132.4
2024-11,Ecuador,Siigo POS,No logró implementar,5,119.27
2024-11,Ecuador,Siigo POS,Cambió de contador,4,85.35
2024-11,Ecuador,Siigo POS,Funcionalidad faltante,2,73.31
2024-11,Ecuador,Siigo POS,Otro / sin motivo registrado,2,53.62
2024-11,Ecuador,POS Gastrobar,Cerró o quebró el negocio,6,212.29
2024-11,Ecuador,POS Gastrobar,Precio / ajuste anual,4,170.37
2024-11,Ecuador,POS Gastrobar,Se fue a la competencia,4,131.12
2024-11,Ecuador,POS Gastrobar,Mala experiencia de soporte,3,107.93
2024-11,Ecuador,POS Gastrobar,No logró implementar,3,97.23
2024-11,Ecuador,POS Gastrobar,Cambió de contador,2,69.57
2024-11,Ecuador,POS Gastrobar,Funcionalidad faltante,2,59.76
2024-11,Ecuador,POS Gastrobar,Otro / sin motivo registrado,1,43.71
2024-12,Ecuador,Siigo Contador,Cerró o quebró el negocio,16,0.0
2024-12,Ecuador,Siigo Contador,Precio / ajuste anual,11,0.0
2024-12,Ecuador,Siigo Contador,Se fue a la competencia,8,0.0
2024-12,Ecuador,Siigo Contador,Mala experiencia de soporte,8,0.0
2024-12,Ecuador,Siigo Contador,No logró implementar,7,0.0
2024-12,Ecuador,Siigo Contador,Cambió de contador,4,0.0
2024-12,Ecuador,Siigo Contador,Funcionalidad faltante,4,0.0
2024-12,Ecuador,Siigo Contador,Otro / sin motivo registrado,3,0.0
2024-12,Ecuador,Profesional Independiente,Cerró o quebró el negocio,39,1769.98
2024-12,Ecuador,Profesional Independiente,Precio / ajuste anual,34,1420.45
2024-12,Ecuador,Profesional Independiente,Se fue a la competencia,24,1093.22
2024-12,Ecuador,Profesional Independiente,Mala experiencia de soporte,26,899.86
2024-12,Ecuador,Profesional Independiente,No logró implementar,18,810.62
2024-12,Ecuador,Profesional Independiente,Cambió de contador,14,580.08
2024-12,Ecuador,Profesional Independiente,Funcionalidad faltante,11,498.27
2024-12,Ecuador,Profesional Independiente,Otro / sin motivo registrado,8,364.41
2024-12,Ecuador,Emprendedor,Cerró o quebró el negocio,33,1711.6
2024-12,Ecuador,Emprendedor,Precio / ajuste anual,31,1373.59
2024-12,Ecuador,Emprendedor,Se fue a la competencia,20,1057.16
2024-12,Ecuador,Emprendedor,Mala experiencia de soporte,16,870.18
2024-12,Ecuador,Emprendedor,No logró implementar,16,783.88
2024-12,Ecuador,Emprendedor,Cambió de contador,12,560.94
2024-12,Ecuador,Emprendedor,Funcionalidad faltante,10,481.84
2024-12,Ecuador,Emprendedor,Otro / sin motivo registrado,6,352.39
2024-12,Ecuador,Premium,Cerró o quebró el negocio,15,854.15
2024-12,Ecuador,Premium,Precio / ajuste anual,13,685.47
2024-12,Ecuador,Premium,Se fue a la competencia,10,527.56
2024-12,Ecuador,Premium,Mala experiencia de soporte,7,434.25
2024-12,Ecuador,Premium,No logró implementar,6,391.19
2024-12,Ecuador,Premium,Cambió de contador,4,279.93
2024-12,Ecuador,Premium,Funcionalidad faltante,5,240.45
2024-12,Ecuador,Premium,Otro / sin motivo registrado,3,175.85
2024-12,Ecuador,Corporativo,Cerró o quebró el negocio,2,287.98
2024-12,Ecuador,Corporativo,Precio / ajuste anual,2,231.11
2024-12,Ecuador,Corporativo,Se fue a la competencia,1,177.87
2024-12,Ecuador,Corporativo,Mala experiencia de soporte,1,146.41
2024-12,Ecuador,Corporativo,No logró implementar,1,131.89
2024-12,Ecuador,Siigo POS,Cerró o quebró el negocio,10,300.37
2024-12,Ecuador,Siigo POS,Precio / ajuste anual,10,241.05
2024-12,Ecuador,Siigo POS,Se fue a la competencia,9,185.52
2024-12,Ecuador,Siigo POS,Mala experiencia de soporte,7,152.71
2024-12,Ecuador,Siigo POS,No logró implementar,6,137.56
2024-12,Ecuador,Siigo POS,Cambió de contador,4,98.44
2024-12,Ecuador,Siigo POS,Funcionalidad faltante,3,84.56
2024-12,Ecuador,Siigo POS,Otro / sin motivo registrado,2,61.84
2024-12,Ecuador,POS Gastrobar,Cerró o quebró el negocio,8,222.97
2024-12,Ecuador,POS Gastrobar,Precio / ajuste anual,6,178.94
2024-12,Ecuador,POS Gastrobar,Se fue a la competencia,4,137.72
2024-12,Ecuador,POS Gastrobar,Mala experiencia de soporte,4,113.36
2024-12,Ecuador,POS Gastrobar,No logró implementar,3,102.12
2024-12,Ecuador,POS Gastrobar,Cambió de contador,2,73.07
2024-12,Ecuador,POS Gastrobar,Funcionalidad faltante,2,62.77
2024-12,Ecuador,POS Gastrobar,Otro / sin motivo registrado,1,45.91
2025-01,Ecuador,Siigo Contador,Cerró o quebró el negocio,20,0.0
2025-01,Ecuador,Siigo Contador,Precio / ajuste anual,27,0.0
2025-01,Ecuador,Siigo Contador,Se fue a la competencia,9,0.0
2025-01,Ecuador,Siigo Contador,Mala experiencia de soporte,9,0.0
2025-01,Ecuador,Siigo Contador,No logró implementar,8,0.0
2025-01,Ecuador,Siigo Contador,Cambió de contador,4,0.0
2025-01,Ecuador,Siigo Contador,Funcionalidad faltante,4,0.0
2025-01,Ecuador,Siigo Contador,Otro / sin motivo registrado,3,0.0
2025-01,Ecuador,Profesional Independiente,Cerró o quebró el negocio,52,2077.07
2025-01,Ecuador,Profesional Independiente,Precio / ajuste anual,72,2717.03
2025-01,Ecuador,Profesional Independiente,Se fue a la competencia,29,1282.89
2025-01,Ecuador,Profesional Independiente,Mala experiencia de soporte,31,1055.99
2025-01,Ecuador,Profesional Independiente,No logró implementar,25,951.26
2025-01,Ecuador,Profesional Independiente,Cambió de contador,18,680.72
2025-01,Ecuador,Profesional Independiente,Funcionalidad faltante,14,584.72
2025-01,Ecuador,Profesional Independiente,Otro / sin motivo registrado,9,427.63
2025-01,Ecuador,Emprendedor,Cerró o quebró el negocio,41,2017.92
2025-01,Ecuador,Emprendedor,Precio / ajuste anual,45,2639.66
2025-01,Ecuador,Emprendedor,Se fue a la competencia,26,1246.36
2025-01,Ecuador,Emprendedor,Mala experiencia de soporte,23,1025.92
2025-01,Ecuador,Emprendedor,No logró implementar,20,924.17
2025-01,Ecuador,Emprendedor,Cambió de contador,14,661.34
2025-01,Ecuador,Emprendedor,Funcionalidad faltante,11,568.07
2025-01,Ecuador,Emprendedor,Otro / sin motivo registrado,8,415.45
2025-01,Ecuador,Premium,Cerró o quebró el negocio,15,983.03
2025-01,Ecuador,Premium,Precio / ajuste anual,20,1285.91
2025-01,Ecuador,Premium,Se fue a la competencia,12,607.17
2025-01,Ecuador,Premium,Mala experiencia de soporte,11,499.78
2025-01,Ecuador,Premium,No logró implementar,9,450.21
2025-01,Ecuador,Premium,Cambió de contador,6,322.17
2025-01,Ecuador,Premium,Funcionalidad faltante,5,276.74
2025-01,Ecuador,Premium,Otro / sin motivo registrado,4,202.39
2025-01,Ecuador,Corporativo,Cerró o quebró el negocio,3,347.09
2025-01,Ecuador,Corporativo,Precio / ajuste anual,4,454.03
2025-01,Ecuador,Corporativo,Se fue a la competencia,2,214.38
2025-01,Ecuador,Corporativo,Mala experiencia de soporte,1,176.46
2025-01,Ecuador,Corporativo,No logró implementar,1,158.96
2025-01,Ecuador,Corporativo,Cambió de contador,1,113.75
2025-01,Ecuador,Siigo POS,Cerró o quebró el negocio,16,337.32
2025-01,Ecuador,Siigo POS,Precio / ajuste anual,19,441.26
2025-01,Ecuador,Siigo POS,Se fue a la competencia,10,208.35
2025-01,Ecuador,Siigo POS,Mala experiencia de soporte,8,171.5
2025-01,Ecuador,Siigo POS,No logró implementar,7,154.49
2025-01,Ecuador,Siigo POS,Cambió de contador,4,110.55
2025-01,Ecuador,Siigo POS,Funcionalidad faltante,4,94.96
2025-01,Ecuador,Siigo POS,Otro / sin motivo registrado,3,69.45
2025-01,Ecuador,POS Gastrobar,Cerró o quebró el negocio,8,251.23
2025-01,Ecuador,POS Gastrobar,Precio / ajuste anual,12,328.64
2025-01,Ecuador,POS Gastrobar,Se fue a la competencia,4,155.17
2025-01,Ecuador,POS Gastrobar,Mala experiencia de soporte,5,127.73
2025-01,Ecuador,POS Gastrobar,No logró implementar,4,115.06
2025-01,Ecuador,POS Gastrobar,Cambió de contador,2,82.34
2025-01,Ecuador,POS Gastrobar,Funcionalidad faltante,2,70.72
2025-01,Ecuador,POS Gastrobar,Otro / sin motivo registrado,1,51.72
2025-02,Ecuador,Siigo Contador,Cerró o quebró el negocio,13,0.0
2025-02,Ecuador,Siigo Contador,Precio / ajuste anual,16,0.0
2025-02,Ecuador,Siigo Contador,Se fue a la competencia,9,0.0
2025-02,Ecuador,Siigo Contador,Mala experiencia de soporte,7,0.0
2025-02,Ecuador,Siigo Contador,No logró implementar,5,0.0
2025-02,Ecuador,Siigo Contador,Cambió de contador,4,0.0
2025-02,Ecuador,Siigo Contador,Funcionalidad faltante,4,0.0
2025-02,Ecuador,Siigo Contador,Otro / sin motivo registrado,3,0.0
2025-02,Ecuador,Profesional Independiente,Cerró o quebró el negocio,43,1797.1
2025-02,Ecuador,Profesional Independiente,Precio / ajuste anual,66,2350.8
2025-02,Ecuador,Profesional Independiente,Se fue a la competencia,24,1109.97
2025-02,Ecuador,Profesional Independiente,Mala experiencia de soporte,21,913.65
2025-02,Ecuador,Profesional Independiente,No logró implementar,22,823.04
2025-02,Ecuador,Profesional Independiente,Cambió de contador,17,588.97
2025-02,Ecuador,Profesional Independiente,Funcionalidad faltante,12,505.91
2025-02,Ecuador,Profesional Independiente,Otro / sin motivo registrado,10,369.99
2025-02,Ecuador,Emprendedor,Cerró o quebró el negocio,32,1521.88
2025-02,Ecuador,Emprendedor,Precio / ajuste anual,37,1990.79
2025-02,Ecuador,Emprendedor,Se fue a la competencia,21,939.99
2025-02,Ecuador,Emprendedor,Mala experiencia de soporte,11,773.73
2025-02,Ecuador,Emprendedor,No logró implementar,13,697.0
2025-02,Ecuador,Emprendedor,Cambió de contador,9,498.77
2025-02,Ecuador,Emprendedor,Funcionalidad faltante,8,428.43
2025-02,Ecuador,Emprendedor,Otro / sin motivo registrado,5,313.33
2025-02,Ecuador,Premium,Cerró o quebró el negocio,14,763.18
2025-02,Ecuador,Premium,Precio / ajuste anual,18,998.32
2025-02,Ecuador,Premium,Se fue a la competencia,10,471.37
2025-02,Ecuador,Premium,Mala experiencia de soporte,6,388.0
2025-02,Ecuador,Premium,No logró implementar,6,349.52
2025-02,Ecuador,Premium,Cambió de contador,4,250.12
2025-02,Ecuador,Premium,Funcionalidad faltante,3,214.84
2025-02,Ecuador,Premium,Otro / sin motivo registrado,2,157.12
2025-02,Ecuador,Corporativo,Cerró o quebró el negocio,2,282.03
2025-02,Ecuador,Corporativo,Precio / ajuste anual,3,368.93
2025-02,Ecuador,Corporativo,Se fue a la competencia,1,174.19
2025-02,Ecuador,Corporativo,Mala experiencia de soporte,1,143.38
2025-02,Ecuador,Corporativo,No logró implementar,1,129.16
2025-02,Ecuador,Corporativo,Cambió de contador,1,92.43
2025-02,Ecuador,Siigo POS,Cerró o quebró el negocio,14,295.25
2025-02,Ecuador,Siigo POS,Precio / ajuste anual,15,386.22
2025-02,Ecuador,Siigo POS,Se fue a la competencia,7,182.36
2025-02,Ecuador,Siigo POS,Mala experiencia de soporte,5,150.11
2025-02,Ecuador,Siigo POS,No logró implementar,6,135.22
2025-02,Ecuador,Siigo POS,Cambió de contador,4,96.76
2025-02,Ecuador,Siigo POS,Funcionalidad faltante,2,83.12
2025-02,Ecuador,Siigo POS,Otro / sin motivo registrado,1,60.79
2025-02,Ecuador,POS Gastrobar,Cerró o quebró el negocio,7,199.54
2025-02,Ecuador,POS Gastrobar,Precio / ajuste anual,8,261.03
2025-02,Ecuador,POS Gastrobar,Se fue a la competencia,3,123.25
2025-02,Ecuador,POS Gastrobar,Mala experiencia de soporte,3,101.45
2025-02,Ecuador,POS Gastrobar,No logró implementar,2,91.39
2025-02,Ecuador,POS Gastrobar,Cambió de contador,2,65.4
2025-02,Ecuador,POS Gastrobar,Funcionalidad faltante,1,56.17
2025-02,Ecuador,POS Gastrobar,Otro / sin motivo registrado,1,41.08
2025-03,Ecuador,Siigo Contador,Cerró o quebró el negocio,13,0.0
2025-03,Ecuador,Siigo Contador,Precio / ajuste anual,10,0.0
2025-03,Ecuador,Siigo Contador,Se fue a la competencia,8,0.0
2025-03,Ecuador,Siigo Contador,Mala experiencia de soporte,10,0.0
2025-03,Ecuador,Siigo Contador,No logró implementar,6,0.0
2025-03,Ecuador,Siigo Contador,Cambió de contador,4,0.0
2025-03,Ecuador,Siigo Contador,Funcionalidad faltante,3,0.0
2025-03,Ecuador,Siigo Contador,Otro / sin motivo registrado,2,0.0
2025-03,Ecuador,Profesional Independiente,Cerró o quebró el negocio,40,1541.89
2025-03,Ecuador,Profesional Independiente,Precio / ajuste anual,31,1237.4
2025-03,Ecuador,Profesional Independiente,Se fue a la competencia,25,952.34
2025-03,Ecuador,Profesional Independiente,Mala experiencia de soporte,32,1160.17
2025-03,Ecuador,Profesional Independiente,No logró implementar,15,706.16
2025-03,Ecuador,Profesional Independiente,Cambió de contador,11,505.32
2025-03,Ecuador,Profesional Independiente,Funcionalidad faltante,8,434.06
2025-03,Ecuador,Profesional Independiente,Otro / sin motivo registrado,9,317.45
2025-03,Ecuador,Emprendedor,Cerró o quebró el negocio,36,1786.86
2025-03,Ecuador,Emprendedor,Precio / ajuste anual,31,1433.99
2025-03,Ecuador,Emprendedor,Se fue a la competencia,21,1103.65
2025-03,Ecuador,Emprendedor,Mala experiencia de soporte,23,1344.5
2025-03,Ecuador,Emprendedor,No logró implementar,16,818.35
2025-03,Ecuador,Emprendedor,Cambió de contador,11,585.61
2025-03,Ecuador,Emprendedor,Funcionalidad faltante,12,503.02
2025-03,Ecuador,Emprendedor,Otro / sin motivo registrado,7,367.88
2025-03,Ecuador,Premium,Cerró o quebró el negocio,15,791.48
2025-03,Ecuador,Premium,Precio / ajuste anual,14,635.18
2025-03,Ecuador,Premium,Se fue a la competencia,10,488.85
2025-03,Ecuador,Premium,Mala experiencia de soporte,12,595.54
2025-03,Ecuador,Premium,No logró implementar,6,362.48
2025-03,Ecuador,Premium,Cambió de contador,4,259.39
2025-03,Ecuador,Premium,Funcionalidad faltante,3,222.81
2025-03,Ecuador,Premium,Otro / sin motivo registrado,2,162.95
2025-03,Ecuador,Corporativo,Cerró o quebró el negocio,2,281.22
2025-03,Ecuador,Corporativo,Precio / ajuste anual,2,225.68
2025-03,Ecuador,Corporativo,Se fue a la competencia,1,173.69
2025-03,Ecuador,Corporativo,Mala experiencia de soporte,2,211.6
2025-03,Ecuador,Corporativo,No logró implementar,1,128.79
2025-03,Ecuador,Siigo POS,Cerró o quebró el negocio,10,267.64
2025-03,Ecuador,Siigo POS,Precio / ajuste anual,8,214.79
2025-03,Ecuador,Siigo POS,Se fue a la competencia,6,165.31
2025-03,Ecuador,Siigo POS,Mala experiencia de soporte,9,201.38
2025-03,Ecuador,Siigo POS,No logró implementar,5,122.57
2025-03,Ecuador,Siigo POS,Cambió de contador,3,87.71
2025-03,Ecuador,Siigo POS,Funcionalidad faltante,2,75.34
2025-03,Ecuador,Siigo POS,Otro / sin motivo registrado,2,55.1
2025-03,Ecuador,POS Gastrobar,Cerró o quebró el negocio,6,211.68
2025-03,Ecuador,POS Gastrobar,Precio / ajuste anual,5,169.88
2025-03,Ecuador,POS Gastrobar,Se fue a la competencia,3,130.74
2025-03,Ecuador,POS Gastrobar,Mala experiencia de soporte,3,159.27
2025-03,Ecuador,POS Gastrobar,No logró implementar,3,96.94
2025-03,Ecuador,POS Gastrobar,Cambió de contador,2,69.37
2025-03,Ecuador,POS Gastrobar,Funcionalidad faltante,1,59.59
2025-03,Ecuador,POS Gastrobar,Otro / sin motivo registrado,1,43.58
2025-04,Ecuador,Siigo Contador,Cerró o quebró el negocio,13,0.0
2025-04,Ecuador,Siigo Contador,Precio / ajuste anual,10,0.0
2025-04,Ecuador,Siigo Contador,Se fue a la competencia,9,0.0
2025-04,Ecuador,Siigo Contador,Mala experiencia de soporte,9,0.0
2025-04,Ecuador,Siigo Contador,No logró implementar,6,0.0
2025-04,Ecuador,Siigo Contador,Cambió de contador,4,0.0
2025-04,Ecuador,Siigo Contador,Funcionalidad faltante,4,0.0
2025-04,Ecuador,Siigo Contador,Otro / sin motivo registrado,3,0.0
2025-04,Ecuador,Profesional Independiente,Cerró o quebró el negocio,48,1765.5
2025-04,Ecuador,Profesional Independiente,Precio / ajuste anual,32,1416.85
2025-04,Ecuador,Profesional Independiente,Se fue a la competencia,30,1090.46
2025-04,Ecuador,Profesional Independiente,Mala experiencia de soporte,35,1328.43
2025-04,Ecuador,Profesional Independiente,No logró implementar,17,808.57
2025-04,Ecuador,Profesional Independiente,Cambió de contador,15,578.61
2025-04,Ecuador,Profesional Independiente,Funcionalidad faltante,14,497.01
2025-04,Ecuador,Profesional Independiente,Otro / sin motivo registrado,9,363.49
2025-04,Ecuador,Emprendedor,Cerró o quebró el negocio,31,1710.23
2025-04,Ecuador,Emprendedor,Precio / ajuste anual,25,1372.49
2025-04,Ecuador,Emprendedor,Se fue a la competencia,19,1056.32
2025-04,Ecuador,Emprendedor,Mala experiencia de soporte,28,1286.84
2025-04,Ecuador,Emprendedor,No logró implementar,15,783.26
2025-04,Ecuador,Emprendedor,Cambió de contador,10,560.49
2025-04,Ecuador,Emprendedor,Funcionalidad faltante,10,481.45
2025-04,Ecuador,Emprendedor,Otro / sin motivo registrado,7,352.11
2025-04,Ecuador,Premium,Cerró o quebró el negocio,17,831.55
2025-04,Ecuador,Premium,Precio / ajuste anual,11,667.33
2025-04,Ecuador,Premium,Se fue a la competencia,9,513.6
2025-04,Ecuador,Premium,Mala experiencia de soporte,12,625.69
2025-04,Ecuador,Premium,No logró implementar,7,380.84
2025-04,Ecuador,Premium,Cambió de contador,4,272.52
2025-04,Ecuador,Premium,Funcionalidad faltante,3,234.09
2025-04,Ecuador,Premium,Otro / sin motivo registrado,2,171.2
2025-04,Ecuador,Corporativo,Cerró o quebró el negocio,3,295.52
2025-04,Ecuador,Corporativo,Precio / ajuste anual,2,237.16
2025-04,Ecuador,Corporativo,Se fue a la competencia,1,182.53
2025-04,Ecuador,Corporativo,Mala experiencia de soporte,2,222.36
2025-04,Ecuador,Corporativo,No logró implementar,1,135.34
2025-04,Ecuador,Corporativo,Cambió de contador,1,96.85
2025-04,Ecuador,Siigo POS,Cerró o quebró el negocio,9,274.25
2025-04,Ecuador,Siigo POS,Precio / ajuste anual,9,220.09
2025-04,Ecuador,Siigo POS,Se fue a la competencia,6,169.39
2025-04,Ecuador,Siigo POS,Mala experiencia de soporte,9,206.36
2025-04,Ecuador,Siigo POS,No logró implementar,4,125.6
2025-04,Ecuador,Siigo POS,Cambió de contador,3,89.88
2025-04,Ecuador,Siigo POS,Funcionalidad faltante,3,77.2
2025-04,Ecuador,Siigo POS,Otro / sin motivo registrado,2,56.46
2025-04,Ecuador,POS Gastrobar,Cerró o quebró el negocio,4,199.52
2025-04,Ecuador,POS Gastrobar,Precio / ajuste anual,5,160.12
2025-04,Ecuador,POS Gastrobar,Se fue a la competencia,3,123.23
2025-04,Ecuador,POS Gastrobar,Mala experiencia de soporte,4,150.12
2025-04,Ecuador,POS Gastrobar,No logró implementar,3,91.38
2025-04,Ecuador,POS Gastrobar,Cambió de contador,2,65.39
2025-04,Ecuador,POS Gastrobar,Funcionalidad faltante,1,56.17
2025-04,Ecuador,POS Gastrobar,Otro / sin motivo registrado,1,41.08
2025-05,Ecuador,Siigo Contador,Cerró o quebró el negocio,13,0.0
2025-05,Ecuador,Siigo Contador,Precio / ajuste anual,12,0.0
2025-05,Ecuador,Siigo Contador,Se fue a la competencia,9,0.0
2025-05,Ecuador,Siigo Contador,Mala experiencia de soporte,10,0.0
2025-05,Ecuador,Siigo Contador,No logró implementar,6,0.0
2025-05,Ecuador,Siigo Contador,Cambió de contador,5,0.0
2025-05,Ecuador,Siigo Contador,Funcionalidad faltante,4,0.0
2025-05,Ecuador,Siigo Contador,Otro / sin motivo registrado,2,0.0
2025-05,Ecuador,Profesional Independiente,Cerró o quebró el negocio,40,1767.38
2025-05,Ecuador,Profesional Independiente,Precio / ajuste anual,33,1418.36
2025-05,Ecuador,Profesional Independiente,Se fue a la competencia,24,1091.61
2025-05,Ecuador,Profesional Independiente,Mala experiencia de soporte,30,1329.84
2025-05,Ecuador,Profesional Independiente,No logró implementar,20,809.43
2025-05,Ecuador,Profesional Independiente,Cambió de contador,13,579.22
2025-05,Ecuador,Profesional Independiente,Funcionalidad faltante,13,497.54
2025-05,Ecuador,Profesional Independiente,Otro / sin motivo registrado,7,363.87
2025-05,Ecuador,Emprendedor,Cerró o quebró el negocio,29,1718.38
2025-05,Ecuador,Emprendedor,Precio / ajuste anual,27,1379.04
2025-05,Ecuador,Emprendedor,Se fue a la competencia,22,1061.35
2025-05,Ecuador,Emprendedor,Mala experiencia de soporte,21,1292.97
2025-05,Ecuador,Emprendedor,No logró implementar,15,786.99
2025-05,Ecuador,Emprendedor,Cambió de contador,11,563.17
2025-05,Ecuador,Emprendedor,Funcionalidad faltante,9,483.75
2025-05,Ecuador,Emprendedor,Otro / sin motivo registrado,8,353.78
2025-05,Ecuador,Premium,Cerró o quebró el negocio,13,811.33
2025-05,Ecuador,Premium,Precio / ajuste anual,9,651.11
2025-05,Ecuador,Premium,Se fue a la competencia,9,501.11
2025-05,Ecuador,Premium,Mala experiencia de soporte,11,610.47
2025-05,Ecuador,Premium,No logró implementar,5,371.57
2025-05,Ecuador,Premium,Cambió de contador,5,265.9
2025-05,Ecuador,Premium,Funcionalidad faltante,4,228.4
2025-05,Ecuador,Premium,Otro / sin motivo registrado,2,167.04
2025-05,Ecuador,Corporativo,Cerró o quebró el negocio,2,262.19
2025-05,Ecuador,Corporativo,Precio / ajuste anual,1,210.41
2025-05,Ecuador,Corporativo,Se fue a la competencia,1,161.94
2025-05,Ecuador,Corporativo,Mala experiencia de soporte,1,197.28
2025-05,Ecuador,Corporativo,No logró implementar,1,120.08
2025-05,Ecuador,Siigo POS,Cerró o quebró el negocio,11,279.53
2025-05,Ecuador,Siigo POS,Precio / ajuste anual,8,224.33
2025-05,Ecuador,Siigo POS,Se fue a la competencia,6,172.65
2025-05,Ecuador,Siigo POS,Mala experiencia de soporte,10,210.33
2025-05,Ecuador,Siigo POS,No logró implementar,5,128.02
2025-05,Ecuador,Siigo POS,Cambió de contador,3,91.61
2025-05,Ecuador,Siigo POS,Funcionalidad faltante,3,78.69
2025-05,Ecuador,Siigo POS,Otro / sin motivo registrado,1,57.55
2025-05,Ecuador,POS Gastrobar,Cerró o quebró el negocio,6,229.52
2025-05,Ecuador,POS Gastrobar,Precio / ajuste anual,5,184.19
2025-05,Ecuador,POS Gastrobar,Se fue a la competencia,4,141.76
2025-05,Ecuador,POS Gastrobar,Mala experiencia de soporte,4,172.7
2025-05,Ecuador,POS Gastrobar,No logró implementar,3,105.11
2025-05,Ecuador,POS Gastrobar,Cambió de contador,2,75.22
2025-05,Ecuador,POS Gastrobar,Funcionalidad faltante,2,64.61
2025-05,Ecuador,POS Gastrobar,Otro / sin motivo registrado,1,47.25
2025-06,Ecuador,Siigo Contador,Cerró o quebró el negocio,17,0.0
2025-06,Ecuador,Siigo Contador,Precio / ajuste anual,13,0.0
2025-06,Ecuador,Siigo Contador,Se fue a la competencia,9,0.0
2025-06,Ecuador,Siigo Contador,Mala experiencia de soporte,7,0.0
2025-06,Ecuador,Siigo Contador,No logró implementar,8,0.0
2025-06,Ecuador,Siigo Contador,Cambió de contador,5,0.0
2025-06,Ecuador,Siigo Contador,Funcionalidad faltante,3,0.0
2025-06,Ecuador,Siigo Contador,Otro / sin motivo registrado,2,0.0
2025-06,Ecuador,Profesional Independiente,Cerró o quebró el negocio,40,1788.48
2025-06,Ecuador,Profesional Independiente,Precio / ajuste anual,39,1435.3
2025-06,Ecuador,Profesional Independiente,Se fue a la competencia,29,1104.65
2025-06,Ecuador,Profesional Independiente,Mala experiencia de soporte,21,909.27
2025-06,Ecuador,Profesional Independiente,No logró implementar,21,819.1
2025-06,Ecuador,Profesional Independiente,Cambió de contador,13,586.14
2025-06,Ecuador,Profesional Independiente,Funcionalidad faltante,13,503.48
2025-06,Ecuador,Profesional Independiente,Otro / sin motivo registrado,9,368.22
2025-06,Ecuador,Emprendedor,Cerró o quebró el negocio,40,1854.87
2025-06,Ecuador,Emprendedor,Precio / ajuste anual,29,1488.57
2025-06,Ecuador,Emprendedor,Se fue a la competencia,19,1145.66
2025-06,Ecuador,Emprendedor,Mala experiencia de soporte,18,943.02
2025-06,Ecuador,Emprendedor,No logró implementar,16,849.5
2025-06,Ecuador,Emprendedor,Cambió de contador,11,607.9
2025-06,Ecuador,Emprendedor,Funcionalidad faltante,10,522.17
2025-06,Ecuador,Emprendedor,Otro / sin motivo registrado,7,381.89
2025-06,Ecuador,Premium,Cerró o quebró el negocio,15,861.61
2025-06,Ecuador,Premium,Precio / ajuste anual,10,691.46
2025-06,Ecuador,Premium,Se fue a la competencia,9,532.17
2025-06,Ecuador,Premium,Mala experiencia de soporte,8,438.05
2025-06,Ecuador,Premium,No logró implementar,6,394.6
2025-06,Ecuador,Premium,Cambió de contador,4,282.38
2025-06,Ecuador,Premium,Funcionalidad faltante,5,242.55
2025-06,Ecuador,Premium,Otro / sin motivo registrado,3,177.39
2025-06,Ecuador,Corporativo,Cerró o quebró el negocio,2,273.35
2025-06,Ecuador,Corporativo,Precio / ajuste anual,2,219.37
2025-06,Ecuador,Corporativo,Se fue a la competencia,1,168.83
2025-06,Ecuador,Corporativo,Mala experiencia de soporte,1,138.97
2025-06,Ecuador,Corporativo,No logró implementar,1,125.19
2025-06,Ecuador,Siigo POS,Cerró o quebró el negocio,12,272.52
2025-06,Ecuador,Siigo POS,Precio / ajuste anual,8,218.71
2025-06,Ecuador,Siigo POS,Se fue a la competencia,5,168.32
2025-06,Ecuador,Siigo POS,Mala experiencia de soporte,6,138.55
2025-06,Ecuador,Siigo POS,No logró implementar,3,124.81
2025-06,Ecuador,Siigo POS,Cambió de contador,3,89.31
2025-06,Ecuador,Siigo POS,Funcionalidad faltante,2,76.72
2025-06,Ecuador,Siigo POS,Otro / sin motivo registrado,2,56.11
2025-06,Ecuador,POS Gastrobar,Cerró o quebró el negocio,6,226.56
2025-06,Ecuador,POS Gastrobar,Precio / ajuste anual,5,181.82
2025-06,Ecuador,POS Gastrobar,Se fue a la competencia,5,139.93
2025-06,Ecuador,POS Gastrobar,Mala experiencia de soporte,3,115.18
2025-06,Ecuador,POS Gastrobar,No logró implementar,3,103.76
2025-06,Ecuador,POS Gastrobar,Cambió de contador,2,74.25
2025-06,Ecuador,POS Gastrobar,Funcionalidad faltante,1,63.78
2025-06,Ecuador,POS Gastrobar,Otro / sin motivo registrado,1,46.64
2025-07,Ecuador,Siigo Contador,Cerró o quebró el negocio,17,0.0
2025-07,Ecuador,Siigo Contador,Precio / ajuste anual,15,0.0
2025-07,Ecuador,Siigo Contador,Se fue a la competencia,10,0.0
2025-07,Ecuador,Siigo Contador,Mala experiencia de soporte,8,0.0
2025-07,Ecuador,Siigo Contador,No logró implementar,7,0.0
2025-07,Ecuador,Siigo Contador,Cambió de contador,4,0.0
2025-07,Ecuador,Siigo Contador,Funcionalidad faltante,6,0.0
2025-07,Ecuador,Siigo Contador,Otro / sin motivo registrado,3,0.0
2025-07,Ecuador,Profesional Independiente,Cerró o quebró el negocio,59,1859.78
2025-07,Ecuador,Profesional Independiente,Precio / ajuste anual,35,1492.51
2025-07,Ecuador,Profesional Independiente,Se fue a la competencia,23,1148.69
2025-07,Ecuador,Profesional Independiente,Mala experiencia de soporte,22,945.52
2025-07,Ecuador,Profesional Independiente,No logró implementar,21,851.75
2025-07,Ecuador,Profesional Independiente,Cambió de contador,14,609.51
2025-07,Ecuador,Profesional Independiente,Funcionalidad faltante,11,523.55
2025-07,Ecuador,Profesional Independiente,Otro / sin motivo registrado,11,382.9
2025-07,Ecuador,Emprendedor,Cerró o quebró el negocio,33,1886.2
2025-07,Ecuador,Emprendedor,Precio / ajuste anual,30,1513.72
2025-07,Ecuador,Emprendedor,Se fue a la competencia,25,1165.01
2025-07,Ecuador,Emprendedor,Mala experiencia de soporte,22,958.95
2025-07,Ecuador,Emprendedor,No logró implementar,15,863.85
2025-07,Ecuador,Emprendedor,Cambió de contador,13,618.17
2025-07,Ecuador,Emprendedor,Funcionalidad faltante,9,530.99
2025-07,Ecuador,Emprendedor,Otro / sin motivo registrado,7,388.34
2025-07,Ecuador,Premium,Cerró o quebró el negocio,13,913.79
2025-07,Ecuador,Premium,Precio / ajuste anual,14,733.34
2025-07,Ecuador,Premium,Se fue a la competencia,10,564.4
2025-07,Ecuador,Premium,Mala experiencia de soporte,8,464.57
2025-07,Ecuador,Premium,No logró implementar,7,418.5
2025-07,Ecuador,Premium,Cambió de contador,4,299.48
2025-07,Ecuador,Premium,Funcionalidad faltante,4,257.24
2025-07,Ecuador,Premium,Otro / sin motivo registrado,3,188.13
2025-07,Ecuador,Corporativo,Cerró o quebró el negocio,3,308.29
2025-07,Ecuador,Corporativo,Precio / ajuste anual,2,247.41
2025-07,Ecuador,Corporativo,Se fue a la competencia,1,190.42
2025-07,Ecuador,Corporativo,Mala experiencia de soporte,1,156.74
2025-07,Ecuador,Corporativo,No logró implementar,1,141.19
2025-07,Ecuador,Corporativo,Cambió de contador,1,101.04
2025-07,Ecuador,Siigo POS,Cerró o quebró el negocio,13,286.46
2025-07,Ecuador,Siigo POS,Precio / ajuste anual,9,229.89
2025-07,Ecuador,Siigo POS,Se fue a la competencia,6,176.93
2025-07,Ecuador,Siigo POS,Mala experiencia de soporte,5,145.64
2025-07,Ecuador,Siigo POS,No logró implementar,5,131.2
2025-07,Ecuador,Siigo POS,Cambió de contador,4,93.88
2025-07,Ecuador,Siigo POS,Funcionalidad faltante,3,80.64
2025-07,Ecuador,Siigo POS,Otro / sin motivo registrado,2,58.98
2025-07,Ecuador,POS Gastrobar,Cerró o quebró el negocio,8,229.04
2025-07,Ecuador,POS Gastrobar,Precio / ajuste anual,5,183.81
2025-07,Ecuador,POS Gastrobar,Se fue a la competencia,4,141.47
2025-07,Ecuador,POS Gastrobar,Mala experiencia de soporte,4,116.45
2025-07,Ecuador,POS Gastrobar,No logró implementar,3,104.9
2025-07,Ecuador,POS Gastrobar,Cambió de contador,2,75.06
2025-07,Ecuador,POS Gastrobar,Funcionalidad faltante,2,64.48
2025-07,Ecuador,POS Gastrobar,Otro / sin motivo registrado,1,47.16
2025-08,Ecuador,Siigo Contador,Cerró o quebró el negocio,15,0.0
2025-08,Ecuador,Siigo Contador,Precio / ajuste anual,10,0.0
2025-08,Ecuador,Siigo Contador,Se fue a la competencia,10,0.0
2025-08,Ecuador,Siigo Contador,Mala experiencia de soporte,12,0.0
2025-08,Ecuador,Siigo Contador,No logró implementar,7,0.0
2025-08,Ecuador,Siigo Contador,Cambió de contador,5,0.0
2025-08,Ecuador,Siigo Contador,Funcionalidad faltante,4,0.0
2025-08,Ecuador,Siigo Contador,Otro / sin motivo registrado,2,0.0
2025-08,Ecuador,Profesional Independiente,Cerró o quebró el negocio,42,1600.12
2025-08,Ecuador,Profesional Independiente,Precio / ajuste anual,36,1284.13
2025-08,Ecuador,Profesional Independiente,Se fue a la competencia,27,988.31
2025-08,Ecuador,Profesional Independiente,Mala experiencia de soporte,27,1203.99
2025-08,Ecuador,Profesional Independiente,No logró implementar,18,732.83
2025-08,Ecuador,Profesional Independiente,Cambió de contador,11,524.41
2025-08,Ecuador,Profesional Independiente,Funcionalidad faltante,12,450.45
2025-08,Ecuador,Profesional Independiente,Otro / sin motivo registrado,9,329.44
2025-08,Ecuador,Emprendedor,Cerró o quebró el negocio,30,1672.21
2025-08,Ecuador,Emprendedor,Precio / ajuste anual,27,1341.98
2025-08,Ecuador,Emprendedor,Se fue a la competencia,16,1032.83
2025-08,Ecuador,Emprendedor,Mala experiencia de soporte,24,1258.23
2025-08,Ecuador,Emprendedor,No logró implementar,15,765.84
2025-08,Ecuador,Emprendedor,Cambió de contador,11,548.03
2025-08,Ecuador,Emprendedor,Funcionalidad faltante,8,470.75
2025-08,Ecuador,Emprendedor,Otro / sin motivo registrado,6,344.28
2025-08,Ecuador,Premium,Cerró o quebró el negocio,14,893.54
2025-08,Ecuador,Premium,Precio / ajuste anual,12,717.09
2025-08,Ecuador,Premium,Se fue a la competencia,9,551.9
2025-08,Ecuador,Premium,Mala experiencia de soporte,10,672.34
2025-08,Ecuador,Premium,No logró implementar,7,409.23
2025-08,Ecuador,Premium,Cambió de contador,4,292.84
2025-08,Ecuador,Premium,Funcionalidad faltante,3,251.54
2025-08,Ecuador,Premium,Otro / sin motivo registrado,2,183.97
2025-08,Ecuador,Corporativo,Cerró o quebró el negocio,2,298.34
2025-08,Ecuador,Corporativo,Precio / ajuste anual,2,239.42
2025-08,Ecuador,Corporativo,Se fue a la competencia,1,184.27
2025-08,Ecuador,Corporativo,Mala experiencia de soporte,2,224.48
2025-08,Ecuador,Corporativo,No logró implementar,1,136.63
2025-08,Ecuador,Corporativo,Cambió de contador,1,97.77
2025-08,Ecuador,Siigo POS,Cerró o quebró el negocio,11,301.6
2025-08,Ecuador,Siigo POS,Precio / ajuste anual,10,242.04
2025-08,Ecuador,Siigo POS,Se fue a la competencia,7,186.28
2025-08,Ecuador,Siigo POS,Mala experiencia de soporte,9,226.94
2025-08,Ecuador,Siigo POS,No logró implementar,6,138.13
2025-08,Ecuador,Siigo POS,Cambió de contador,3,98.84
2025-08,Ecuador,Siigo POS,Funcionalidad faltante,3,84.9
2025-08,Ecuador,Siigo POS,Otro / sin motivo registrado,2,62.09
2025-08,Ecuador,POS Gastrobar,Cerró o quebró el negocio,6,217.46
2025-08,Ecuador,POS Gastrobar,Precio / ajuste anual,4,174.51
2025-08,Ecuador,POS Gastrobar,Se fue a la competencia,3,134.31
2025-08,Ecuador,POS Gastrobar,Mala experiencia de soporte,5,163.62
2025-08,Ecuador,POS Gastrobar,No logró implementar,4,99.59
2025-08,Ecuador,POS Gastrobar,Cambió de contador,2,71.27
2025-08,Ecuador,POS Gastrobar,Funcionalidad faltante,2,61.22
2025-08,Ecuador,POS Gastrobar,Otro / sin motivo registrado,1,44.77
2025-09,Ecuador,Siigo Contador,Cerró o quebró el negocio,20,0.0
2025-09,Ecuador,Siigo Contador,Precio / ajuste anual,13,0.0
2025-09,Ecuador,Siigo Contador,Se fue a la competencia,9,0.0
2025-09,Ecuador,Siigo Contador,Mala experiencia de soporte,13,0.0
2025-09,Ecuador,Siigo Contador,No logró implementar,6,0.0
2025-09,Ecuador,Siigo Contador,Cambió de contador,5,0.0
2025-09,Ecuador,Siigo Contador,Funcionalidad faltante,4,0.0
2025-09,Ecuador,Siigo Contador,Otro / sin motivo registrado,3,0.0
2025-09,Ecuador,Profesional Independiente,Cerró o quebró el negocio,49,1872.4
2025-09,Ecuador,Profesional Independiente,Precio / ajuste anual,35,1502.64
2025-09,Ecuador,Profesional Independiente,Se fue a la competencia,33,1156.48
2025-09,Ecuador,Profesional Independiente,Mala experiencia de soporte,37,1408.87
2025-09,Ecuador,Profesional Independiente,No logró implementar,23,857.53
2025-09,Ecuador,Profesional Independiente,Cambió de contador,13,613.64
2025-09,Ecuador,Profesional Independiente,Funcionalidad faltante,10,527.11
2025-09,Ecuador,Profesional Independiente,Otro / sin motivo registrado,9,385.49
2025-09,Ecuador,Emprendedor,Cerró o quebró el negocio,36,1789.59
2025-09,Ecuador,Emprendedor,Precio / ajuste anual,24,1436.19
2025-09,Ecuador,Emprendedor,Se fue a la competencia,20,1105.34
2025-09,Ecuador,Emprendedor,Mala experiencia de soporte,23,1346.56
2025-09,Ecuador,Emprendedor,No logró implementar,17,819.6
2025-09,Ecuador,Emprendedor,Cambió de contador,11,586.51
2025-09,Ecuador,Emprendedor,Funcionalidad faltante,8,503.79
2025-09,Ecuador,Emprendedor,Otro / sin motivo registrado,7,368.45
2025-09,Ecuador,Premium,Cerró o quebró el negocio,13,875.14
2025-09,Ecuador,Premium,Precio / ajuste anual,11,702.32
2025-09,Ecuador,Premium,Se fue a la competencia,8,540.53
2025-09,Ecuador,Premium,Mala experiencia de soporte,11,658.49
2025-09,Ecuador,Premium,No logró implementar,6,400.8
2025-09,Ecuador,Premium,Cambió de contador,5,286.81
2025-09,Ecuador,Premium,Funcionalidad faltante,4,246.36
2025-09,Ecuador,Premium,Otro / sin motivo registrado,3,180.18
2025-09,Ecuador,Corporativo,Cerró o quebró el negocio,2,279.2
2025-09,Ecuador,Corporativo,Precio / ajuste anual,2,224.06
2025-09,Ecuador,Corporativo,Se fue a la competencia,1,172.45
2025-09,Ecuador,Corporativo,Mala experiencia de soporte,1,210.08
2025-09,Ecuador,Corporativo,No logró implementar,1,127.87
2025-09,Ecuador,Siigo POS,Cerró o quebró el negocio,14,328.1
2025-09,Ecuador,Siigo POS,Precio / ajuste anual,12,263.31
2025-09,Ecuador,Siigo POS,Se fue a la competencia,8,202.65
2025-09,Ecuador,Siigo POS,Mala experiencia de soporte,9,246.87
2025-09,Ecuador,Siigo POS,No logró implementar,6,150.26
2025-09,Ecuador,Siigo POS,Cambió de contador,4,107.53
2025-09,Ecuador,Siigo POS,Funcionalidad faltante,4,92.36
2025-09,Ecuador,Siigo POS,Otro / sin motivo registrado,2,67.55
2025-09,Ecuador,POS Gastrobar,Cerró o quebró el negocio,6,229.5
2025-09,Ecuador,POS Gastrobar,Precio / ajuste anual,6,184.18
2025-09,Ecuador,POS Gastrobar,Se fue a la competencia,4,141.75
2025-09,Ecuador,POS Gastrobar,Mala experiencia de soporte,5,172.68
2025-09,Ecuador,POS Gastrobar,No logró implementar,3,105.11
2025-09,Ecuador,POS Gastrobar,Cambió de contador,2,75.21
2025-09,Ecuador,POS Gastrobar,Funcionalidad faltante,2,64.61
2025-09,Ecuador,POS Gastrobar,Otro / sin motivo registrado,1,47.25
2025-10,Ecuador,Siigo Contador,Cerró o quebró el negocio,17,0.0
2025-10,Ecuador,Siigo Contador,Precio / ajuste anual,12,0.0
2025-10,Ecuador,Siigo Contador,Se fue a la competencia,8,0.0
2025-10,Ecuador,Siigo Contador,Mala experiencia de soporte,9,0.0
2025-10,Ecuador,Siigo Contador,No logró implementar,7,0.0
2025-10,Ecuador,Siigo Contador,Cambió de contador,5,0.0
2025-10,Ecuador,Siigo Contador,Funcionalidad faltante,4,0.0
2025-10,Ecuador,Siigo Contador,Otro / sin motivo registrado,3,0.0
2025-10,Ecuador,Profesional Independiente,Cerró o quebró el negocio,39,1830.45
2025-10,Ecuador,Profesional Independiente,Precio / ajuste anual,36,1468.98
2025-10,Ecuador,Profesional Independiente,Se fue a la competencia,31,1130.57
2025-10,Ecuador,Profesional Independiente,Mala experiencia de soporte,22,930.61
2025-10,Ecuador,Profesional Independiente,No logró implementar,20,838.32
2025-10,Ecuador,Profesional Independiente,Cambió de contador,16,599.9
2025-10,Ecuador,Profesional Independiente,Funcionalidad faltante,13,515.3
2025-10,Ecuador,Profesional Independiente,Otro / sin motivo registrado,10,376.86
2025-10,Ecuador,Emprendedor,Cerró o quebró el negocio,35,1931.87
2025-10,Ecuador,Emprendedor,Precio / ajuste anual,32,1550.36
2025-10,Ecuador,Emprendedor,Se fue a la competencia,26,1193.21
2025-10,Ecuador,Emprendedor,Mala experiencia de soporte,18,982.17
2025-10,Ecuador,Emprendedor,No logró implementar,18,884.76
2025-10,Ecuador,Emprendedor,Cambió de contador,10,633.13
2025-10,Ecuador,Emprendedor,Funcionalidad faltante,10,543.85
2025-10,Ecuador,Emprendedor,Otro / sin motivo registrado,8,397.74
2025-10,Ecuador,Premium,Cerró o quebró el negocio,15,935.3
2025-10,Ecuador,Premium,Precio / ajuste anual,14,750.6
2025-10,Ecuador,Premium,Se fue a la competencia,9,577.68
2025-10,Ecuador,Premium,Mala experiencia de soporte,7,475.51
2025-10,Ecuador,Premium,No logró implementar,6,428.35
2025-10,Ecuador,Premium,Cambió de contador,4,306.53
2025-10,Ecuador,Premium,Funcionalidad faltante,3,263.3
2025-10,Ecuador,Premium,Otro / sin motivo registrado,3,192.56
2025-10,Ecuador,Corporativo,Cerró o quebró el negocio,2,318.55
2025-10,Ecuador,Corporativo,Precio / ajuste anual,2,255.64
2025-10,Ecuador,Corporativo,Se fue a la competencia,1,196.75
2025-10,Ecuador,Corporativo,Mala experiencia de soporte,1,161.95
2025-10,Ecuador,Corporativo,No logró implementar,1,145.89
2025-10,Ecuador,Siigo POS,Cerró o quebró el negocio,14,313.69
2025-10,Ecuador,Siigo POS,Precio / ajuste anual,9,251.74
2025-10,Ecuador,Siigo POS,Se fue a la competencia,7,193.75
2025-10,Ecuador,Siigo POS,Mala experiencia de soporte,7,159.48
2025-10,Ecuador,Siigo POS,No logró implementar,5,143.67
2025-10,Ecuador,Siigo POS,Cambió de contador,4,102.81
2025-10,Ecuador,Siigo POS,Funcionalidad faltante,3,88.31
2025-10,Ecuador,Siigo POS,Otro / sin motivo registrado,2,64.58
2025-10,Ecuador,POS Gastrobar,Cerró o quebró el negocio,7,230.87
2025-10,Ecuador,POS Gastrobar,Precio / ajuste anual,4,185.28
2025-10,Ecuador,POS Gastrobar,Se fue a la competencia,4,142.6
2025-10,Ecuador,POS Gastrobar,Mala experiencia de soporte,3,117.38
2025-10,Ecuador,POS Gastrobar,No logró implementar,3,105.74
2025-10,Ecuador,POS Gastrobar,Cambió de contador,2,75.66
2025-10,Ecuador,POS Gastrobar,Funcionalidad faltante,2,64.99
2025-10,Ecuador,POS Gastrobar,Otro / sin motivo registrado,1,47.53
2025-11,Ecuador,Siigo Contador,Cerró o quebró el negocio,16,0.0
2025-11,Ecuador,Siigo Contador,Precio / ajuste anual,12,0.0
2025-11,Ecuador,Siigo Contador,Se fue a la competencia,10,0.0
2025-11,Ecuador,Siigo Contador,Mala experiencia de soporte,9,0.0
2025-11,Ecuador,Siigo Contador,No logró implementar,6,0.0
2025-11,Ecuador,Siigo Contador,Cambió de contador,5,0.0
2025-11,Ecuador,Siigo Contador,Funcionalidad faltante,4,0.0
2025-11,Ecuador,Siigo Contador,Otro / sin motivo registrado,3,0.0
2025-11,Ecuador,Profesional Independiente,Cerró o quebró el negocio,54,1964.59
2025-11,Ecuador,Profesional Independiente,Precio / ajuste anual,36,1576.62
2025-11,Ecuador,Profesional Independiente,Se fue a la competencia,24,1213.42
2025-11,Ecuador,Profesional Independiente,Mala experiencia de soporte,29,998.8
2025-11,Ecuador,Profesional Independiente,No logró implementar,26,899.75
2025-11,Ecuador,Profesional Independiente,Cambió de contador,13,643.86
2025-11,Ecuador,Profesional Independiente,Funcionalidad faltante,14,553.06
2025-11,Ecuador,Profesional Independiente,Otro / sin motivo registrado,10,404.47
2025-11,Ecuador,Emprendedor,Cerró o quebró el negocio,26,1879.75
2025-11,Ecuador,Emprendedor,Precio / ajuste anual,30,1508.54
2025-11,Ecuador,Emprendedor,Se fue a la competencia,21,1161.02
2025-11,Ecuador,Emprendedor,Mala experiencia de soporte,19,955.67
2025-11,Ecuador,Emprendedor,No logró implementar,12,860.89
2025-11,Ecuador,Emprendedor,Cambió de contador,12,616.05
2025-11,Ecuador,Emprendedor,Funcionalidad faltante,8,529.17
2025-11,Ecuador,Emprendedor,Otro / sin motivo registrado,8,387.01
2025-11,Ecuador,Premium,Cerró o quebró el negocio,15,937.47
2025-11,Ecuador,Premium,Precio / ajuste anual,12,752.34
2025-11,Ecuador,Premium,Se fue a la competencia,11,579.02
2025-11,Ecuador,Premium,Mala experiencia de soporte,9,476.61
2025-11,Ecuador,Premium,No logró implementar,6,429.34
2025-11,Ecuador,Premium,Cambió de contador,4,307.24
2025-11,Ecuador,Premium,Funcionalidad faltante,5,263.91
2025-11,Ecuador,Premium,Otro / sin motivo registrado,3,193.01
2025-11,Ecuador,Corporativo,Cerró o quebró el negocio,2,318.52
2025-11,Ecuador,Corporativo,Precio / ajuste anual,2,255.62
2025-11,Ecuador,Corporativo,Se fue a la competencia,1,196.73
2025-11,Ecuador,Corporativo,Mala experiencia de soporte,1,161.94
2025-11,Ecuador,Corporativo,No logró implementar,1,145.88
2025-11,Ecuador,Siigo POS,Cerró o quebró el negocio,14,301.41
2025-11,Ecuador,Siigo POS,Precio / ajuste anual,8,241.88
2025-11,Ecuador,Siigo POS,Se fue a la competencia,7,186.16
2025-11,Ecuador,Siigo POS,Mala experiencia de soporte,5,153.24
2025-11,Ecuador,Siigo POS,No logró implementar,5,138.04
2025-11,Ecuador,Siigo POS,Cambió de contador,3,98.78
2025-11,Ecuador,Siigo POS,Funcionalidad faltante,3,84.85
2025-11,Ecuador,Siigo POS,Otro / sin motivo registrado,2,62.05
2025-11,Ecuador,POS Gastrobar,Cerró o quebró el negocio,6,245.92
2025-11,Ecuador,POS Gastrobar,Precio / ajuste anual,4,197.35
2025-11,Ecuador,POS Gastrobar,Se fue a la competencia,3,151.89
2025-11,Ecuador,POS Gastrobar,Mala experiencia de soporte,4,125.02
2025-11,Ecuador,POS Gastrobar,No logró implementar,2,112.63
2025-11,Ecuador,POS Gastrobar,Cambió de contador,2,80.59
2025-11,Ecuador,POS Gastrobar,Funcionalidad faltante,2,69.23
2025-11,Ecuador,POS Gastrobar,Otro / sin motivo registrado,1,50.63
2025-12,Ecuador,Siigo Contador,Cerró o quebró el negocio,16,0.0
2025-12,Ecuador,Siigo Contador,Precio / ajuste anual,14,0.0
2025-12,Ecuador,Siigo Contador,Se fue a la competencia,14,0.0
2025-12,Ecuador,Siigo Contador,Mala experiencia de soporte,10,0.0
2025-12,Ecuador,Siigo Contador,No logró implementar,10,0.0
2025-12,Ecuador,Siigo Contador,Cambió de contador,7,0.0
2025-12,Ecuador,Siigo Contador,Funcionalidad faltante,5,0.0
2025-12,Ecuador,Siigo Contador,Otro / sin motivo registrado,4,0.0
2025-12,Ecuador,Profesional Independiente,Cerró o quebró el negocio,52,2159.64
2025-12,Ecuador,Profesional Independiente,Precio / ajuste anual,46,1733.16
2025-12,Ecuador,Profesional Independiente,Se fue a la competencia,35,1333.9
2025-12,Ecuador,Profesional Independiente,Mala experiencia de soporte,27,1097.97
2025-12,Ecuador,Profesional Independiente,No logró implementar,23,989.08
2025-12,Ecuador,Profesional Independiente,Cambió de contador,18,707.78
2025-12,Ecuador,Profesional Independiente,Funcionalidad faltante,16,607.97
2025-12,Ecuador,Profesional Independiente,Otro / sin motivo registrado,10,444.63
2025-12,Ecuador,Emprendedor,Cerró o quebró el negocio,44,2159.44
2025-12,Ecuador,Emprendedor,Precio / ajuste anual,30,1733.0
2025-12,Ecuador,Emprendedor,Se fue a la competencia,22,1333.77
2025-12,Ecuador,Emprendedor,Mala experiencia de soporte,20,1097.87
2025-12,Ecuador,Emprendedor,No logró implementar,18,988.99
2025-12,Ecuador,Emprendedor,Cambió de contador,13,707.72
2025-12,Ecuador,Emprendedor,Funcionalidad faltante,9,607.91
2025-12,Ecuador,Emprendedor,Otro / sin motivo registrado,8,444.59
2025-12,Ecuador,Premium,Cerró o quebró el negocio,16,1038.99
2025-12,Ecuador,Premium,Precio / ajuste anual,14,833.81
2025-12,Ecuador,Premium,Se fue a la competencia,9,641.73
2025-12,Ecuador,Premium,Mala experiencia de soporte,9,528.23
2025-12,Ecuador,Premium,No logró implementar,7,475.84
2025-12,Ecuador,Premium,Cambió de contador,4,340.51
2025-12,Ecuador,Premium,Funcionalidad faltante,6,292.49
2025-12,Ecuador,Premium,Otro / sin motivo registrado,3,213.91
2025-12,Ecuador,Corporativo,Cerró o quebró el negocio,3,377.66
2025-12,Ecuador,Corporativo,Precio / ajuste anual,2,303.08
2025-12,Ecuador,Corporativo,Se fue a la competencia,1,233.26
2025-12,Ecuador,Corporativo,Mala experiencia de soporte,1,192.0
2025-12,Ecuador,Corporativo,No logró implementar,1,172.96
2025-12,Ecuador,Siigo POS,Cerró o quebró el negocio,13,351.6
2025-12,Ecuador,Siigo POS,Precio / ajuste anual,10,282.17
2025-12,Ecuador,Siigo POS,Se fue a la competencia,8,217.17
2025-12,Ecuador,Siigo POS,Mala experiencia de soporte,6,178.76
2025-12,Ecuador,Siigo POS,No logró implementar,5,161.03
2025-12,Ecuador,Siigo POS,Cambió de contador,5,115.23
2025-12,Ecuador,Siigo POS,Funcionalidad faltante,4,98.98
2025-12,Ecuador,Siigo POS,Otro / sin motivo registrado,2,72.39
2025-12,Ecuador,POS Gastrobar,Cerró o quebró el negocio,9,274.09
2025-12,Ecuador,POS Gastrobar,Precio / ajuste anual,7,219.97
2025-12,Ecuador,POS Gastrobar,Se fue a la competencia,3,169.29
2025-12,Ecuador,POS Gastrobar,Mala experiencia de soporte,4,139.35
2025-12,Ecuador,POS Gastrobar,No logró implementar,3,125.53
2025-12,Ecuador,POS Gastrobar,Cambió de contador,2,89.83
2025-12,Ecuador,POS Gastrobar,Funcionalidad faltante,3,77.16
2025-12,Ecuador,POS Gastrobar,Otro / sin motivo registrado,1,56.43
2026-01,Ecuador,Siigo Contador,Cerró o quebró el negocio,20,0.0
2026-01,Ecuador,Siigo Contador,Precio / ajuste anual,24,0.0
2026-01,Ecuador,Siigo Contador,Se fue a la competencia,12,0.0
2026-01,Ecuador,Siigo Contador,Mala experiencia de soporte,9,0.0
2026-01,Ecuador,Siigo Contador,No logró implementar,11,0.0
2026-01,Ecuador,Siigo Contador,Cambió de contador,6,0.0
2026-01,Ecuador,Siigo Contador,Funcionalidad faltante,5,0.0
2026-01,Ecuador,Siigo Contador,Otro / sin motivo registrado,3,0.0
2026-01,Ecuador,Profesional Independiente,Cerró o quebró el negocio,70,2424.37
2026-01,Ecuador,Profesional Independiente,Precio / ajuste anual,77,3171.34
2026-01,Ecuador,Profesional Independiente,Se fue a la competencia,41,1497.4
2026-01,Ecuador,Profesional Independiente,Mala experiencia de soporte,32,1232.56
2026-01,Ecuador,Profesional Independiente,No logró implementar,32,1110.32
2026-01,Ecuador,Profesional Independiente,Cambió de contador,15,794.54
2026-01,Ecuador,Profesional Independiente,Funcionalidad faltante,14,682.49
2026-01,Ecuador,Profesional Independiente,Otro / sin motivo registrado,12,499.13
2026-01,Ecuador,Emprendedor,Cerró o quebró el negocio,44,2491.51
2026-01,Ecuador,Emprendedor,Precio / ajuste anual,74,3259.16
2026-01,Ecuador,Emprendedor,Se fue a la competencia,28,1538.87
2026-01,Ecuador,Emprendedor,Mala experiencia de soporte,25,1266.69
2026-01,Ecuador,Emprendedor,No logró implementar,18,1141.07
2026-01,Ecuador,Emprendedor,Cambió de contador,15,816.54
2026-01,Ecuador,Emprendedor,Funcionalidad faltante,12,701.39
2026-01,Ecuador,Emprendedor,Otro / sin motivo registrado,11,512.96
2026-01,Ecuador,Premium,Cerró o quebró el negocio,22,1241.36
2026-01,Ecuador,Premium,Precio / ajuste anual,28,1623.83
2026-01,Ecuador,Premium,Se fue a la competencia,12,766.72
2026-01,Ecuador,Premium,Mala experiencia de soporte,9,631.11
2026-01,Ecuador,Premium,No logró implementar,8,568.52
2026-01,Ecuador,Premium,Cambió de contador,6,406.83
2026-01,Ecuador,Premium,Funcionalidad faltante,6,349.46
2026-01,Ecuador,Premium,Otro / sin motivo registrado,5,255.57
2026-01,Ecuador,Corporativo,Cerró o quebró el negocio,4,457.77
2026-01,Ecuador,Corporativo,Precio / ajuste anual,6,598.81
2026-01,Ecuador,Corporativo,Se fue a la competencia,2,282.74
2026-01,Ecuador,Corporativo,Mala experiencia de soporte,2,232.73
2026-01,Ecuador,Corporativo,No logró implementar,1,209.65
2026-01,Ecuador,Corporativo,Cambió de contador,1,150.03
2026-01,Ecuador,Corporativo,Funcionalidad faltante,1,128.87
2026-01,Ecuador,Siigo POS,Cerró o quebró el negocio,13,392.55
2026-01,Ecuador,Siigo POS,Precio / ajuste anual,20,513.5
2026-01,Ecuador,Siigo POS,Se fue a la competencia,10,242.46
2026-01,Ecuador,Siigo POS,Mala experiencia de soporte,8,199.57
2026-01,Ecuador,Siigo POS,No logró implementar,7,179.78
2026-01,Ecuador,Siigo POS,Cambió de contador,5,128.65
2026-01,Ecuador,Siigo POS,Funcionalidad faltante,4,110.51
2026-01,Ecuador,Siigo POS,Otro / sin motivo registrado,3,80.82
2026-01,Ecuador,POS Gastrobar,Cerró o quebró el negocio,10,324.07
2026-01,Ecuador,POS Gastrobar,Precio / ajuste anual,15,423.92
2026-01,Ecuador,POS Gastrobar,Se fue a la competencia,6,200.16
2026-01,Ecuador,POS Gastrobar,Mala experiencia de soporte,5,164.76
2026-01,Ecuador,POS Gastrobar,No logró implementar,4,148.42
2026-01,Ecuador,POS Gastrobar,Cambió de contador,2,106.21
2026-01,Ecuador,POS Gastrobar,Funcionalidad faltante,2,91.23
2026-01,Ecuador,POS Gastrobar,Otro / sin motivo registrado,2,66.72
2026-02,Ecuador,Siigo Contador,Cerró o quebró el negocio,14,0.0
2026-02,Ecuador,Siigo Contador,Precio / ajuste anual,18,0.0
2026-02,Ecuador,Siigo Contador,Se fue a la competencia,10,0.0
2026-02,Ecuador,Siigo Contador,Mala experiencia de soporte,7,0.0
2026-02,Ecuador,Siigo Contador,No logró implementar,7,0.0
2026-02,Ecuador,Siigo Contador,Cambió de contador,6,0.0
2026-02,Ecuador,Siigo Contador,Funcionalidad faltante,4,0.0
2026-02,Ecuador,Siigo Contador,Otro / sin motivo registrado,3,0.0
2026-02,Ecuador,Profesional Independiente,Cerró o quebró el negocio,47,1936.51
2026-02,Ecuador,Profesional Independiente,Precio / ajuste anual,51,2533.16
2026-02,Ecuador,Profesional Independiente,Se fue a la competencia,25,1196.08
2026-02,Ecuador,Profesional Independiente,Mala experiencia de soporte,22,984.53
2026-02,Ecuador,Profesional Independiente,No logró implementar,23,886.89
2026-02,Ecuador,Profesional Independiente,Cambió de contador,16,634.65
2026-02,Ecuador,Profesional Independiente,Funcionalidad faltante,13,545.15
2026-02,Ecuador,Profesional Independiente,Otro / sin motivo registrado,9,398.69
2026-02,Ecuador,Emprendedor,Cerró o quebró el negocio,34,1844.3
2026-02,Ecuador,Emprendedor,Precio / ajuste anual,48,2412.54
2026-02,Ecuador,Emprendedor,Se fue a la competencia,23,1139.13
2026-02,Ecuador,Emprendedor,Mala experiencia de soporte,19,937.65
2026-02,Ecuador,Emprendedor,No logró implementar,11,844.66
2026-02,Ecuador,Emprendedor,Cambió de contador,12,604.43
2026-02,Ecuador,Emprendedor,Funcionalidad faltante,10,519.19
2026-02,Ecuador,Emprendedor,Otro / sin motivo registrado,7,379.71
2026-02,Ecuador,Premium,Cerró o quebró el negocio,15,1006.25
2026-02,Ecuador,Premium,Precio / ajuste anual,21,1316.28
2026-02,Ecuador,Premium,Se fue a la competencia,9,621.51
2026-02,Ecuador,Premium,Mala experiencia de soporte,7,511.58
2026-02,Ecuador,Premium,No logró implementar,7,460.85
2026-02,Ecuador,Premium,Cambió de contador,5,329.78
2026-02,Ecuador,Premium,Funcionalidad faltante,4,283.27
2026-02,Ecuador,Premium,Otro / sin motivo registrado,3,207.17
2026-02,Ecuador,Corporativo,Cerró o quebró el negocio,2,362.51
2026-02,Ecuador,Corporativo,Precio / ajuste anual,3,474.2
2026-02,Ecuador,Corporativo,Se fue a la competencia,1,223.9
2026-02,Ecuador,Corporativo,Mala experiencia de soporte,1,184.3
2026-02,Ecuador,Corporativo,No logró implementar,1,166.02
2026-02,Ecuador,Corporativo,Cambió de contador,1,118.81
2026-02,Ecuador,Siigo POS,Cerró o quebró el negocio,10,318.96
2026-02,Ecuador,Siigo POS,Precio / ajuste anual,14,417.24
2026-02,Ecuador,Siigo POS,Se fue a la competencia,7,197.01
2026-02,Ecuador,Siigo POS,Mala experiencia de soporte,6,162.16
2026-02,Ecuador,Siigo POS,No logró implementar,5,146.08
2026-02,Ecuador,Siigo POS,Cambió de contador,4,104.53
2026-02,Ecuador,Siigo POS,Funcionalidad faltante,2,89.79
2026-02,Ecuador,Siigo POS,Otro / sin motivo registrado,2,65.67
2026-02,Ecuador,POS Gastrobar,Cerró o quebró el negocio,7,270.64
2026-02,Ecuador,POS Gastrobar,Precio / ajuste anual,10,354.02
2026-02,Ecuador,POS Gastrobar,Se fue a la competencia,5,167.16
2026-02,Ecuador,POS Gastrobar,Mala experiencia de soporte,3,137.59
2026-02,Ecuador,POS Gastrobar,No logró implementar,3,123.95
2026-02,Ecuador,POS Gastrobar,Cambió de contador,2,88.7
2026-02,Ecuador,POS Gastrobar,Funcionalidad faltante,2,76.19
2026-02,Ecuador,POS Gastrobar,Otro / sin motivo registrado,1,55.72
2026-03,Ecuador,Siigo Contador,Cerró o quebró el negocio,12,0.0
2026-03,Ecuador,Siigo Contador,Precio / ajuste anual,10,0.0
2026-03,Ecuador,Siigo Contador,Se fue a la competencia,8,0.0
2026-03,Ecuador,Siigo Contador,Mala experiencia de soporte,12,0.0
2026-03,Ecuador,Siigo Contador,No logró implementar,5,0.0
2026-03,Ecuador,Siigo Contador,Cambió de contador,4,0.0
2026-03,Ecuador,Siigo Contador,Funcionalidad faltante,4,0.0
2026-03,Ecuador,Siigo Contador,Otro / sin motivo registrado,3,0.0
2026-03,Ecuador,Profesional Independiente,Cerró o quebró el negocio,49,1820.03
2026-03,Ecuador,Profesional Independiente,Precio / ajuste anual,35,1460.62
2026-03,Ecuador,Profesional Independiente,Se fue a la competencia,22,1124.14
2026-03,Ecuador,Profesional Independiente,Mala experiencia de soporte,32,1369.46
2026-03,Ecuador,Profesional Independiente,No logró implementar,23,833.54
2026-03,Ecuador,Profesional Independiente,Cambió de contador,15,596.48
2026-03,Ecuador,Profesional Independiente,Funcionalidad faltante,9,512.36
2026-03,Ecuador,Profesional Independiente,Otro / sin motivo registrado,9,374.71
2026-03,Ecuador,Emprendedor,Cerró o quebró el negocio,36,1994.69
2026-03,Ecuador,Emprendedor,Precio / ajuste anual,31,1600.78
2026-03,Ecuador,Emprendedor,Se fue a la competencia,21,1232.01
2026-03,Ecuador,Emprendedor,Mala experiencia de soporte,26,1500.87
2026-03,Ecuador,Emprendedor,No logró implementar,12,913.53
2026-03,Ecuador,Emprendedor,Cambió de contador,11,653.72
2026-03,Ecuador,Emprendedor,Funcionalidad faltante,10,561.53
2026-03,Ecuador,Emprendedor,Otro / sin motivo registrado,8,410.67
2026-03,Ecuador,Premium,Cerró o quebró el negocio,17,982.24
2026-03,Ecuador,Premium,Precio / ajuste anual,13,788.27
2026-03,Ecuador,Premium,Se fue a la competencia,10,606.68
2026-03,Ecuador,Premium,Mala experiencia de soporte,12,739.07
2026-03,Ecuador,Premium,No logró implementar,7,449.85
2026-03,Ecuador,Premium,Cambió de contador,5,321.91
2026-03,Ecuador,Premium,Funcionalidad faltante,4,276.51
2026-03,Ecuador,Premium,Otro / sin motivo registrado,3,202.23
2026-03,Ecuador,Corporativo,Cerró o quebró el negocio,2,334.44
2026-03,Ecuador,Corporativo,Precio / ajuste anual,2,268.39
2026-03,Ecuador,Corporativo,Se fue a la competencia,1,206.56
2026-03,Ecuador,Corporativo,Mala experiencia de soporte,1,251.64
2026-03,Ecuador,Corporativo,No logró implementar,1,153.17
2026-03,Ecuador,Corporativo,Cambió de contador,1,109.6
2026-03,Ecuador,Siigo POS,Cerró o quebró el negocio,16,353.18
2026-03,Ecuador,Siigo POS,Precio / ajuste anual,10,283.43
2026-03,Ecuador,Siigo POS,Se fue a la competencia,8,218.14
2026-03,Ecuador,Siigo POS,Mala experiencia de soporte,8,265.75
2026-03,Ecuador,Siigo POS,No logró implementar,6,161.75
2026-03,Ecuador,Siigo POS,Cambió de contador,3,115.75
2026-03,Ecuador,Siigo POS,Funcionalidad faltante,3,99.42
2026-03,Ecuador,Siigo POS,Otro / sin motivo registrado,2,72.71
2026-03,Ecuador,POS Gastrobar,Cerró o quebró el negocio,8,297.6
2026-03,Ecuador,POS Gastrobar,Precio / ajuste anual,6,238.83
2026-03,Ecuador,POS Gastrobar,Se fue a la competencia,5,183.81
2026-03,Ecuador,POS Gastrobar,Mala experiencia de soporte,5,223.92
2026-03,Ecuador,POS Gastrobar,No logró implementar,4,136.29
2026-03,Ecuador,POS Gastrobar,Cambió de contador,2,97.53
2026-03,Ecuador,POS Gastrobar,Funcionalidad faltante,2,83.78
2026-03,Ecuador,POS Gastrobar,Otro / sin motivo registrado,1,61.27
2026-04,Ecuador,Siigo Contador,Cerró o quebró el negocio,21,0.0
2026-04,Ecuador,Siigo Contador,Precio / ajuste anual,13,0.0
2026-04,Ecuador,Siigo Contador,Se fue a la competencia,11,0.0
2026-04,Ecuador,Siigo Contador,Mala experiencia de soporte,14,0.0
2026-04,Ecuador,Siigo Contador,No logró implementar,8,0.0
2026-04,Ecuador,Siigo Contador,Cambió de contador,5,0.0
2026-04,Ecuador,Siigo Contador,Funcionalidad faltante,5,0.0
2026-04,Ecuador,Siigo Contador,Otro / sin motivo registrado,3,0.0
2026-04,Ecuador,Profesional Independiente,Cerró o quebró el negocio,52,2148.65
2026-04,Ecuador,Profesional Independiente,Precio / ajuste anual,49,1724.34
2026-04,Ecuador,Profesional Independiente,Se fue a la competencia,31,1327.11
2026-04,Ecuador,Profesional Independiente,Mala experiencia de soporte,39,1616.73
2026-04,Ecuador,Profesional Independiente,No logró implementar,20,984.05
2026-04,Ecuador,Profesional Independiente,Cambió de contador,16,704.18
2026-04,Ecuador,Profesional Independiente,Funcionalidad faltante,10,604.87
2026-04,Ecuador,Profesional Independiente,Otro / sin motivo registrado,11,442.37
2026-04,Ecuador,Emprendedor,Cerró o quebró el negocio,30,2140.54
2026-04,Ecuador,Emprendedor,Precio / ajuste anual,38,1717.83
2026-04,Ecuador,Emprendedor,Se fue a la competencia,22,1322.1
2026-04,Ecuador,Emprendedor,Mala experiencia de soporte,21,1610.62
2026-04,Ecuador,Emprendedor,No logró implementar,21,980.33
2026-04,Ecuador,Emprendedor,Cambió de contador,11,701.52
2026-04,Ecuador,Emprendedor,Funcionalidad faltante,10,602.59
2026-04,Ecuador,Emprendedor,Otro / sin motivo registrado,7,440.7
2026-04,Ecuador,Premium,Cerró o quebró el negocio,19,1027.54
2026-04,Ecuador,Premium,Precio / ajuste anual,10,824.62
2026-04,Ecuador,Premium,Se fue a la competencia,9,634.66
2026-04,Ecuador,Premium,Mala experiencia de soporte,14,773.16
2026-04,Ecuador,Premium,No logró implementar,6,470.6
2026-04,Ecuador,Premium,Cambió de contador,6,336.76
2026-04,Ecuador,Premium,Funcionalidad faltante,3,289.27
2026-04,Ecuador,Premium,Otro / sin motivo registrado,3,211.55
2026-04,Ecuador,Corporativo,Cerró o quebró el negocio,2,320.84
2026-04,Ecuador,Corporativo,Precio / ajuste anual,2,257.48
2026-04,Ecuador,Corporativo,Se fue a la competencia,1,198.16
2026-04,Ecuador,Corporativo,Mala experiencia de soporte,2,241.41
2026-04,Ecuador,Corporativo,No logró implementar,1,146.94
2026-04,Ecuador,Siigo POS,Cerró o quebró el negocio,12,352.21
2026-04,Ecuador,Siigo POS,Precio / ajuste anual,10,282.66
2026-04,Ecuador,Siigo POS,Se fue a la competencia,8,217.54
2026-04,Ecuador,Siigo POS,Mala experiencia de soporte,10,265.02
2026-04,Ecuador,Siigo POS,No logró implementar,6,161.31
2026-04,Ecuador,Siigo POS,Cambió de contador,4,115.43
2026-04,Ecuador,Siigo POS,Funcionalidad faltante,3,99.15
2026-04,Ecuador,Siigo POS,Otro / sin motivo registrado,2,72.51
2026-04,Ecuador,POS Gastrobar,Cerró o quebró el negocio,6,248.88
2026-04,Ecuador,POS Gastrobar,Precio / ajuste anual,5,199.73
2026-04,Ecuador,POS Gastrobar,Se fue a la competencia,4,153.72
2026-04,Ecuador,POS Gastrobar,Mala experiencia de soporte,5,187.27
2026-04,Ecuador,POS Gastrobar,No logró implementar,3,113.98
2026-04,Ecuador,POS Gastrobar,Cambió de contador,2,81.57
2026-04,Ecuador,POS Gastrobar,Funcionalidad faltante,2,70.06
2026-04,Ecuador,POS Gastrobar,Otro / sin motivo registrado,1,51.24
2026-05,Ecuador,Siigo Contador,Cerró o quebró el negocio,14,0.0
2026-05,Ecuador,Siigo Contador,Precio / ajuste anual,14,0.0
2026-05,Ecuador,Siigo Contador,Se fue a la competencia,7,0.0
2026-05,Ecuador,Siigo Contador,Mala experiencia de soporte,12,0.0
2026-05,Ecuador,Siigo Contador,No logró implementar,8,0.0
2026-05,Ecuador,Siigo Contador,Cambió de contador,5,0.0
2026-05,Ecuador,Siigo Contador,Funcionalidad faltante,4,0.0
2026-05,Ecuador,Siigo Contador,Otro / sin motivo registrado,3,0.0
2026-05,Ecuador,Profesional Independiente,Cerró o quebró el negocio,43,1981.11
2026-05,Ecuador,Profesional Independiente,Precio / ajuste anual,40,1589.88
2026-05,Ecuador,Profesional Independiente,Se fue a la competencia,33,1223.63
2026-05,Ecuador,Profesional Independiente,Mala experiencia de soporte,28,1490.66
2026-05,Ecuador,Profesional Independiente,No logró implementar,21,907.32
2026-05,Ecuador,Profesional Independiente,Cambió de contador,15,649.27
2026-05,Ecuador,Profesional Independiente,Funcionalidad faltante,13,557.71
2026-05,Ecuador,Profesional Independiente,Otro / sin motivo registrado,9,407.88
2026-05,Ecuador,Emprendedor,Cerró o quebró el negocio,36,2279.77
2026-05,Ecuador,Emprendedor,Precio / ajuste anual,32,1829.56
2026-05,Ecuador,Emprendedor,Se fue a la competencia,23,1408.09
2026-05,Ecuador,Emprendedor,Mala experiencia de soporte,32,1715.38
2026-05,Ecuador,Emprendedor,No logró implementar,20,1044.1
2026-05,Ecuador,Emprendedor,Cambió de contador,15,747.15
2026-05,Ecuador,Emprendedor,Funcionalidad faltante,11,641.78
2026-05,Ecuador,Emprendedor,Otro / sin motivo registrado,8,469.36
2026-05,Ecuador,Premium,Cerró o quebró el negocio,17,1075.05
2026-05,Ecuador,Premium,Precio / ajuste anual,11,862.75
2026-05,Ecuador,Premium,Se fue a la competencia,11,664.0
2026-05,Ecuador,Premium,Mala experiencia de soporte,13,808.91
2026-05,Ecuador,Premium,No logró implementar,7,492.36
2026-05,Ecuador,Premium,Cambió de contador,5,352.33
2026-05,Ecuador,Premium,Funcionalidad faltante,5,302.64
2026-05,Ecuador,Premium,Otro / sin motivo registrado,3,221.33
2026-05,Ecuador,Corporativo,Cerró o quebró el negocio,3,357.57
2026-05,Ecuador,Corporativo,Precio / ajuste anual,2,286.95
2026-05,Ecuador,Corporativo,Se fue a la competencia,1,220.85
2026-05,Ecuador,Corporativo,Mala experiencia de soporte,2,269.05
2026-05,Ecuador,Corporativo,No logró implementar,1,163.76
2026-05,Ecuador,Corporativo,Cambió de contador,1,117.19
2026-05,Ecuador,Siigo POS,Cerró o quebró el negocio,12,368.67
2026-05,Ecuador,Siigo POS,Precio / ajuste anual,10,295.87
2026-05,Ecuador,Siigo POS,Se fue a la competencia,9,227.71
2026-05,Ecuador,Siigo POS,Mala experiencia de soporte,10,277.4
2026-05,Ecuador,Siigo POS,No logró implementar,6,168.85
2026-05,Ecuador,Siigo POS,Cambió de contador,5,120.83
2026-05,Ecuador,Siigo POS,Funcionalidad faltante,4,103.79
2026-05,Ecuador,Siigo POS,Otro / sin motivo registrado,2,75.9
2026-05,Ecuador,POS Gastrobar,Cerró o quebró el negocio,7,267.35
2026-05,Ecuador,POS Gastrobar,Precio / ajuste anual,7,214.56
2026-05,Ecuador,POS Gastrobar,Se fue a la competencia,5,165.13
2026-05,Ecuador,POS Gastrobar,Mala experiencia de soporte,5,201.17
2026-05,Ecuador,POS Gastrobar,No logró implementar,4,122.44
2026-05,Ecuador,POS Gastrobar,Cambió de contador,2,87.62
2026-05,Ecuador,POS Gastrobar,Funcionalidad faltante,2,75.26
2026-05,Ecuador,POS Gastrobar,Otro / sin motivo registrado,1,55.04
2026-06,Ecuador,Siigo Contador,Cerró o quebró el negocio,14,0.0
2026-06,Ecuador,Siigo Contador,Precio / ajuste anual,13,0.0
2026-06,Ecuador,Siigo Contador,Se fue a la competencia,7,0.0
2026-06,Ecuador,Siigo Contador,Mala experiencia de soporte,7,0.0
2026-06,Ecuador,Siigo Contador,No logró implementar,8,0.0
2026-06,Ecuador,Siigo Contador,Cambió de contador,5,0.0
2026-06,Ecuador,Siigo Contador,Funcionalidad faltante,4,0.0
2026-06,Ecuador,Siigo Contador,Otro / sin motivo registrado,3,0.0
2026-06,Ecuador,Profesional Independiente,Cerró o quebró el negocio,58,2218.98
2026-06,Ecuador,Profesional Independiente,Precio / ajuste anual,40,1780.78
2026-06,Ecuador,Profesional Independiente,Se fue a la competencia,35,1370.55
2026-06,Ecuador,Profesional Independiente,Mala experiencia de soporte,26,1128.14
2026-06,Ecuador,Profesional Independiente,No logró implementar,23,1016.26
2026-06,Ecuador,Profesional Independiente,Cambió de contador,18,727.23
2026-06,Ecuador,Profesional Independiente,Funcionalidad faltante,13,624.67
2026-06,Ecuador,Profesional Independiente,Otro / sin motivo registrado,8,456.85
2026-06,Ecuador,Emprendedor,Cerró o quebró el negocio,34,2142.13
2026-06,Ecuador,Emprendedor,Precio / ajuste anual,29,1719.1
2026-06,Ecuador,Emprendedor,Se fue a la competencia,27,1323.08
2026-06,Ecuador,Emprendedor,Mala experiencia de soporte,17,1089.07
2026-06,Ecuador,Emprendedor,No logró implementar,16,981.06
2026-06,Ecuador,Emprendedor,Cambió de contador,15,702.04
2026-06,Ecuador,Emprendedor,Funcionalidad faltante,10,603.04
2026-06,Ecuador,Emprendedor,Otro / sin motivo registrado,7,441.03
2026-06,Ecuador,Premium,Cerró o quebró el negocio,16,1064.72
2026-06,Ecuador,Premium,Precio / ajuste anual,14,854.46
2026-06,Ecuador,Premium,Se fue a la competencia,10,657.62
2026-06,Ecuador,Premium,Mala experiencia de soporte,7,541.31
2026-06,Ecuador,Premium,No logró implementar,7,487.63
2026-06,Ecuador,Premium,Cambió de contador,5,348.94
2026-06,Ecuador,Premium,Funcionalidad faltante,5,299.73
2026-06,Ecuador,Premium,Otro / sin motivo registrado,3,219.21
2026-06,Ecuador,Corporativo,Cerró o quebró el negocio,3,388.05
2026-06,Ecuador,Corporativo,Precio / ajuste anual,2,311.42
2026-06,Ecuador,Corporativo,Se fue a la competencia,1,239.68
2026-06,Ecuador,Corporativo,Mala experiencia de soporte,1,197.29
2026-06,Ecuador,Corporativo,No logró implementar,1,177.72
2026-06,Ecuador,Corporativo,Funcionalidad faltante,1,109.24
2026-06,Ecuador,Siigo POS,Cerró o quebró el negocio,16,398.61
2026-06,Ecuador,Siigo POS,Precio / ajuste anual,12,319.9
2026-06,Ecuador,Siigo POS,Se fue a la competencia,10,246.2
2026-06,Ecuador,Siigo POS,Mala experiencia de soporte,6,202.66
2026-06,Ecuador,Siigo POS,No logró implementar,6,182.56
2026-06,Ecuador,Siigo POS,Cambió de contador,4,130.64
2026-06,Ecuador,Siigo POS,Funcionalidad faltante,4,112.21
2026-06,Ecuador,Siigo POS,Otro / sin motivo registrado,2,82.07
2026-06,Ecuador,POS Gastrobar,Cerró o quebró el negocio,7,282.2
2026-06,Ecuador,POS Gastrobar,Precio / ajuste anual,7,226.47
2026-06,Ecuador,POS Gastrobar,Se fue a la competencia,4,174.3
2026-06,Ecuador,POS Gastrobar,Mala experiencia de soporte,3,143.47
2026-06,Ecuador,POS Gastrobar,No logró implementar,3,129.24
2026-06,Ecuador,POS Gastrobar,Cambió de contador,2,92.49
2026-06,Ecuador,POS Gastrobar,Funcionalidad faltante,2,79.44
2026-06,Ecuador,POS Gastrobar,Otro / sin motivo registrado,1,58.1
2026-07,Ecuador,Siigo Contador,Cerró o quebró el negocio,21,0.0
2026-07,Ecuador,Siigo Contador,Precio / ajuste anual,14,0.0
2026-07,Ecuador,Siigo Contador,Se fue a la competencia,12,0.0
2026-07,Ecuador,Siigo Contador,Mala experiencia de soporte,9,0.0
2026-07,Ecuador,Siigo Contador,No logró implementar,8,0.0
2026-07,Ecuador,Siigo Contador,Cambió de contador,5,0.0
2026-07,Ecuador,Siigo Contador,Funcionalidad faltante,4,0.0
2026-07,Ecuador,Siigo Contador,Otro / sin motivo registrado,2,0.0
2026-07,Ecuador,Profesional Independiente,Cerró o quebró el negocio,52,2126.68
2026-07,Ecuador,Profesional Independiente,Precio / ajuste anual,43,1706.71
2026-07,Ecuador,Profesional Independiente,Se fue a la competencia,33,1313.54
2026-07,Ecuador,Profesional Independiente,Mala experiencia de soporte,23,1081.21
2026-07,Ecuador,Profesional Independiente,No logró implementar,21,973.98
2026-07,Ecuador,Profesional Independiente,Cambió de contador,20,696.98
2026-07,Ecuador,Profesional Independiente,Funcionalidad faltante,12,598.69
2026-07,Ecuador,Profesional Independiente,Otro / sin motivo registrado,10,437.85
2026-07,Ecuador,Emprendedor,Cerró o quebró el negocio,38,2138.04
2026-07,Ecuador,Emprendedor,Precio / ajuste anual,28,1715.82
2026-07,Ecuador,Emprendedor,Se fue a la competencia,22,1320.56
2026-07,Ecuador,Emprendedor,Mala experiencia de soporte,19,1086.99
2026-07,Ecuador,Emprendedor,No logró implementar,15,979.19
2026-07,Ecuador,Emprendedor,Cambió de contador,11,700.7
2026-07,Ecuador,Emprendedor,Funcionalidad faltante,11,601.89
2026-07,Ecuador,Emprendedor,Otro / sin motivo registrado,8,440.19
2026-07,Ecuador,Premium,Cerró o quebró el negocio,17,1034.67
2026-07,Ecuador,Premium,Precio / ajuste anual,13,830.35
2026-07,Ecuador,Premium,Se fue a la competencia,11,639.06
2026-07,Ecuador,Premium,Mala experiencia de soporte,9,526.03
2026-07,Ecuador,Premium,No logró implementar,8,473.86
2026-07,Ecuador,Premium,Cambió de contador,6,339.09
2026-07,Ecuador,Premium,Funcionalidad faltante,5,291.27
2026-07,Ecuador,Premium,Otro / sin motivo registrado,3,213.02
2026-07,Ecuador,Corporativo,Cerró o quebró el negocio,3,334.06
2026-07,Ecuador,Corporativo,Precio / ajuste anual,2,268.09
2026-07,Ecuador,Corporativo,Se fue a la competencia,1,206.33
2026-07,Ecuador,Corporativo,Mala experiencia de soporte,1,169.84
2026-07,Ecuador,Corporativo,No logró implementar,1,152.99
2026-07,Ecuador,Corporativo,Cambió de contador,1,109.48
2026-07,Ecuador,Siigo POS,Cerró o quebró el negocio,12,363.4
2026-07,Ecuador,Siigo POS,Precio / ajuste anual,11,291.64
2026-07,Ecuador,Siigo POS,Se fue a la competencia,6,224.45
2026-07,Ecuador,Siigo POS,Mala experiencia de soporte,7,184.75
2026-07,Ecuador,Siigo POS,No logró implementar,6,166.43
2026-07,Ecuador,Siigo POS,Cambió de contador,4,119.1
2026-07,Ecuador,Siigo POS,Funcionalidad faltante,3,102.3
2026-07,Ecuador,Siigo POS,Otro / sin motivo registrado,2,74.82
2026-07,Ecuador,POS Gastrobar,Cerró o quebró el negocio,9,268.91
2026-07,Ecuador,POS Gastrobar,Precio / ajuste anual,7,215.8
2026-07,Ecuador,POS Gastrobar,Se fue a la competencia,5,166.09
2026-07,Ecuador,POS Gastrobar,Mala experiencia de soporte,4,136.71
2026-07,Ecuador,POS Gastrobar,No logró implementar,3,123.15
2026-07,Ecuador,POS Gastrobar,Cambió de contador,2,88.13
2026-07,Ecuador,POS Gastrobar,Funcionalidad faltante,1,75.7
2026-07,Ecuador,POS Gastrobar,Otro / sin motivo registrado,1,55.36
2026-08,Ecuador,Siigo Contador,Cerró o quebró el negocio,19,0.0
2026-08,Ecuador,Siigo Contador,Precio / ajuste anual,17,0.0
2026-08,Ecuador,Siigo Contador,Se fue a la competencia,11,0.0
2026-08,Ecuador,Siigo Contador,Mala experiencia de soporte,13,0.0
2026-08,Ecuador,Siigo Contador,No logró implementar,8,0.0
2026-08,Ecuador,Siigo Contador,Cambió de contador,4,0.0
2026-08,Ecuador,Siigo Contador,Funcionalidad faltante,5,0.0
2026-08,Ecuador,Siigo Contador,Otro / sin motivo registrado,4,0.0
2026-08,Ecuador,Profesional Independiente,Cerró o quebró el negocio,52,2340.13
2026-08,Ecuador,Profesional Independiente,Precio / ajuste anual,47,1878.01
2026-08,Ecuador,Profesional Independiente,Se fue a la competencia,37,1445.38
2026-08,Ecuador,Profesional Independiente,Mala experiencia de soporte,48,1760.8
2026-08,Ecuador,Profesional Independiente,No logró implementar,29,1071.74
2026-08,Ecuador,Profesional Independiente,Cambió de contador,17,766.93
2026-08,Ecuador,Profesional Independiente,Funcionalidad faltante,15,658.78
2026-08,Ecuador,Profesional Independiente,Otro / sin motivo registrado,11,481.79
2026-08,Ecuador,Emprendedor,Cerró o quebró el negocio,35,2020.22
2026-08,Ecuador,Emprendedor,Precio / ajuste anual,29,1621.27
2026-08,Ecuador,Emprendedor,Se fue a la competencia,19,1247.78
2026-08,Ecuador,Emprendedor,Mala experiencia de soporte,23,1520.09
2026-08,Ecuador,Emprendedor,No logró implementar,16,925.23
2026-08,Ecuador,Emprendedor,Cambió de contador,9,662.09
2026-08,Ecuador,Emprendedor,Funcionalidad faltante,10,568.72
2026-08,Ecuador,Emprendedor,Otro / sin motivo registrado,8,415.93
2026-08,Ecuador,Premium,Cerró o quebró el negocio,16,1029.05
2026-08,Ecuador,Premium,Precio / ajuste anual,13,825.83
2026-08,Ecuador,Premium,Se fue a la competencia,11,635.59
2026-08,Ecuador,Premium,Mala experiencia de soporte,10,774.29
2026-08,Ecuador,Premium,No logró implementar,7,471.29
2026-08,Ecuador,Premium,Cambió de contador,5,337.25
2026-08,Ecuador,Premium,Funcionalidad faltante,3,289.69
2026-08,Ecuador,Premium,Otro / sin motivo registrado,3,211.86
2026-08,Ecuador,Corporativo,Cerró o quebró el negocio,3,365.73
2026-08,Ecuador,Corporativo,Precio / ajuste anual,2,293.51
2026-08,Ecuador,Corporativo,Se fue a la competencia,1,225.89
2026-08,Ecuador,Corporativo,Mala experiencia de soporte,2,275.19
2026-08,Ecuador,Corporativo,No logró implementar,1,167.5
2026-08,Ecuador,Corporativo,Cambió de contador,1,119.86
2026-08,Ecuador,Siigo POS,Cerró o quebró el negocio,12,347.79
2026-08,Ecuador,Siigo POS,Precio / ajuste anual,9,279.11
2026-08,Ecuador,Siigo POS,Se fue a la competencia,8,214.81
2026-08,Ecuador,Siigo POS,Mala experiencia de soporte,7,261.69
2026-08,Ecuador,Siigo POS,No logró implementar,6,159.28
2026-08,Ecuador,Siigo POS,Cambió de contador,4,113.98
2026-08,Ecuador,Siigo POS,Funcionalidad faltante,3,97.91
2026-08,Ecuador,Siigo POS,Otro / sin motivo registrado,3,71.6
2026-08,Ecuador,POS Gastrobar,Cerró o quebró el negocio,8,301.23
2026-08,Ecuador,POS Gastrobar,Precio / ajuste anual,5,241.75
2026-08,Ecuador,POS Gastrobar,Se fue a la competencia,4,186.06
2026-08,Ecuador,POS Gastrobar,Mala experiencia de soporte,7,226.66
2026-08,Ecuador,POS Gastrobar,No logró implementar,3,137.96
2026-08,Ecuador,POS Gastrobar,Cambió de contador,2,98.72
2026-08,Ecuador,POS Gastrobar,Funcionalidad faltante,2,84.8
2026-08,Ecuador,POS Gastrobar,Otro / sin motivo registrado,2,62.02
2024-10,Perú,Siigo Contador,Cerró o quebró el negocio,7,0.0
2024-10,Perú,Siigo Contador,Precio / ajuste anual,6,0.0
2024-10,Perú,Siigo Contador,Se fue a la competencia,4,0.0
2024-10,Perú,Siigo Contador,Mala experiencia de soporte,3,0.0
2024-10,Perú,Siigo Contador,No logró implementar,3,0.0
2024-10,Perú,Siigo Contador,Cambió de contador,2,0.0
2024-10,Perú,Siigo Contador,Funcionalidad faltante,2,0.0
2024-10,Perú,Siigo Contador,Otro / sin motivo registrado,1,0.0
2024-10,Perú,Profesional Independiente,Cerró o quebró el negocio,26,781.3
2024-10,Perú,Profesional Independiente,Precio / ajuste anual,17,627.01
2024-10,Perú,Profesional Independiente,Se fue a la competencia,15,482.57
2024-10,Perú,Profesional Independiente,Mala experiencia de soporte,9,397.21
2024-10,Perú,Profesional Independiente,No logró implementar,12,357.82
2024-10,Perú,Profesional Independiente,Cambió de contador,7,256.06
2024-10,Perú,Profesional Independiente,Funcionalidad faltante,5,219.94
2024-10,Perú,Profesional Independiente,Otro / sin motivo registrado,4,160.86
2024-10,Perú,Emprendedor,Cerró o quebró el negocio,18,747.06
2024-10,Perú,Emprendedor,Precio / ajuste anual,15,599.53
2024-10,Perú,Emprendedor,Se fue a la competencia,11,461.42
2024-10,Perú,Emprendedor,Mala experiencia de soporte,8,379.81
2024-10,Perú,Emprendedor,No logró implementar,7,342.14
2024-10,Perú,Emprendedor,Cambió de contador,7,244.83
2024-10,Perú,Emprendedor,Funcionalidad faltante,4,210.31
2024-10,Perú,Emprendedor,Otro / sin motivo registrado,3,153.81
2024-10,Perú,Premium,Cerró o quebró el negocio,6,323.93
2024-10,Perú,Premium,Precio / ajuste anual,5,259.96
2024-10,Perú,Premium,Se fue a la competencia,4,200.07
2024-10,Perú,Premium,Mala experiencia de soporte,3,164.69
2024-10,Perú,Premium,No logró implementar,4,148.35
2024-10,Perú,Premium,Cambió de contador,2,106.16
2024-10,Perú,Premium,Funcionalidad faltante,2,91.19
2024-10,Perú,Premium,Otro / sin motivo registrado,1,66.69
2024-10,Perú,Corporativo,Cerró o quebró el negocio,1,109.77
2024-10,Perú,Corporativo,Precio / ajuste anual,1,88.09
2024-10,Perú,Siigo POS,Cerró o quebró el negocio,9,163.28
2024-10,Perú,Siigo POS,Precio / ajuste anual,6,131.04
2024-10,Perú,Siigo POS,Se fue a la competencia,6,100.85
2024-10,Perú,Siigo POS,Mala experiencia de soporte,4,83.01
2024-10,Perú,Siigo POS,No logró implementar,3,74.78
2024-10,Perú,Siigo POS,Cambió de contador,2,53.51
2024-10,Perú,Siigo POS,Funcionalidad faltante,2,45.97
2024-10,Perú,Siigo POS,Otro / sin motivo registrado,1,33.62
2024-10,Perú,POS Gastrobar,Cerró o quebró el negocio,5,119.87
2024-10,Perú,POS Gastrobar,Precio / ajuste anual,4,96.2
2024-10,Perú,POS Gastrobar,Se fue a la competencia,2,74.04
2024-10,Perú,POS Gastrobar,Mala experiencia de soporte,2,60.94
2024-10,Perú,POS Gastrobar,No logró implementar,2,54.9
2024-10,Perú,POS Gastrobar,Cambió de contador,1,39.29
2024-10,Perú,POS Gastrobar,Funcionalidad faltante,1,33.75
2024-11,Perú,Siigo Contador,Cerró o quebró el negocio,9,0.0
2024-11,Perú,Siigo Contador,Precio / ajuste anual,7,0.0
2024-11,Perú,Siigo Contador,Se fue a la competencia,3,0.0
2024-11,Perú,Siigo Contador,Mala experiencia de soporte,4,0.0
2024-11,Perú,Siigo Contador,No logró implementar,3,0.0
2024-11,Perú,Siigo Contador,Cambió de contador,2,0.0
2024-11,Perú,Siigo Contador,Funcionalidad faltante,2,0.0
2024-11,Perú,Siigo Contador,Otro / sin motivo registrado,1,0.0
2024-11,Perú,Profesional Independiente,Cerró o quebró el negocio,27,806.68
2024-11,Perú,Profesional Independiente,Precio / ajuste anual,19,647.38
2024-11,Perú,Profesional Independiente,Se fue a la competencia,16,498.24
2024-11,Perú,Profesional Independiente,Mala experiencia de soporte,14,410.12
2024-11,Perú,Profesional Independiente,No logró implementar,13,369.45
2024-11,Perú,Profesional Independiente,Cambió de contador,8,264.37
2024-11,Perú,Profesional Independiente,Funcionalidad faltante,8,227.09
2024-11,Perú,Profesional Independiente,Otro / sin motivo registrado,5,166.08
2024-11,Perú,Emprendedor,Cerró o quebró el negocio,17,696.34
2024-11,Perú,Emprendedor,Precio / ajuste anual,14,558.82
2024-11,Perú,Emprendedor,Se fue a la competencia,12,430.09
2024-11,Perú,Emprendedor,Mala experiencia de soporte,10,354.02
2024-11,Perú,Emprendedor,No logró implementar,8,318.91
2024-11,Perú,Emprendedor,Cambió de contador,5,228.21
2024-11,Perú,Emprendedor,Funcionalidad faltante,4,196.03
2024-11,Perú,Emprendedor,Otro / sin motivo registrado,3,143.36
2024-11,Perú,Premium,Cerró o quebró el negocio,7,355.94
2024-11,Perú,Premium,Precio / ajuste anual,5,285.65
2024-11,Perú,Premium,Se fue a la competencia,5,219.85
2024-11,Perú,Premium,Mala experiencia de soporte,4,180.96
2024-11,Perú,Premium,No logró implementar,3,163.01
2024-11,Perú,Premium,Cambió de contador,3,116.65
2024-11,Perú,Premium,Funcionalidad faltante,2,100.2
2024-11,Perú,Premium,Otro / sin motivo registrado,1,73.28
2024-11,Perú,Corporativo,Cerró o quebró el negocio,1,102.88
2024-11,Perú,Siigo POS,Cerró o quebró el negocio,8,185.05
2024-11,Perú,Siigo POS,Precio / ajuste anual,8,148.51
2024-11,Perú,Siigo POS,Se fue a la competencia,7,114.3
2024-11,Perú,Siigo POS,Mala experiencia de soporte,4,94.08
2024-11,Perú,Siigo POS,No logró implementar,3,84.75
2024-11,Perú,Siigo POS,Cambió de contador,3,60.65
2024-11,Perú,Siigo POS,Funcionalidad faltante,3,52.09
2024-11,Perú,Siigo POS,Otro / sin motivo registrado,1,38.1
2024-11,Perú,POS Gastrobar,Cerró o quebró el negocio,4,110.86
2024-11,Perú,POS Gastrobar,Precio / ajuste anual,4,88.97
2024-11,Perú,POS Gastrobar,Se fue a la competencia,3,68.47
2024-11,Perú,POS Gastrobar,Mala experiencia de soporte,2,56.36
2024-11,Perú,POS Gastrobar,No logró implementar,2,50.77
2024-11,Perú,POS Gastrobar,Cambió de contador,1,36.33
2024-11,Perú,POS Gastrobar,Funcionalidad faltante,1,31.21
2024-12,Perú,Siigo Contador,Cerró o quebró el negocio,8,0.0
2024-12,Perú,Siigo Contador,Precio / ajuste anual,5,0.0
2024-12,Perú,Siigo Contador,Se fue a la competencia,5,0.0
2024-12,Perú,Siigo Contador,Mala experiencia de soporte,4,0.0
2024-12,Perú,Siigo Contador,No logró implementar,4,0.0
2024-12,Perú,Siigo Contador,Cambió de contador,2,0.0
2024-12,Perú,Siigo Contador,Funcionalidad faltante,2,0.0
2024-12,Perú,Siigo Contador,Otro / sin motivo registrado,2,0.0
2024-12,Perú,Profesional Independiente,Cerró o quebró el negocio,31,1000.06
2024-12,Perú,Profesional Independiente,Precio / ajuste anual,27,802.57
2024-12,Perú,Profesional Independiente,Se fue a la competencia,21,617.68
2024-12,Perú,Profesional Independiente,Mala experiencia de soporte,16,508.43
2024-12,Perú,Profesional Independiente,No logró implementar,15,458.01
2024-12,Perú,Profesional Independiente,Cambió de contador,10,327.75
2024-12,Perú,Profesional Independiente,Funcionalidad faltante,9,281.53
2024-12,Perú,Profesional Independiente,Otro / sin motivo registrado,6,205.89
2024-12,Perú,Emprendedor,Cerró o quebró el negocio,23,962.95
2024-12,Perú,Emprendedor,Precio / ajuste anual,22,772.79
2024-12,Perú,Emprendedor,Se fue a la competencia,17,594.76
2024-12,Perú,Emprendedor,Mala experiencia de soporte,12,489.57
2024-12,Perú,Emprendedor,No logró implementar,11,441.02
2024-12,Perú,Emprendedor,Cambió de contador,9,315.59
2024-12,Perú,Emprendedor,Funcionalidad faltante,6,271.08
2024-12,Perú,Emprendedor,Otro / sin motivo registrado,5,198.25
2024-12,Perú,Premium,Cerró o quebró el negocio,9,416.76
2024-12,Perú,Premium,Precio / ajuste anual,7,334.46
2024-12,Perú,Premium,Se fue a la competencia,6,257.41
2024-12,Perú,Premium,Mala experiencia de soporte,4,211.88
2024-12,Perú,Premium,No logró implementar,4,190.87
2024-12,Perú,Premium,Cambió de contador,2,136.59
2024-12,Perú,Premium,Funcionalidad faltante,2,117.32
2024-12,Perú,Premium,Otro / sin motivo registrado,1,85.8
2024-12,Perú,Corporativo,Cerró o quebró el negocio,1,112.82
2024-12,Perú,Corporativo,Precio / ajuste anual,1,90.54
2024-12,Perú,Siigo POS,Cerró o quebró el negocio,9,206.19
2024-12,Perú,Siigo POS,Precio / ajuste anual,5,165.47
2024-12,Perú,Siigo POS,Se fue a la competencia,7,127.35
2024-12,Perú,Siigo POS,Mala experiencia de soporte,5,104.83
2024-12,Perú,Siigo POS,No logró implementar,4,94.43
2024-12,Perú,Siigo POS,Cambió de contador,3,67.57
2024-12,Perú,Siigo POS,Funcionalidad faltante,2,58.04
2024-12,Perú,Siigo POS,Otro / sin motivo registrado,2,42.45
2024-12,Perú,POS Gastrobar,Cerró o quebró el negocio,4,139.16
2024-12,Perú,POS Gastrobar,Precio / ajuste anual,4,111.68
2024-12,Perú,POS Gastrobar,Se fue a la competencia,4,85.95
2024-12,Perú,POS Gastrobar,Mala experiencia de soporte,3,70.75
2024-12,Perú,POS Gastrobar,No logró implementar,2,63.73
2024-12,Perú,POS Gastrobar,Cambió de contador,1,45.61
2024-12,Perú,POS Gastrobar,Funcionalidad faltante,1,39.17
2024-12,Perú,POS Gastrobar,Otro / sin motivo registrado,1,28.65
2025-01,Perú,Siigo Contador,Cerró o quebró el negocio,12,0.0
2025-01,Perú,Siigo Contador,Precio / ajuste anual,14,0.0
2025-01,Perú,Siigo Contador,Se fue a la competencia,6,0.0
2025-01,Perú,Siigo Contador,Mala experiencia de soporte,5,0.0
2025-01,Perú,Siigo Contador,No logró implementar,5,0.0
2025-01,Perú,Siigo Contador,Cambió de contador,3,0.0
2025-01,Perú,Siigo Contador,Funcionalidad faltante,3,0.0
2025-01,Perú,Siigo Contador,Otro / sin motivo registrado,1,0.0
2025-01,Perú,Profesional Independiente,Cerró o quebró el negocio,36,1048.66
2025-01,Perú,Profesional Independiente,Precio / ajuste anual,47,1371.77
2025-01,Perú,Profesional Independiente,Se fue a la competencia,19,647.7
2025-01,Perú,Profesional Independiente,Mala experiencia de soporte,15,533.14
2025-01,Perú,Profesional Independiente,No logró implementar,15,480.27
2025-01,Perú,Profesional Independiente,Cambió de contador,10,343.68
2025-01,Perú,Profesional Independiente,Funcionalidad faltante,8,295.21
2025-01,Perú,Profesional Independiente,Otro / sin motivo registrado,5,215.9
2025-01,Perú,Emprendedor,Cerró o quebró el negocio,25,992.18
2025-01,Perú,Emprendedor,Precio / ajuste anual,31,1297.88
2025-01,Perú,Emprendedor,Se fue a la competencia,17,612.82
2025-01,Perú,Emprendedor,Mala experiencia de soporte,11,504.43
2025-01,Perú,Emprendedor,No logró implementar,11,454.4
2025-01,Perú,Emprendedor,Cambió de contador,6,325.17
2025-01,Perú,Emprendedor,Funcionalidad faltante,6,279.31
2025-01,Perú,Emprendedor,Otro / sin motivo registrado,5,204.27
2025-01,Perú,Premium,Cerró o quebró el negocio,8,424.09
2025-01,Perú,Premium,Precio / ajuste anual,11,554.76
2025-01,Perú,Premium,Se fue a la competencia,5,261.94
2025-01,Perú,Premium,Mala experiencia de soporte,4,215.61
2025-01,Perú,Premium,No logró implementar,5,194.23
2025-01,Perú,Premium,Cambió de contador,3,138.99
2025-01,Perú,Premium,Funcionalidad faltante,2,119.39
2025-01,Perú,Premium,Otro / sin motivo registrado,1,87.31
2025-01,Perú,Corporativo,Cerró o quebró el negocio,1,144.93
2025-01,Perú,Corporativo,Precio / ajuste anual,1,189.58
2025-01,Perú,Corporativo,Mala experiencia de soporte,1,73.68
2025-01,Perú,Siigo POS,Cerró o quebró el negocio,9,215.77
2025-01,Perú,Siigo POS,Precio / ajuste anual,15,282.25
2025-01,Perú,Siigo POS,Se fue a la competencia,9,133.27
2025-01,Perú,Siigo POS,Mala experiencia de soporte,7,109.7
2025-01,Perú,Siigo POS,No logró implementar,5,98.82
2025-01,Perú,Siigo POS,Cambió de contador,3,70.71
2025-01,Perú,Siigo POS,Funcionalidad faltante,3,60.74
2025-01,Perú,Siigo POS,Otro / sin motivo registrado,2,44.42
2025-01,Perú,POS Gastrobar,Cerró o quebró el negocio,6,157.03
2025-01,Perú,POS Gastrobar,Precio / ajuste anual,8,205.41
2025-01,Perú,POS Gastrobar,Se fue a la competencia,3,96.99
2025-01,Perú,POS Gastrobar,Mala experiencia de soporte,3,79.83
2025-01,Perú,POS Gastrobar,No logró implementar,2,71.91
2025-01,Perú,POS Gastrobar,Cambió de contador,1,51.46
2025-01,Perú,POS Gastrobar,Funcionalidad faltante,1,44.2
2025-01,Perú,POS Gastrobar,Otro / sin motivo registrado,1,32.33
2025-02,Perú,Siigo Contador,Cerró o quebró el negocio,7,0.0
2025-02,Perú,Siigo Contador,Precio / ajuste anual,8,0.0
2025-02,Perú,Siigo Contador,Se fue a la competencia,3,0.0
2025-02,Perú,Siigo Contador,Mala experiencia de soporte,3,0.0
2025-02,Perú,Siigo Contador,No logró implementar,3,0.0
2025-02,Perú,Siigo Contador,Cambió de contador,2,0.0
2025-02,Perú,Siigo Contador,Funcionalidad faltante,1,0.0
2025-02,Perú,Siigo Contador,Otro / sin motivo registrado,1,0.0
2025-02,Perú,Profesional Independiente,Cerró o quebró el negocio,36,1071.66
2025-02,Perú,Profesional Independiente,Precio / ajuste anual,43,1401.85
2025-02,Perú,Profesional Independiente,Se fue a la competencia,22,661.91
2025-02,Perú,Profesional Independiente,Mala experiencia de soporte,16,544.84
2025-02,Perú,Profesional Independiente,No logró implementar,16,490.8
2025-02,Perú,Profesional Independiente,Cambió de contador,11,351.22
2025-02,Perú,Profesional Independiente,Funcionalidad faltante,10,301.69
2025-02,Perú,Profesional Independiente,Otro / sin motivo registrado,5,220.64
2025-02,Perú,Emprendedor,Cerró o quebró el negocio,15,796.78
2025-02,Perú,Emprendedor,Precio / ajuste anual,19,1042.28
2025-02,Perú,Emprendedor,Se fue a la competencia,10,492.13
2025-02,Perú,Emprendedor,Mala experiencia de soporte,9,405.09
2025-02,Perú,Emprendedor,No logró implementar,9,364.91
2025-02,Perú,Emprendedor,Cambió de contador,5,261.13
2025-02,Perú,Emprendedor,Funcionalidad faltante,5,224.3
2025-02,Perú,Emprendedor,Otro / sin motivo registrado,3,164.04
2025-02,Perú,Premium,Cerró o quebró el negocio,9,357.37
2025-02,Perú,Premium,Precio / ajuste anual,9,467.48
2025-02,Perú,Premium,Se fue a la competencia,4,220.73
2025-02,Perú,Premium,Mala experiencia de soporte,3,181.69
2025-02,Perú,Premium,No logró implementar,3,163.67
2025-02,Perú,Premium,Cambió de contador,2,117.12
2025-02,Perú,Premium,Funcionalidad faltante,2,100.6
2025-02,Perú,Premium,Otro / sin motivo registrado,1,73.58
2025-02,Perú,Corporativo,Cerró o quebró el negocio,1,120.08
2025-02,Perú,Corporativo,Precio / ajuste anual,1,157.08
2025-02,Perú,Siigo POS,Cerró o quebró el negocio,11,199.89
2025-02,Perú,Siigo POS,Precio / ajuste anual,14,261.48
2025-02,Perú,Siigo POS,Se fue a la competencia,6,123.46
2025-02,Perú,Siigo POS,Mala experiencia de soporte,5,101.63
2025-02,Perú,Siigo POS,No logró implementar,5,91.55
2025-02,Perú,Siigo POS,Cambió de contador,3,65.51
2025-02,Perú,Siigo POS,Funcionalidad faltante,2,56.27
2025-02,Perú,Siigo POS,Otro / sin motivo registrado,2,41.15
2025-02,Perú,POS Gastrobar,Cerró o quebró el negocio,4,128.64
2025-02,Perú,POS Gastrobar,Precio / ajuste anual,6,168.27
2025-02,Perú,POS Gastrobar,Se fue a la competencia,2,79.45
2025-02,Perú,POS Gastrobar,Mala experiencia de soporte,2,65.4
2025-02,Perú,POS Gastrobar,No logró implementar,2,58.91
2025-02,Perú,POS Gastrobar,Cambió de contador,1,42.16
2025-02,Perú,POS Gastrobar,Funcionalidad faltante,1,36.21
2025-03,Perú,Siigo Contador,Cerró o quebró el negocio,8,0.0
2025-03,Perú,Siigo Contador,Precio / ajuste anual,6,0.0
2025-03,Perú,Siigo Contador,Se fue a la competencia,4,0.0
2025-03,Perú,Siigo Contador,Mala experiencia de soporte,7,0.0
2025-03,Perú,Siigo Contador,No logró implementar,3,0.0
2025-03,Perú,Siigo Contador,Cambió de contador,2,0.0
2025-03,Perú,Siigo Contador,Funcionalidad faltante,2,0.0
2025-03,Perú,Siigo Contador,Otro / sin motivo registrado,1,0.0
2025-03,Perú,Profesional Independiente,Cerró o quebró el negocio,24,915.6
2025-03,Perú,Profesional Independiente,Precio / ajuste anual,22,734.79
2025-03,Perú,Profesional Independiente,Se fue a la competencia,17,565.52
2025-03,Perú,Profesional Independiente,Mala experiencia de soporte,24,688.93
2025-03,Perú,Profesional Independiente,No logró implementar,13,419.33
2025-03,Perú,Profesional Independiente,Cambió de contador,7,300.07
2025-03,Perú,Profesional Independiente,Funcionalidad faltante,7,257.75
2025-03,Perú,Profesional Independiente,Otro / sin motivo registrado,4,188.51
2025-03,Perú,Emprendedor,Cerró o quebró el negocio,18,841.19
2025-03,Perú,Emprendedor,Precio / ajuste anual,19,675.07
2025-03,Perú,Emprendedor,Se fue a la competencia,13,519.56
2025-03,Perú,Emprendedor,Mala experiencia de soporte,15,632.94
2025-03,Perú,Emprendedor,No logró implementar,7,385.25
2025-03,Perú,Emprendedor,Cambió de contador,5,275.68
2025-03,Perú,Emprendedor,Funcionalidad faltante,5,236.81
2025-03,Perú,Emprendedor,Otro / sin motivo registrado,5,173.19
2025-03,Perú,Premium,Cerró o quebró el negocio,8,389.39
2025-03,Perú,Premium,Precio / ajuste anual,7,312.49
2025-03,Perú,Premium,Se fue a la competencia,5,240.51
2025-03,Perú,Premium,Mala experiencia de soporte,6,292.99
2025-03,Perú,Premium,No logró implementar,3,178.33
2025-03,Perú,Premium,Cambió de contador,3,127.62
2025-03,Perú,Premium,Funcionalidad faltante,2,109.62
2025-03,Perú,Premium,Otro / sin motivo registrado,1,80.17
2025-03,Perú,Corporativo,Cerró o quebró el negocio,1,112.98
2025-03,Perú,Corporativo,Precio / ajuste anual,1,90.67
2025-03,Perú,Siigo POS,Cerró o quebró el negocio,7,171.15
2025-03,Perú,Siigo POS,Precio / ajuste anual,7,137.35
2025-03,Perú,Siigo POS,Se fue a la competencia,5,105.71
2025-03,Perú,Siigo POS,Mala experiencia de soporte,7,128.78
2025-03,Perú,Siigo POS,No logró implementar,3,78.38
2025-03,Perú,Siigo POS,Cambió de contador,2,56.09
2025-03,Perú,Siigo POS,Funcionalidad faltante,2,48.18
2025-03,Perú,Siigo POS,Otro / sin motivo registrado,1,35.24
2025-03,Perú,POS Gastrobar,Cerró o quebró el negocio,5,144.19
2025-03,Perú,POS Gastrobar,Precio / ajuste anual,4,115.72
2025-03,Perú,POS Gastrobar,Se fue a la competencia,3,89.06
2025-03,Perú,POS Gastrobar,Mala experiencia de soporte,4,108.49
2025-03,Perú,POS Gastrobar,No logró implementar,2,66.04
2025-03,Perú,POS Gastrobar,Cambió de contador,1,47.26
2025-03,Perú,POS Gastrobar,Funcionalidad faltante,1,40.59
2025-03,Perú,POS Gastrobar,Otro / sin motivo registrado,1,29.69
2025-04,Perú,Siigo Contador,Cerró o quebró el negocio,8,0.0
2025-04,Perú,Siigo Contador,Precio / ajuste anual,6,0.0
2025-04,Perú,Siigo Contador,Se fue a la competencia,5,0.0
2025-04,Perú,Siigo Contador,Mala experiencia de soporte,6,0.0
2025-04,Perú,Siigo Contador,No logró implementar,4,0.0
2025-04,Perú,Siigo Contador,Cambió de contador,3,0.0
2025-04,Perú,Siigo Contador,Funcionalidad faltante,2,0.0
2025-04,Perú,Siigo Contador,Otro / sin motivo registrado,1,0.0
2025-04,Perú,Profesional Independiente,Cerró o quebró el negocio,29,961.27
2025-04,Perú,Profesional Independiente,Precio / ajuste anual,28,771.44
2025-04,Perú,Profesional Independiente,Se fue a la competencia,19,593.72
2025-04,Perú,Profesional Independiente,Mala experiencia de soporte,21,723.29
2025-04,Perú,Profesional Independiente,No logró implementar,14,440.24
2025-04,Perú,Profesional Independiente,Cambió de contador,11,315.04
2025-04,Perú,Profesional Independiente,Funcionalidad faltante,8,270.61
2025-04,Perú,Profesional Independiente,Otro / sin motivo registrado,6,197.91
2025-04,Perú,Emprendedor,Cerró o quebró el negocio,17,844.95
2025-04,Perú,Emprendedor,Precio / ajuste anual,15,678.09
2025-04,Perú,Emprendedor,Se fue a la competencia,13,521.88
2025-04,Perú,Emprendedor,Mala experiencia de soporte,16,635.77
2025-04,Perú,Emprendedor,No logró implementar,7,386.97
2025-04,Perú,Emprendedor,Cambió de contador,6,276.91
2025-04,Perú,Emprendedor,Funcionalidad faltante,4,237.86
2025-04,Perú,Emprendedor,Otro / sin motivo registrado,3,173.96
2025-04,Perú,Premium,Cerró o quebró el negocio,9,396.82
2025-04,Perú,Premium,Precio / ajuste anual,6,318.45
2025-04,Perú,Premium,Se fue a la competencia,5,245.09
2025-04,Perú,Premium,Mala experiencia de soporte,6,298.58
2025-04,Perú,Premium,No logró implementar,3,181.74
2025-04,Perú,Premium,Cambió de contador,2,130.05
2025-04,Perú,Premium,Funcionalidad faltante,2,111.71
2025-04,Perú,Premium,Otro / sin motivo registrado,1,81.7
2025-04,Perú,Corporativo,Cerró o quebró el negocio,1,121.64
2025-04,Perú,Siigo POS,Cerró o quebró el negocio,9,188.53
2025-04,Perú,Siigo POS,Precio / ajuste anual,8,151.3
2025-04,Perú,Siigo POS,Se fue a la competencia,5,116.45
2025-04,Perú,Siigo POS,Mala experiencia de soporte,7,141.86
2025-04,Perú,Siigo POS,No logró implementar,3,86.35
2025-04,Perú,Siigo POS,Cambió de contador,2,61.79
2025-04,Perú,Siigo POS,Funcionalidad faltante,2,53.07
2025-04,Perú,Siigo POS,Otro / sin motivo registrado,1,38.82
2025-04,Perú,POS Gastrobar,Cerró o quebró el negocio,5,132.65
2025-04,Perú,POS Gastrobar,Precio / ajuste anual,3,106.46
2025-04,Perú,POS Gastrobar,Se fue a la competencia,3,81.93
2025-04,Perú,POS Gastrobar,Mala experiencia de soporte,3,99.81
2025-04,Perú,POS Gastrobar,No logró implementar,1,60.75
2025-04,Perú,POS Gastrobar,Cambió de contador,1,43.47
2025-04,Perú,POS Gastrobar,Funcionalidad faltante,1,37.34
2025-05,Perú,Siigo Contador,Cerró o quebró el negocio,8,0.0
2025-05,Perú,Siigo Contador,Precio / ajuste anual,6,0.0
2025-05,Perú,Siigo Contador,Se fue a la competencia,4,0.0
2025-05,Perú,Siigo Contador,Mala experiencia de soporte,4,0.0
2025-05,Perú,Siigo Contador,No logró implementar,4,0.0
2025-05,Perú,Siigo Contador,Cambió de contador,2,0.0
2025-05,Perú,Siigo Contador,Funcionalidad faltante,2,0.0
2025-05,Perú,Siigo Contador,Otro / sin motivo registrado,1,0.0
2025-05,Perú,Profesional Independiente,Cerró o quebró el negocio,27,938.0
2025-05,Perú,Profesional Independiente,Precio / ajuste anual,24,752.77
2025-05,Perú,Profesional Independiente,Se fue a la competencia,17,579.35
2025-05,Perú,Profesional Independiente,Mala experiencia de soporte,16,705.79
2025-05,Perú,Profesional Independiente,No logró implementar,11,429.59
2025-05,Perú,Profesional Independiente,Cambió de contador,10,307.41
2025-05,Perú,Profesional Independiente,Funcionalidad faltante,8,264.06
2025-05,Perú,Profesional Independiente,Otro / sin motivo registrado,5,193.12
2025-05,Perú,Emprendedor,Cerró o quebró el negocio,21,798.8
2025-05,Perú,Emprendedor,Precio / ajuste anual,16,641.05
2025-05,Perú,Emprendedor,Se fue a la competencia,12,493.38
2025-05,Perú,Emprendedor,Mala experiencia de soporte,11,601.05
2025-05,Perú,Emprendedor,No logró implementar,8,365.84
2025-05,Perú,Emprendedor,Cambió de contador,5,261.79
2025-05,Perú,Emprendedor,Funcionalidad faltante,4,224.87
2025-05,Perú,Emprendedor,Otro / sin motivo registrado,4,164.46
2025-05,Perú,Premium,Cerró o quebró el negocio,9,409.51
2025-05,Perú,Premium,Precio / ajuste anual,6,328.64
2025-05,Perú,Premium,Se fue a la competencia,6,252.93
2025-05,Perú,Premium,Mala experiencia de soporte,6,308.13
2025-05,Perú,Premium,No logró implementar,4,187.55
2025-05,Perú,Premium,Cambió de contador,2,134.21
2025-05,Perú,Premium,Funcionalidad faltante,2,115.28
2025-05,Perú,Premium,Otro / sin motivo registrado,1,84.31
2025-05,Perú,Corporativo,Cerró o quebró el negocio,1,124.48
2025-05,Perú,Corporativo,Precio / ajuste anual,1,99.9
2025-05,Perú,Corporativo,Mala experiencia de soporte,1,93.66
2025-05,Perú,Siigo POS,Cerró o quebró el negocio,11,219.92
2025-05,Perú,Siigo POS,Precio / ajuste anual,7,176.49
2025-05,Perú,Siigo POS,Se fue a la competencia,7,135.83
2025-05,Perú,Siigo POS,Mala experiencia de soporte,5,165.48
2025-05,Perú,Siigo POS,No logró implementar,5,100.72
2025-05,Perú,Siigo POS,Cambió de contador,4,72.07
2025-05,Perú,Siigo POS,Funcionalidad faltante,2,61.91
2025-05,Perú,Siigo POS,Otro / sin motivo registrado,1,45.28
2025-05,Perú,POS Gastrobar,Cerró o quebró el negocio,3,135.36
2025-05,Perú,POS Gastrobar,Precio / ajuste anual,3,108.63
2025-05,Perú,POS Gastrobar,Se fue a la competencia,3,83.6
2025-05,Perú,POS Gastrobar,Mala experiencia de soporte,4,101.85
2025-05,Perú,POS Gastrobar,No logró implementar,2,61.99
2025-05,Perú,POS Gastrobar,Cambió de contador,1,44.36
2025-05,Perú,POS Gastrobar,Funcionalidad faltante,1,38.11
2025-06,Perú,Siigo Contador,Cerró o quebró el negocio,9,0.0
2025-06,Perú,Siigo Contador,Precio / ajuste anual,7,0.0
2025-06,Perú,Siigo Contador,Se fue a la competencia,6,0.0
2025-06,Perú,Siigo Contador,Mala experiencia de soporte,4,0.0
2025-06,Perú,Siigo Contador,No logró implementar,3,0.0
2025-06,Perú,Siigo Contador,Cambió de contador,3,0.0
2025-06,Perú,Siigo Contador,Funcionalidad faltante,3,0.0
2025-06,Perú,Siigo Contador,Otro / sin motivo registrado,1,0.0
2025-06,Perú,Profesional Independiente,Cerró o quebró el negocio,30,1050.07
2025-06,Perú,Profesional Independiente,Precio / ajuste anual,24,842.7
2025-06,Perú,Profesional Independiente,Se fue a la competencia,20,648.57
2025-06,Perú,Profesional Independiente,Mala experiencia de soporte,11,533.86
2025-06,Perú,Profesional Independiente,No logró implementar,14,480.91
2025-06,Perú,Profesional Independiente,Cambió de contador,12,344.14
2025-06,Perú,Profesional Independiente,Funcionalidad faltante,8,295.61
2025-06,Perú,Profesional Independiente,Otro / sin motivo registrado,6,216.19
2025-06,Perú,Emprendedor,Cerró o quebró el negocio,19,813.12
2025-06,Perú,Emprendedor,Precio / ajuste anual,13,652.54
2025-06,Perú,Emprendedor,Se fue a la competencia,11,502.22
2025-06,Perú,Emprendedor,Mala experiencia de soporte,9,413.39
2025-06,Perú,Emprendedor,No logró implementar,10,372.39
2025-06,Perú,Emprendedor,Cambió de contador,7,266.48
2025-06,Perú,Emprendedor,Funcionalidad faltante,5,228.9
2025-06,Perú,Emprendedor,Otro / sin motivo registrado,4,167.41
2025-06,Perú,Premium,Cerró o quebró el negocio,9,404.06
2025-06,Perú,Premium,Precio / ajuste anual,6,324.27
2025-06,Perú,Premium,Se fue a la competencia,5,249.57
2025-06,Perú,Premium,Mala experiencia de soporte,4,205.43
2025-06,Perú,Premium,No logró implementar,3,185.05
2025-06,Perú,Premium,Cambió de contador,2,132.42
2025-06,Perú,Premium,Funcionalidad faltante,2,113.75
2025-06,Perú,Premium,Otro / sin motivo registrado,1,83.19
2025-06,Perú,Corporativo,Cerró o quebró el negocio,1,121.77
2025-06,Perú,Corporativo,Precio / ajuste anual,1,97.73
2025-06,Perú,Siigo POS,Cerró o quebró el negocio,10,206.59
2025-06,Perú,Siigo POS,Precio / ajuste anual,8,165.79
2025-06,Perú,Siigo POS,Se fue a la competencia,6,127.6
2025-06,Perú,Siigo POS,Mala experiencia de soporte,5,105.03
2025-06,Perú,Siigo POS,No logró implementar,4,94.61
2025-06,Perú,Siigo POS,Cambió de contador,3,67.7
2025-06,Perú,Siigo POS,Funcionalidad faltante,2,58.16
2025-06,Perú,Siigo POS,Otro / sin motivo registrado,2,42.53
2025-06,Perú,POS Gastrobar,Cerró o quebró el negocio,6,147.35
2025-06,Perú,POS Gastrobar,Precio / ajuste anual,4,118.25
2025-06,Perú,POS Gastrobar,Se fue a la competencia,3,91.01
2025-06,Perú,POS Gastrobar,Mala experiencia de soporte,2,74.91
2025-06,Perú,POS Gastrobar,No logró implementar,2,67.48
2025-06,Perú,POS Gastrobar,Cambió de contador,1,48.29
2025-06,Perú,POS Gastrobar,Funcionalidad faltante,1,41.48
2025-06,Perú,POS Gastrobar,Otro / sin motivo registrado,1,30.34
2025-07,Perú,Siigo Contador,Cerró o quebró el negocio,6,0.0
2025-07,Perú,Siigo Contador,Precio / ajuste anual,6,0.0
2025-07,Perú,Siigo Contador,Se fue a la competencia,4,0.0
2025-07,Perú,Siigo Contador,Mala experiencia de soporte,4,0.0
2025-07,Perú,Siigo Contador,No logró implementar,3,0.0
2025-07,Perú,Siigo Contador,Cambió de contador,2,0.0
2025-07,Perú,Siigo Contador,Funcionalidad faltante,2,0.0
2025-07,Perú,Siigo Contador,Otro / sin motivo registrado,1,0.0
2025-07,Perú,Profesional Independiente,Cerró o quebró el negocio,34,1031.18
2025-07,Perú,Profesional Independiente,Precio / ajuste anual,25,827.55
2025-07,Perú,Profesional Independiente,Se fue a la competencia,21,636.91
2025-07,Perú,Profesional Independiente,Mala experiencia de soporte,15,524.26
2025-07,Perú,Profesional Independiente,No logró implementar,9,472.27
2025-07,Perú,Profesional Independiente,Cambió de contador,9,337.95
2025-07,Perú,Profesional Independiente,Funcionalidad faltante,8,290.29
2025-07,Perú,Profesional Independiente,Otro / sin motivo registrado,5,212.3
2025-07,Perú,Emprendedor,Cerró o quebró el negocio,20,891.35
2025-07,Perú,Emprendedor,Precio / ajuste anual,17,715.33
2025-07,Perú,Emprendedor,Se fue a la competencia,12,550.54
2025-07,Perú,Emprendedor,Mala experiencia de soporte,9,453.16
2025-07,Perú,Emprendedor,No logró implementar,11,408.22
2025-07,Perú,Emprendedor,Cambió de contador,6,292.12
2025-07,Perú,Emprendedor,Funcionalidad faltante,4,250.93
2025-07,Perú,Emprendedor,Otro / sin motivo registrado,4,183.51
2025-07,Perú,Premium,Cerró o quebró el negocio,8,408.8
2025-07,Perú,Premium,Precio / ajuste anual,6,328.07
2025-07,Perú,Premium,Se fue a la competencia,4,252.49
2025-07,Perú,Premium,Mala experiencia de soporte,4,207.83
2025-07,Perú,Premium,No logró implementar,3,187.22
2025-07,Perú,Premium,Cambió de contador,2,133.98
2025-07,Perú,Premium,Funcionalidad faltante,2,115.08
2025-07,Perú,Premium,Otro / sin motivo registrado,1,84.16
2025-07,Perú,Corporativo,Cerró o quebró el negocio,1,131.8
2025-07,Perú,Corporativo,Precio / ajuste anual,1,105.77
2025-07,Perú,Siigo POS,Cerró o quebró el negocio,9,201.34
2025-07,Perú,Siigo POS,Precio / ajuste anual,7,161.58
2025-07,Perú,Siigo POS,Se fue a la competencia,5,124.35
2025-07,Perú,Siigo POS,Mala experiencia de soporte,4,102.36
2025-07,Perú,Siigo POS,No logró implementar,4,92.21
2025-07,Perú,Siigo POS,Cambió de contador,3,65.98
2025-07,Perú,Siigo POS,Funcionalidad faltante,3,56.68
2025-07,Perú,Siigo POS,Otro / sin motivo registrado,2,41.45
2025-07,Perú,POS Gastrobar,Cerró o quebró el negocio,4,150.57
2025-07,Perú,POS Gastrobar,Precio / ajuste anual,5,120.83
2025-07,Perú,POS Gastrobar,Se fue a la competencia,3,93.0
2025-07,Perú,POS Gastrobar,Mala experiencia de soporte,3,76.55
2025-07,Perú,POS Gastrobar,No logró implementar,3,68.96
2025-07,Perú,POS Gastrobar,Cambió de contador,1,49.35
2025-07,Perú,POS Gastrobar,Funcionalidad faltante,1,42.39
2025-07,Perú,POS Gastrobar,Otro / sin motivo registrado,1,31.0
2025-08,Perú,Siigo Contador,Cerró o quebró el negocio,7,0.0
2025-08,Perú,Siigo Contador,Precio / ajuste anual,6,0.0
2025-08,Perú,Siigo Contador,Se fue a la competencia,4,0.0
2025-08,Perú,Siigo Contador,Mala experiencia de soporte,5,0.0
2025-08,Perú,Siigo Contador,No logró implementar,4,0.0
2025-08,Perú,Siigo Contador,Cambió de contador,2,0.0
2025-08,Perú,Siigo Contador,Funcionalidad faltante,2,0.0
2025-08,Perú,Siigo Contador,Otro / sin motivo registrado,1,0.0
2025-08,Perú,Profesional Independiente,Cerró o quebró el negocio,37,1120.22
2025-08,Perú,Profesional Independiente,Precio / ajuste anual,27,899.0
2025-08,Perú,Profesional Independiente,Se fue a la competencia,19,691.9
2025-08,Perú,Profesional Independiente,Mala experiencia de soporte,26,842.9
2025-08,Perú,Profesional Independiente,No logró implementar,15,513.04
2025-08,Perú,Profesional Independiente,Cambió de contador,9,367.13
2025-08,Perú,Profesional Independiente,Funcionalidad faltante,10,315.36
2025-08,Perú,Profesional Independiente,Otro / sin motivo registrado,5,230.63
2025-08,Perú,Emprendedor,Cerró o quebró el negocio,22,947.65
2025-08,Perú,Emprendedor,Precio / ajuste anual,17,760.51
2025-08,Perú,Emprendedor,Se fue a la competencia,15,585.31
2025-08,Perú,Emprendedor,Mala experiencia de soporte,13,713.04
2025-08,Perú,Emprendedor,No logró implementar,10,434.01
2025-08,Perú,Emprendedor,Cambió de contador,6,310.57
2025-08,Perú,Emprendedor,Funcionalidad faltante,5,266.77
2025-08,Perú,Emprendedor,Otro / sin motivo registrado,5,195.1
2025-08,Perú,Premium,Cerró o quebró el negocio,7,364.22
2025-08,Perú,Premium,Precio / ajuste anual,6,292.29
2025-08,Perú,Premium,Se fue a la competencia,4,224.96
2025-08,Perú,Premium,Mala experiencia de soporte,5,274.05
2025-08,Perú,Premium,No logró implementar,3,166.81
2025-08,Perú,Premium,Cambió de contador,3,119.37
2025-08,Perú,Premium,Funcionalidad faltante,2,102.53
2025-08,Perú,Premium,Otro / sin motivo registrado,1,74.99
2025-08,Perú,Corporativo,Cerró o quebró el negocio,1,124.58
2025-08,Perú,Corporativo,Precio / ajuste anual,1,99.98
2025-08,Perú,Siigo POS,Cerró o quebró el negocio,12,215.08
2025-08,Perú,Siigo POS,Precio / ajuste anual,10,172.6
2025-08,Perú,Siigo POS,Se fue a la competencia,5,132.84
2025-08,Perú,Siigo POS,Mala experiencia de soporte,9,161.83
2025-08,Perú,Siigo POS,No logró implementar,5,98.5
2025-08,Perú,Siigo POS,Cambió de contador,4,70.49
2025-08,Perú,Siigo POS,Funcionalidad faltante,2,60.55
2025-08,Perú,Siigo POS,Otro / sin motivo registrado,2,44.28
2025-08,Perú,POS Gastrobar,Cerró o quebró el negocio,5,141.87
2025-08,Perú,POS Gastrobar,Precio / ajuste anual,3,113.86
2025-08,Perú,POS Gastrobar,Se fue a la competencia,2,87.63
2025-08,Perú,POS Gastrobar,Mala experiencia de soporte,4,106.75
2025-08,Perú,POS Gastrobar,No logró implementar,2,64.98
2025-08,Perú,POS Gastrobar,Cambió de contador,1,46.5
2025-08,Perú,POS Gastrobar,Funcionalidad faltante,1,39.94
2025-09,Perú,Siigo Contador,Cerró o quebró el negocio,9,0.0
2025-09,Perú,Siigo Contador,Precio / ajuste anual,6,0.0
2025-09,Perú,Siigo Contador,Se fue a la competencia,5,0.0
2025-09,Perú,Siigo Contador,Mala experiencia de soporte,7,0.0
2025-09,Perú,Siigo Contador,No logró implementar,3,0.0
2025-09,Perú,Siigo Contador,Cambió de contador,2,0.0
2025-09,Perú,Siigo Contador,Funcionalidad faltante,2,0.0
2025-09,Perú,Siigo Contador,Otro / sin motivo registrado,2,0.0
2025-09,Perú,Profesional Independiente,Cerró o quebró el negocio,32,1075.35
2025-09,Perú,Profesional Independiente,Precio / ajuste anual,29,862.99
2025-09,Perú,Profesional Independiente,Se fue a la competencia,20,664.19
2025-09,Perú,Profesional Independiente,Mala experiencia de soporte,26,809.13
2025-09,Perú,Profesional Independiente,No logró implementar,14,492.49
2025-09,Perú,Profesional Independiente,Cambió de contador,10,352.43
2025-09,Perú,Profesional Independiente,Funcionalidad faltante,8,302.72
2025-09,Perú,Profesional Independiente,Otro / sin motivo registrado,8,221.4
2025-09,Perú,Emprendedor,Cerró o quebró el negocio,21,915.3
2025-09,Perú,Emprendedor,Precio / ajuste anual,16,734.55
2025-09,Perú,Emprendedor,Se fue a la competencia,11,565.33
2025-09,Perú,Emprendedor,Mala experiencia de soporte,15,688.71
2025-09,Perú,Emprendedor,No logró implementar,9,419.19
2025-09,Perú,Emprendedor,Cambió de contador,6,299.97
2025-09,Perú,Emprendedor,Funcionalidad faltante,5,257.67
2025-09,Perú,Emprendedor,Otro / sin motivo registrado,4,188.44
2025-09,Perú,Premium,Cerró o quebró el negocio,10,433.51
2025-09,Perú,Premium,Precio / ajuste anual,8,347.9
2025-09,Perú,Premium,Se fue a la competencia,4,267.75
2025-09,Perú,Premium,Mala experiencia de soporte,7,326.19
2025-09,Perú,Premium,No logró implementar,4,198.54
2025-09,Perú,Premium,Cambió de contador,3,142.07
2025-09,Perú,Premium,Funcionalidad faltante,2,122.04
2025-09,Perú,Premium,Otro / sin motivo registrado,1,89.25
2025-09,Perú,Corporativo,Cerró o quebró el negocio,1,128.6
2025-09,Perú,Corporativo,Precio / ajuste anual,1,103.21
2025-09,Perú,Corporativo,Mala experiencia de soporte,1,96.77
2025-09,Perú,Siigo POS,Cerró o quebró el negocio,10,214.47
2025-09,Perú,Siigo POS,Precio / ajuste anual,7,172.12
2025-09,Perú,Siigo POS,Se fue a la competencia,6,132.47
2025-09,Perú,Siigo POS,Mala experiencia de soporte,7,161.38
2025-09,Perú,Siigo POS,No logró implementar,5,98.23
2025-09,Perú,Siigo POS,Cambió de contador,3,70.29
2025-09,Perú,Siigo POS,Funcionalidad faltante,3,60.38
2025-09,Perú,Siigo POS,Otro / sin motivo registrado,1,44.16
2025-09,Perú,POS Gastrobar,Cerró o quebró el negocio,5,137.87
2025-09,Perú,POS Gastrobar,Precio / ajuste anual,4,110.64
2025-09,Perú,POS Gastrobar,Se fue a la competencia,3,85.15
2025-09,Perú,POS Gastrobar,Mala experiencia de soporte,3,103.74
2025-09,Perú,POS Gastrobar,No logró implementar,2,63.14
2025-09,Perú,POS Gastrobar,Cambió de contador,1,45.18
2025-09,Perú,POS Gastrobar,Funcionalidad faltante,1,38.81
2025-09,Perú,POS Gastrobar,Otro / sin motivo registrado,1,28.38
2025-10,Perú,Siigo Contador,Cerró o quebró el negocio,8,0.0
2025-10,Perú,Siigo Contador,Precio / ajuste anual,7,0.0
2025-10,Perú,Siigo Contador,Se fue a la competencia,5,0.0
2025-10,Perú,Siigo Contador,Mala experiencia de soporte,5,0.0
2025-10,Perú,Siigo Contador,No logró implementar,4,0.0
2025-10,Perú,Siigo Contador,Cambió de contador,2,0.0
2025-10,Perú,Siigo Contador,Funcionalidad faltante,2,0.0
2025-10,Perú,Siigo Contador,Otro / sin motivo registrado,1,0.0
2025-10,Perú,Profesional Independiente,Cerró o quebró el negocio,34,1077.02
2025-10,Perú,Profesional Independiente,Precio / ajuste anual,31,864.33
2025-10,Perú,Profesional Independiente,Se fue a la competencia,17,665.22
2025-10,Perú,Profesional Independiente,Mala experiencia de soporte,16,547.56
2025-10,Perú,Profesional Independiente,No logró implementar,15,493.26
2025-10,Perú,Profesional Independiente,Cambió de contador,9,352.97
2025-10,Perú,Profesional Independiente,Funcionalidad faltante,8,303.2
2025-10,Perú,Profesional Independiente,Otro / sin motivo registrado,6,221.74
2025-10,Perú,Emprendedor,Cerró o quebró el negocio,24,971.59
2025-10,Perú,Emprendedor,Precio / ajuste anual,16,779.72
2025-10,Perú,Emprendedor,Se fue a la competencia,15,600.1
2025-10,Perú,Emprendedor,Mala experiencia de soporte,10,493.96
2025-10,Perú,Emprendedor,No logró implementar,8,444.97
2025-10,Perú,Emprendedor,Cambió de contador,7,318.42
2025-10,Perú,Emprendedor,Funcionalidad faltante,5,273.52
2025-10,Perú,Emprendedor,Otro / sin motivo registrado,5,200.03
2025-10,Perú,Premium,Cerró o quebró el negocio,8,435.58
2025-10,Perú,Premium,Precio / ajuste anual,7,349.56
2025-10,Perú,Premium,Se fue a la competencia,5,269.04
2025-10,Perú,Premium,Mala experiencia de soporte,4,221.45
2025-10,Perú,Premium,No logró implementar,4,199.49
2025-10,Perú,Premium,Cambió de contador,3,142.75
2025-10,Perú,Premium,Funcionalidad faltante,2,122.62
2025-10,Perú,Premium,Otro / sin motivo registrado,2,89.68
2025-10,Perú,Corporativo,Cerró o quebró el negocio,1,136.3
2025-10,Perú,Corporativo,Precio / ajuste anual,1,109.39
2025-10,Perú,Siigo POS,Cerró o quebró el negocio,11,217.51
2025-10,Perú,Siigo POS,Precio / ajuste anual,9,174.56
2025-10,Perú,Siigo POS,Se fue a la competencia,5,134.35
2025-10,Perú,Siigo POS,Mala experiencia de soporte,4,110.58
2025-10,Perú,Siigo POS,No logró implementar,3,99.62
2025-10,Perú,Siigo POS,Cambió de contador,3,71.29
2025-10,Perú,Siigo POS,Funcionalidad faltante,2,61.23
2025-10,Perú,Siigo POS,Otro / sin motivo registrado,2,44.78
2025-10,Perú,POS Gastrobar,Cerró o quebró el negocio,5,145.48
2025-10,Perú,POS Gastrobar,Precio / ajuste anual,3,116.75
2025-10,Perú,POS Gastrobar,Se fue a la competencia,3,89.86
2025-10,Perú,POS Gastrobar,Mala experiencia de soporte,3,73.96
2025-10,Perú,POS Gastrobar,No logró implementar,2,66.63
2025-10,Perú,POS Gastrobar,Cambió de contador,1,47.68
2025-10,Perú,POS Gastrobar,Funcionalidad faltante,1,40.96
2025-10,Perú,POS Gastrobar,Otro / sin motivo registrado,1,29.95
2025-11,Perú,Siigo Contador,Cerró o quebró el negocio,9,0.0
2025-11,Perú,Siigo Contador,Precio / ajuste anual,8,0.0
2025-11,Perú,Siigo Contador,Se fue a la competencia,6,0.0
2025-11,Perú,Siigo Contador,Mala experiencia de soporte,4,0.0
2025-11,Perú,Siigo Contador,No logró implementar,4,0.0
2025-11,Perú,Siigo Contador,Cambió de contador,3,0.0
2025-11,Perú,Siigo Contador,Funcionalidad faltante,2,0.0
2025-11,Perú,Siigo Contador,Otro / sin motivo registrado,2,0.0
2025-11,Perú,Profesional Independiente,Cerró o quebró el negocio,30,1051.62
2025-11,Perú,Profesional Independiente,Precio / ajuste anual,24,843.95
2025-11,Perú,Profesional Independiente,Se fue a la competencia,17,649.53
2025-11,Perú,Profesional Independiente,Mala experiencia de soporte,14,534.65
2025-11,Perú,Profesional Independiente,No logró implementar,17,481.63
2025-11,Perú,Profesional Independiente,Cambió de contador,11,344.65
2025-11,Perú,Profesional Independiente,Funcionalidad faltante,10,296.05
2025-11,Perú,Profesional Independiente,Otro / sin motivo registrado,6,216.51
2025-11,Perú,Emprendedor,Cerró o quebró el negocio,20,930.11
2025-11,Perú,Emprendedor,Precio / ajuste anual,17,746.43
2025-11,Perú,Emprendedor,Se fue a la competencia,13,574.48
2025-11,Perú,Emprendedor,Mala experiencia de soporte,10,472.87
2025-11,Perú,Emprendedor,No logró implementar,10,425.97
2025-11,Perú,Emprendedor,Cambió de contador,7,304.82
2025-11,Perú,Emprendedor,Funcionalidad faltante,6,261.84
2025-11,Perú,Emprendedor,Otro / sin motivo registrado,4,191.49
2025-11,Perú,Premium,Cerró o quebró el negocio,8,431.12
2025-11,Perú,Premium,Precio / ajuste anual,8,345.98
2025-11,Perú,Premium,Se fue a la competencia,5,266.28
2025-11,Perú,Premium,Mala experiencia de soporte,4,219.18
2025-11,Perú,Premium,No logró implementar,3,197.44
2025-11,Perú,Premium,Cambió de contador,2,141.29
2025-11,Perú,Premium,Funcionalidad faltante,2,121.37
2025-11,Perú,Premium,Otro / sin motivo registrado,1,88.76
2025-11,Perú,Corporativo,Cerró o quebró el negocio,1,140.22
2025-11,Perú,Corporativo,Precio / ajuste anual,1,112.53
2025-11,Perú,Siigo POS,Cerró o quebró el negocio,8,212.21
2025-11,Perú,Siigo POS,Precio / ajuste anual,8,170.3
2025-11,Perú,Siigo POS,Se fue a la competencia,6,131.07
2025-11,Perú,Siigo POS,Mala experiencia de soporte,6,107.89
2025-11,Perú,Siigo POS,No logró implementar,4,97.19
2025-11,Perú,Siigo POS,Cambió de contador,3,69.55
2025-11,Perú,Siigo POS,Funcionalidad faltante,3,59.74
2025-11,Perú,Siigo POS,Otro / sin motivo registrado,2,43.69
2025-11,Perú,POS Gastrobar,Cerró o quebró el negocio,5,156.61
2025-11,Perú,POS Gastrobar,Precio / ajuste anual,4,125.69
2025-11,Perú,POS Gastrobar,Se fue a la competencia,3,96.73
2025-11,Perú,POS Gastrobar,Mala experiencia de soporte,3,79.62
2025-11,Perú,POS Gastrobar,No logró implementar,2,71.73
2025-11,Perú,POS Gastrobar,Cambió de contador,1,51.33
2025-11,Perú,POS Gastrobar,Funcionalidad faltante,1,44.09
2025-11,Perú,POS Gastrobar,Otro / sin motivo registrado,1,32.24
2025-12,Perú,Siigo Contador,Cerró o quebró el negocio,10,0.0
2025-12,Perú,Siigo Contador,Precio / ajuste anual,6,0.0
2025-12,Perú,Siigo Contador,Se fue a la competencia,6,0.0
2025-12,Perú,Siigo Contador,Mala experiencia de soporte,5,0.0
2025-12,Perú,Siigo Contador,No logró implementar,4,0.0
2025-12,Perú,Siigo Contador,Cambió de contador,3,0.0
2025-12,Perú,Siigo Contador,Funcionalidad faltante,2,0.0
2025-12,Perú,Siigo Contador,Otro / sin motivo registrado,2,0.0
2025-12,Perú,Profesional Independiente,Cerró o quebró el negocio,34,1312.79
2025-12,Perú,Profesional Independiente,Precio / ajuste anual,31,1053.54
2025-12,Perú,Profesional Independiente,Se fue a la competencia,24,810.84
2025-12,Perú,Profesional Independiente,Mala experiencia de soporte,20,667.43
2025-12,Perú,Profesional Independiente,No logró implementar,19,601.24
2025-12,Perú,Profesional Independiente,Cambió de contador,13,430.24
2025-12,Perú,Profesional Independiente,Funcionalidad faltante,9,369.57
2025-12,Perú,Profesional Independiente,Otro / sin motivo registrado,8,270.28
2025-12,Perú,Emprendedor,Cerró o quebró el negocio,24,1024.02
2025-12,Perú,Emprendedor,Precio / ajuste anual,15,821.79
2025-12,Perú,Emprendedor,Se fue a la competencia,17,632.48
2025-12,Perú,Emprendedor,Mala experiencia de soporte,13,520.61
2025-12,Perú,Emprendedor,No logró implementar,11,468.98
2025-12,Perú,Emprendedor,Cambió de contador,8,335.6
2025-12,Perú,Emprendedor,Funcionalidad faltante,5,288.27
2025-12,Perú,Emprendedor,Otro / sin motivo registrado,5,210.83
2025-12,Perú,Premium,Cerró o quebró el negocio,11,552.26
2025-12,Perú,Premium,Precio / ajuste anual,8,443.2
2025-12,Perú,Premium,Se fue a la competencia,6,341.1
2025-12,Perú,Premium,Mala experiencia de soporte,7,280.77
2025-12,Perú,Premium,No logró implementar,5,252.93
2025-12,Perú,Premium,Cambió de contador,4,180.99
2025-12,Perú,Premium,Funcionalidad faltante,3,155.47
2025-12,Perú,Premium,Otro / sin motivo registrado,2,113.7
2025-12,Perú,Corporativo,Cerró o quebró el negocio,1,159.82
2025-12,Perú,Corporativo,Precio / ajuste anual,1,128.26
2025-12,Perú,Siigo POS,Cerró o quebró el negocio,11,263.12
2025-12,Perú,Siigo POS,Precio / ajuste anual,8,211.16
2025-12,Perú,Siigo POS,Se fue a la competencia,7,162.52
2025-12,Perú,Siigo POS,Mala experiencia de soporte,5,133.77
2025-12,Perú,Siigo POS,No logró implementar,6,120.51
2025-12,Perú,Siigo POS,Cambió de contador,3,86.23
2025-12,Perú,Siigo POS,Funcionalidad faltante,3,74.07
2025-12,Perú,Siigo POS,Otro / sin motivo registrado,2,54.17
2025-12,Perú,POS Gastrobar,Cerró o quebró el negocio,6,161.1
2025-12,Perú,POS Gastrobar,Precio / ajuste anual,4,129.29
2025-12,Perú,POS Gastrobar,Se fue a la competencia,3,99.5
2025-12,Perú,POS Gastrobar,Mala experiencia de soporte,2,81.9
2025-12,Perú,POS Gastrobar,No logró implementar,2,73.78
2025-12,Perú,POS Gastrobar,Cambió de contador,2,52.8
2025-12,Perú,POS Gastrobar,Funcionalidad faltante,1,45.35
2025-12,Perú,POS Gastrobar,Otro / sin motivo registrado,1,33.17
2026-01,Perú,Siigo Contador,Cerró o quebró el negocio,13,0.0
2026-01,Perú,Siigo Contador,Precio / ajuste anual,13,0.0
2026-01,Perú,Siigo Contador,Se fue a la competencia,8,0.0
2026-01,Perú,Siigo Contador,Mala experiencia de soporte,5,0.0
2026-01,Perú,Siigo Contador,No logró implementar,4,0.0
2026-01,Perú,Siigo Contador,Cambió de contador,3,0.0
2026-01,Perú,Siigo Contador,Funcionalidad faltante,2,0.0
2026-01,Perú,Siigo Contador,Otro / sin motivo registrado,2,0.0
2026-01,Perú,Profesional Independiente,Cerró o quebró el negocio,44,1410.2
2026-01,Perú,Profesional Independiente,Precio / ajuste anual,67,1844.69
2026-01,Perú,Profesional Independiente,Se fue a la competencia,24,871.0
2026-01,Perú,Profesional Independiente,Mala experiencia de soporte,22,716.95
2026-01,Perú,Profesional Independiente,No logró implementar,21,645.85
2026-01,Perú,Profesional Independiente,Cambió de contador,14,462.17
2026-01,Perú,Profesional Independiente,Funcionalidad faltante,10,396.99
2026-01,Perú,Profesional Independiente,Otro / sin motivo registrado,10,290.33
2026-01,Perú,Emprendedor,Cerró o quebró el negocio,27,1226.11
2026-01,Perú,Emprendedor,Precio / ajuste anual,34,1603.89
2026-01,Perú,Emprendedor,Se fue a la competencia,15,757.3
2026-01,Perú,Emprendedor,Mala experiencia de soporte,14,623.36
2026-01,Perú,Emprendedor,No logró implementar,12,561.54
2026-01,Perú,Emprendedor,Cambió de contador,9,401.83
2026-01,Perú,Emprendedor,Funcionalidad faltante,6,345.17
2026-01,Perú,Emprendedor,Otro / sin motivo registrado,6,252.43
2026-01,Perú,Premium,Cerró o quebró el negocio,12,553.69
2026-01,Perú,Premium,Precio / ajuste anual,14,724.28
2026-01,Perú,Premium,Se fue a la competencia,7,341.98
2026-01,Perú,Premium,Mala experiencia de soporte,6,281.5
2026-01,Perú,Premium,No logró implementar,4,253.58
2026-01,Perú,Premium,Cambió de contador,3,181.46
2026-01,Perú,Premium,Funcionalidad faltante,3,155.87
2026-01,Perú,Premium,Otro / sin motivo registrado,1,113.99
2026-01,Perú,Corporativo,Cerró o quebró el negocio,1,171.32
2026-01,Perú,Corporativo,Precio / ajuste anual,2,224.1
2026-01,Perú,Corporativo,Se fue a la competencia,1,105.82
2026-01,Perú,Corporativo,Mala experiencia de soporte,1,87.1
2026-01,Perú,Siigo POS,Cerró o quebró el negocio,12,272.08
2026-01,Perú,Siigo POS,Precio / ajuste anual,15,355.91
2026-01,Perú,Siigo POS,Se fue a la competencia,7,168.05
2026-01,Perú,Siigo POS,Mala experiencia de soporte,7,138.33
2026-01,Perú,Siigo POS,No logró implementar,6,124.61
2026-01,Perú,Siigo POS,Cambió de contador,4,89.17
2026-01,Perú,Siigo POS,Funcionalidad faltante,4,76.59
2026-01,Perú,Siigo POS,Otro / sin motivo registrado,2,56.02
2026-01,Perú,POS Gastrobar,Cerró o quebró el negocio,7,199.12
2026-01,Perú,POS Gastrobar,Precio / ajuste anual,8,260.47
2026-01,Perú,POS Gastrobar,Se fue a la competencia,4,122.99
2026-01,Perú,POS Gastrobar,Mala experiencia de soporte,3,101.23
2026-01,Perú,POS Gastrobar,No logró implementar,3,91.19
2026-01,Perú,POS Gastrobar,Cambió de contador,2,65.26
2026-01,Perú,POS Gastrobar,Funcionalidad faltante,2,56.06
2026-01,Perú,POS Gastrobar,Otro / sin motivo registrado,1,41.0
2026-02,Perú,Siigo Contador,Cerró o quebró el negocio,9,0.0
2026-02,Perú,Siigo Contador,Precio / ajuste anual,12,0.0
2026-02,Perú,Siigo Contador,Se fue a la competencia,5,0.0
2026-02,Perú,Siigo Contador,Mala experiencia de soporte,4,0.0
2026-02,Perú,Siigo Contador,No logró implementar,4,0.0
2026-02,Perú,Siigo Contador,Cambió de contador,2,0.0
2026-02,Perú,Siigo Contador,Funcionalidad faltante,2,0.0
2026-02,Perú,Siigo Contador,Otro / sin motivo registrado,1,0.0
2026-02,Perú,Profesional Independiente,Cerró o quebró el negocio,28,1115.58
2026-02,Perú,Profesional Independiente,Precio / ajuste anual,43,1459.31
2026-02,Perú,Profesional Independiente,Se fue a la competencia,18,689.04
2026-02,Perú,Profesional Independiente,Mala experiencia de soporte,12,567.17
2026-02,Perú,Profesional Independiente,No logró implementar,13,510.92
2026-02,Perú,Profesional Independiente,Cambió de contador,8,365.61
2026-02,Perú,Profesional Independiente,Funcionalidad faltante,10,314.05
2026-02,Perú,Profesional Independiente,Otro / sin motivo registrado,6,229.68
2026-02,Perú,Emprendedor,Cerró o quebró el negocio,21,960.06
2026-02,Perú,Emprendedor,Precio / ajuste anual,23,1255.87
2026-02,Perú,Emprendedor,Se fue a la competencia,10,592.98
2026-02,Perú,Emprendedor,Mala experiencia de soporte,9,488.1
2026-02,Perú,Emprendedor,No logró implementar,9,439.69
2026-02,Perú,Emprendedor,Cambió de contador,5,314.64
2026-02,Perú,Emprendedor,Funcionalidad faltante,4,270.27
2026-02,Perú,Emprendedor,Otro / sin motivo registrado,5,197.66
2026-02,Perú,Premium,Cerró o quebró el negocio,9,479.74
2026-02,Perú,Premium,Precio / ajuste anual,12,627.55
2026-02,Perú,Premium,Se fue a la competencia,5,296.31
2026-02,Perú,Premium,Mala experiencia de soporte,4,243.9
2026-02,Perú,Premium,No logró implementar,3,219.71
2026-02,Perú,Premium,Cambió de contador,2,157.22
2026-02,Perú,Premium,Funcionalidad faltante,2,135.05
2026-02,Perú,Premium,Otro / sin motivo registrado,1,98.77
2026-02,Perú,Corporativo,Cerró o quebró el negocio,1,148.81
2026-02,Perú,Corporativo,Precio / ajuste anual,2,194.66
2026-02,Perú,Siigo POS,Cerró o quebró el negocio,11,243.16
2026-02,Perú,Siigo POS,Precio / ajuste anual,14,318.09
2026-02,Perú,Siigo POS,Se fue a la competencia,7,150.19
2026-02,Perú,Siigo POS,Mala experiencia de soporte,5,123.63
2026-02,Perú,Siigo POS,No logró implementar,4,111.37
2026-02,Perú,Siigo POS,Cambió de contador,3,79.69
2026-02,Perú,Siigo POS,Funcionalidad faltante,2,68.45
2026-02,Perú,Siigo POS,Otro / sin motivo registrado,1,50.06
2026-02,Perú,POS Gastrobar,Cerró o quebró el negocio,5,161.85
2026-02,Perú,POS Gastrobar,Precio / ajuste anual,8,211.71
2026-02,Perú,POS Gastrobar,Se fue a la competencia,4,99.96
2026-02,Perú,POS Gastrobar,Mala experiencia de soporte,2,82.28
2026-02,Perú,POS Gastrobar,No logró implementar,2,74.12
2026-02,Perú,POS Gastrobar,Cambió de contador,2,53.04
2026-02,Perú,POS Gastrobar,Funcionalidad faltante,1,45.56
2026-02,Perú,POS Gastrobar,Otro / sin motivo registrado,1,33.32
2026-03,Perú,Siigo Contador,Cerró o quebró el negocio,8,0.0
2026-03,Perú,Siigo Contador,Precio / ajuste anual,6,0.0
2026-03,Perú,Siigo Contador,Se fue a la competencia,5,0.0
2026-03,Perú,Siigo Contador,Mala experiencia de soporte,6,0.0
2026-03,Perú,Siigo Contador,No logró implementar,3,0.0
2026-03,Perú,Siigo Contador,Cambió de contador,3,0.0
2026-03,Perú,Siigo Contador,Funcionalidad faltante,2,0.0
2026-03,Perú,Siigo Contador,Otro / sin motivo registrado,2,0.0
2026-03,Perú,Profesional Independiente,Cerró o quebró el negocio,27,1240.78
2026-03,Perú,Profesional Independiente,Precio / ajuste anual,25,995.75
2026-03,Perú,Profesional Independiente,Se fue a la competencia,23,766.37
2026-03,Perú,Profesional Independiente,Mala experiencia de soporte,30,933.61
2026-03,Perú,Profesional Independiente,No logró implementar,15,568.26
2026-03,Perú,Profesional Independiente,Cambió de contador,12,406.64
2026-03,Perú,Profesional Independiente,Funcionalidad faltante,11,349.3
2026-03,Perú,Profesional Independiente,Otro / sin motivo registrado,7,255.46
2026-03,Perú,Emprendedor,Cerró o quebró el negocio,17,1050.47
2026-03,Perú,Emprendedor,Precio / ajuste anual,18,843.02
2026-03,Perú,Emprendedor,Se fue a la competencia,15,648.82
2026-03,Perú,Emprendedor,Mala experiencia de soporte,16,790.41
2026-03,Perú,Emprendedor,No logró implementar,10,481.1
2026-03,Perú,Emprendedor,Cambió de contador,7,344.27
2026-03,Perú,Emprendedor,Funcionalidad faltante,5,295.72
2026-03,Perú,Emprendedor,Otro / sin motivo registrado,4,216.27
2026-03,Perú,Premium,Cerró o quebró el negocio,7,521.57
2026-03,Perú,Premium,Precio / ajuste anual,8,418.57
2026-03,Perú,Premium,Se fue a la competencia,5,322.15
2026-03,Perú,Premium,Mala experiencia de soporte,8,392.45
2026-03,Perú,Premium,No logró implementar,4,238.87
2026-03,Perú,Premium,Cambió de contador,3,170.93
2026-03,Perú,Premium,Funcionalidad faltante,2,146.83
2026-03,Perú,Premium,Otro / sin motivo registrado,2,107.38
2026-03,Perú,Corporativo,Cerró o quebró el negocio,1,152.71
2026-03,Perú,Corporativo,Precio / ajuste anual,1,122.55
2026-03,Perú,Corporativo,Mala experiencia de soporte,1,114.9
2026-03,Perú,Siigo POS,Cerró o quebró el negocio,10,232.7
2026-03,Perú,Siigo POS,Precio / ajuste anual,8,186.75
2026-03,Perú,Siigo POS,Se fue a la competencia,7,143.73
2026-03,Perú,Siigo POS,Mala experiencia de soporte,8,175.1
2026-03,Perú,Siigo POS,No logró implementar,5,106.57
2026-03,Perú,Siigo POS,Cambió de contador,3,76.26
2026-03,Perú,Siigo POS,Funcionalidad faltante,2,65.51
2026-03,Perú,Siigo POS,Otro / sin motivo registrado,2,47.91
2026-03,Perú,POS Gastrobar,Cerró o quebró el negocio,6,170.72
2026-03,Perú,POS Gastrobar,Precio / ajuste anual,5,137.01
2026-03,Perú,POS Gastrobar,Se fue a la competencia,3,105.45
2026-03,Perú,POS Gastrobar,Mala experiencia de soporte,3,128.46
2026-03,Perú,POS Gastrobar,No logró implementar,2,78.19
2026-03,Perú,POS Gastrobar,Cambió de contador,1,55.95
2026-03,Perú,POS Gastrobar,Funcionalidad faltante,1,48.06
2026-03,Perú,POS Gastrobar,Otro / sin motivo registrado,1,35.15
2026-04,Perú,Siigo Contador,Cerró o quebró el negocio,11,0.0
2026-04,Perú,Siigo Contador,Precio / ajuste anual,7,0.0
2026-04,Perú,Siigo Contador,Se fue a la competencia,5,0.0
2026-04,Perú,Siigo Contador,Mala experiencia de soporte,6,0.0
2026-04,Perú,Siigo Contador,No logró implementar,5,0.0
2026-04,Perú,Siigo Contador,Cambió de contador,2,0.0
2026-04,Perú,Siigo Contador,Funcionalidad faltante,2,0.0
2026-04,Perú,Siigo Contador,Otro / sin motivo registrado,2,0.0
2026-04,Perú,Profesional Independiente,Cerró o quebró el negocio,38,1207.09
2026-04,Perú,Profesional Independiente,Precio / ajuste anual,22,968.72
2026-04,Perú,Profesional Independiente,Se fue a la competencia,22,745.56
2026-04,Perú,Profesional Independiente,Mala experiencia de soporte,23,908.26
2026-04,Perú,Profesional Independiente,No logró implementar,14,552.83
2026-04,Perú,Profesional Independiente,Cambió de contador,9,395.6
2026-04,Perú,Profesional Independiente,Funcionalidad faltante,10,339.81
2026-04,Perú,Profesional Independiente,Otro / sin motivo registrado,5,248.52
2026-04,Perú,Emprendedor,Cerró o quebró el negocio,22,1074.44
2026-04,Perú,Emprendedor,Precio / ajuste anual,19,862.26
2026-04,Perú,Emprendedor,Se fue a la competencia,13,663.62
2026-04,Perú,Emprendedor,Mala experiencia de soporte,17,808.45
2026-04,Perú,Emprendedor,No logró implementar,7,492.08
2026-04,Perú,Emprendedor,Cambió de contador,8,352.13
2026-04,Perú,Emprendedor,Funcionalidad faltante,6,302.47
2026-04,Perú,Emprendedor,Otro / sin motivo registrado,5,221.21
2026-04,Perú,Premium,Cerró o quebró el negocio,8,473.36
2026-04,Perú,Premium,Precio / ajuste anual,6,379.88
2026-04,Perú,Premium,Se fue a la competencia,5,292.37
2026-04,Perú,Premium,Mala experiencia de soporte,6,356.17
2026-04,Perú,Premium,No logró implementar,4,216.79
2026-04,Perú,Premium,Cambió de contador,2,155.13
2026-04,Perú,Premium,Funcionalidad faltante,2,133.26
2026-04,Perú,Premium,Otro / sin motivo registrado,1,97.46
2026-04,Perú,Corporativo,Cerró o quebró el negocio,1,151.55
2026-04,Perú,Corporativo,Precio / ajuste anual,1,121.62
2026-04,Perú,Corporativo,Mala experiencia de soporte,1,114.03
2026-04,Perú,Siigo POS,Cerró o quebró el negocio,11,232.26
2026-04,Perú,Siigo POS,Precio / ajuste anual,8,186.39
2026-04,Perú,Siigo POS,Se fue a la competencia,6,143.45
2026-04,Perú,Siigo POS,Mala experiencia de soporte,8,174.76
2026-04,Perú,Siigo POS,No logró implementar,4,106.37
2026-04,Perú,Siigo POS,Cambió de contador,3,76.12
2026-04,Perú,Siigo POS,Funcionalidad faltante,3,65.38
2026-04,Perú,Siigo POS,Otro / sin motivo registrado,2,47.82
2026-04,Perú,POS Gastrobar,Cerró o quebró el negocio,4,169.87
2026-04,Perú,POS Gastrobar,Precio / ajuste anual,5,136.32
2026-04,Perú,POS Gastrobar,Se fue a la competencia,3,104.92
2026-04,Perú,POS Gastrobar,Mala experiencia de soporte,5,127.81
2026-04,Perú,POS Gastrobar,No logró implementar,2,77.8
2026-04,Perú,POS Gastrobar,Cambió de contador,1,55.67
2026-04,Perú,POS Gastrobar,Funcionalidad faltante,1,47.82
2026-04,Perú,POS Gastrobar,Otro / sin motivo registrado,1,34.97
2026-05,Perú,Siigo Contador,Cerró o quebró el negocio,10,0.0
2026-05,Perú,Siigo Contador,Precio / ajuste anual,8,0.0
2026-05,Perú,Siigo Contador,Se fue a la competencia,5,0.0
2026-05,Perú,Siigo Contador,Mala experiencia de soporte,6,0.0
2026-05,Perú,Siigo Contador,No logró implementar,4,0.0
2026-05,Perú,Siigo Contador,Cambió de contador,3,0.0
2026-05,Perú,Siigo Contador,Funcionalidad faltante,2,0.0
2026-05,Perú,Siigo Contador,Otro / sin motivo registrado,1,0.0
2026-05,Perú,Profesional Independiente,Cerró o quebró el negocio,36,1202.31
2026-05,Perú,Profesional Independiente,Precio / ajuste anual,28,964.88
2026-05,Perú,Profesional Independiente,Se fue a la competencia,22,742.6
2026-05,Perú,Profesional Independiente,Mala experiencia de soporte,27,904.66
2026-05,Perú,Profesional Independiente,No logró implementar,15,550.64
2026-05,Perú,Profesional Independiente,Cambió de contador,11,394.03
2026-05,Perú,Profesional Independiente,Funcionalidad faltante,9,338.47
2026-05,Perú,Profesional Independiente,Otro / sin motivo registrado,7,247.53
2026-05,Perú,Emprendedor,Cerró o quebró el negocio,26,1150.83
2026-05,Perú,Emprendedor,Precio / ajuste anual,19,923.57
2026-05,Perú,Emprendedor,Se fue a la competencia,19,710.81
2026-05,Perú,Emprendedor,Mala experiencia de soporte,17,865.93
2026-05,Perú,Emprendedor,No logró implementar,11,527.06
2026-05,Perú,Emprendedor,Cambió de contador,7,377.16
2026-05,Perú,Emprendedor,Funcionalidad faltante,8,323.97
2026-05,Perú,Emprendedor,Otro / sin motivo registrado,5,236.94
2026-05,Perú,Premium,Cerró o quebró el negocio,10,534.73
2026-05,Perú,Premium,Precio / ajuste anual,7,429.13
2026-05,Perú,Premium,Se fue a la competencia,6,330.28
2026-05,Perú,Premium,Mala experiencia de soporte,7,402.35
2026-05,Perú,Premium,No logró implementar,4,244.9
2026-05,Perú,Premium,Cambió de contador,2,175.25
2026-05,Perú,Premium,Funcionalidad faltante,2,150.53
2026-05,Perú,Premium,Otro / sin motivo registrado,2,110.09
2026-05,Perú,Corporativo,Cerró o quebró el negocio,1,159.52
2026-05,Perú,Corporativo,Precio / ajuste anual,1,128.02
2026-05,Perú,Corporativo,Se fue a la competencia,1,98.53
2026-05,Perú,Corporativo,Mala experiencia de soporte,1,120.03
2026-05,Perú,Siigo POS,Cerró o quebró el negocio,10,246.92
2026-05,Perú,Siigo POS,Precio / ajuste anual,9,198.16
2026-05,Perú,Siigo POS,Se fue a la competencia,7,152.51
2026-05,Perú,Siigo POS,Mala experiencia de soporte,9,185.79
2026-05,Perú,Siigo POS,No logró implementar,5,113.08
2026-05,Perú,Siigo POS,Cambió de contador,3,80.92
2026-05,Perú,Siigo POS,Funcionalidad faltante,3,69.51
2026-05,Perú,Siigo POS,Otro / sin motivo registrado,2,50.84
2026-05,Perú,POS Gastrobar,Cerró o quebró el negocio,6,177.12
2026-05,Perú,POS Gastrobar,Precio / ajuste anual,4,142.14
2026-05,Perú,POS Gastrobar,Se fue a la competencia,3,109.4
2026-05,Perú,POS Gastrobar,Mala experiencia de soporte,4,133.27
2026-05,Perú,POS Gastrobar,No logró implementar,2,81.12
2026-05,Perú,POS Gastrobar,Cambió de contador,2,58.05
2026-05,Perú,POS Gastrobar,Funcionalidad faltante,1,49.86
2026-05,Perú,POS Gastrobar,Otro / sin motivo registrado,1,36.47
2026-06,Perú,Siigo Contador,Cerró o quebró el negocio,9,0.0
2026-06,Perú,Siigo Contador,Precio / ajuste anual,5,0.0
2026-06,Perú,Siigo Contador,Se fue a la competencia,5,0.0
2026-06,Perú,Siigo Contador,Mala experiencia de soporte,4,0.0
2026-06,Perú,Siigo Contador,No logró implementar,3,0.0
2026-06,Perú,Siigo Contador,Cambió de contador,3,0.0
2026-06,Perú,Siigo Contador,Funcionalidad faltante,2,0.0
2026-06,Perú,Siigo Contador,Otro / sin motivo registrado,1,0.0
2026-06,Perú,Profesional Independiente,Cerró o quebró el negocio,29,1261.46
2026-06,Perú,Profesional Independiente,Precio / ajuste anual,27,1012.35
2026-06,Perú,Profesional Independiente,Se fue a la competencia,17,779.14
2026-06,Perú,Profesional Independiente,Mala experiencia de soporte,15,641.33
2026-06,Perú,Profesional Independiente,No logró implementar,19,577.73
2026-06,Perú,Profesional Independiente,Cambió de contador,11,413.42
2026-06,Perú,Profesional Independiente,Funcionalidad faltante,9,355.12
2026-06,Perú,Profesional Independiente,Otro / sin motivo registrado,7,259.71
2026-06,Perú,Emprendedor,Cerró o quebró el negocio,27,1123.96
2026-06,Perú,Emprendedor,Precio / ajuste anual,20,902.01
2026-06,Perú,Emprendedor,Se fue a la competencia,18,694.21
2026-06,Perú,Emprendedor,Mala experiencia de soporte,13,571.43
2026-06,Perú,Emprendedor,No logró implementar,9,514.76
2026-06,Perú,Emprendedor,Cambió de contador,8,368.36
2026-06,Perú,Emprendedor,Funcionalidad faltante,7,316.41
2026-06,Perú,Emprendedor,Otro / sin motivo registrado,4,231.4
2026-06,Perú,Premium,Cerró o quebró el negocio,10,549.59
2026-06,Perú,Premium,Precio / ajuste anual,7,441.06
2026-06,Perú,Premium,Se fue a la competencia,6,339.45
2026-06,Perú,Premium,Mala experiencia de soporte,5,279.41
2026-06,Perú,Premium,No logró implementar,4,251.7
2026-06,Perú,Premium,Cambió de contador,2,180.12
2026-06,Perú,Premium,Funcionalidad faltante,3,154.72
2026-06,Perú,Premium,Otro / sin motivo registrado,2,113.15
2026-06,Perú,Corporativo,Cerró o quebró el negocio,1,170.91
2026-06,Perú,Corporativo,Precio / ajuste anual,1,137.16
2026-06,Perú,Corporativo,Se fue a la competencia,1,105.57
2026-06,Perú,Siigo POS,Cerró o quebró el negocio,10,250.98
2026-06,Perú,Siigo POS,Precio / ajuste anual,9,201.41
2026-06,Perú,Siigo POS,Se fue a la competencia,6,155.01
2026-06,Perú,Siigo POS,Mala experiencia de soporte,6,127.6
2026-06,Perú,Siigo POS,No logró implementar,4,114.94
2026-06,Perú,Siigo POS,Cambió de contador,3,82.25
2026-06,Perú,Siigo POS,Funcionalidad faltante,3,70.65
2026-06,Perú,Siigo POS,Otro / sin motivo registrado,2,51.67
2026-06,Perú,POS Gastrobar,Cerró o quebró el negocio,5,166.2
2026-06,Perú,POS Gastrobar,Precio / ajuste anual,4,133.38
2026-06,Perú,POS Gastrobar,Se fue a la competencia,2,102.65
2026-06,Perú,POS Gastrobar,Mala experiencia de soporte,2,84.5
2026-06,Perú,POS Gastrobar,No logró implementar,2,76.12
2026-06,Perú,POS Gastrobar,Cambió de contador,1,54.47
2026-06,Perú,POS Gastrobar,Funcionalidad faltante,1,46.79
2026-06,Perú,POS Gastrobar,Otro / sin motivo registrado,1,34.22
2026-07,Perú,Siigo Contador,Cerró o quebró el negocio,10,0.0
2026-07,Perú,Siigo Contador,Precio / ajuste anual,7,0.0
2026-07,Perú,Siigo Contador,Se fue a la competencia,6,0.0
2026-07,Perú,Siigo Contador,Mala experiencia de soporte,4,0.0
2026-07,Perú,Siigo Contador,No logró implementar,3,0.0
2026-07,Perú,Siigo Contador,Cambió de contador,3,0.0
2026-07,Perú,Siigo Contador,Funcionalidad faltante,2,0.0
2026-07,Perú,Siigo Contador,Otro / sin motivo registrado,2,0.0
2026-07,Perú,Profesional Independiente,Cerró o quebró el negocio,33,1244.92
2026-07,Perú,Profesional Independiente,Precio / ajuste anual,26,999.08
2026-07,Perú,Profesional Independiente,Se fue a la competencia,22,768.92
2026-07,Perú,Profesional Independiente,Mala experiencia de soporte,17,632.92
2026-07,Perú,Profesional Independiente,No logró implementar,19,570.15
2026-07,Perú,Profesional Independiente,Cambió de contador,13,408.0
2026-07,Perú,Profesional Independiente,Funcionalidad faltante,8,350.46
2026-07,Perú,Profesional Independiente,Otro / sin motivo registrado,6,256.31
2026-07,Perú,Emprendedor,Cerró o quebró el negocio,32,1153.07
2026-07,Perú,Emprendedor,Precio / ajuste anual,22,925.36
2026-07,Perú,Emprendedor,Se fue a la competencia,17,712.19
2026-07,Perú,Emprendedor,Mala experiencia de soporte,11,586.23
2026-07,Perú,Emprendedor,No logró implementar,11,528.09
2026-07,Perú,Emprendedor,Cambió de contador,6,377.9
2026-07,Perú,Emprendedor,Funcionalidad faltante,6,324.6
2026-07,Perú,Emprendedor,Otro / sin motivo registrado,5,237.4
2026-07,Perú,Premium,Cerró o quebró el negocio,7,496.52
2026-07,Perú,Premium,Precio / ajuste anual,7,398.46
2026-07,Perú,Premium,Se fue a la competencia,4,306.67
2026-07,Perú,Premium,Mala experiencia de soporte,4,252.43
2026-07,Perú,Premium,No logró implementar,3,227.4
2026-07,Perú,Premium,Cambió de contador,2,162.72
2026-07,Perú,Premium,Funcionalidad faltante,2,139.78
2026-07,Perú,Premium,Otro / sin motivo registrado,1,102.22
2026-07,Perú,Corporativo,Cerró o quebró el negocio,1,156.41
2026-07,Perú,Corporativo,Precio / ajuste anual,1,125.52
2026-07,Perú,Corporativo,Se fue a la competencia,1,96.61
2026-07,Perú,Siigo POS,Cerró o quebró el negocio,11,266.19
2026-07,Perú,Siigo POS,Precio / ajuste anual,11,213.62
2026-07,Perú,Siigo POS,Se fue a la competencia,8,164.41
2026-07,Perú,Siigo POS,Mala experiencia de soporte,6,135.33
2026-07,Perú,Siigo POS,No logró implementar,5,121.91
2026-07,Perú,Siigo POS,Cambió de contador,3,87.24
2026-07,Perú,Siigo POS,Funcionalidad faltante,3,74.94
2026-07,Perú,Siigo POS,Otro / sin motivo registrado,2,54.8
2026-07,Perú,POS Gastrobar,Cerró o quebró el negocio,5,169.79
2026-07,Perú,POS Gastrobar,Precio / ajuste anual,4,136.26
2026-07,Perú,POS Gastrobar,Se fue a la competencia,3,104.87
2026-07,Perú,POS Gastrobar,Mala experiencia de soporte,2,86.32
2026-07,Perú,POS Gastrobar,No logró implementar,3,77.76
2026-07,Perú,POS Gastrobar,Cambió de contador,1,55.65
2026-07,Perú,POS Gastrobar,Funcionalidad faltante,1,47.8
2026-07,Perú,POS Gastrobar,Otro / sin motivo registrado,1,34.96
2026-08,Perú,Siigo Contador,Cerró o quebró el negocio,9,0.0
2026-08,Perú,Siigo Contador,Precio / ajuste anual,8,0.0
2026-08,Perú,Siigo Contador,Se fue a la competencia,5,0.0
2026-08,Perú,Siigo Contador,Mala experiencia de soporte,7,0.0
2026-08,Perú,Siigo Contador,No logró implementar,5,0.0
2026-08,Perú,Siigo Contador,Cambió de contador,3,0.0
2026-08,Perú,Siigo Contador,Funcionalidad faltante,2,0.0
2026-08,Perú,Siigo Contador,Otro / sin motivo registrado,1,0.0
2026-08,Perú,Profesional Independiente,Cerró o quebró el negocio,32,1354.41
2026-08,Perú,Profesional Independiente,Precio / ajuste anual,25,1086.94
2026-08,Perú,Profesional Independiente,Se fue a la competencia,22,836.55
2026-08,Perú,Profesional Independiente,Mala experiencia de soporte,23,1019.11
2026-08,Perú,Profesional Independiente,No logró implementar,17,620.3
2026-08,Perú,Profesional Independiente,Cambió de contador,14,443.88
2026-08,Perú,Profesional Independiente,Funcionalidad faltante,12,381.28
2026-08,Perú,Profesional Independiente,Otro / sin motivo registrado,8,278.85
2026-08,Perú,Emprendedor,Cerró o quebró el negocio,20,1046.0
2026-08,Perú,Emprendedor,Precio / ajuste anual,19,839.43
2026-08,Perú,Emprendedor,Se fue a la competencia,11,646.06
2026-08,Perú,Emprendedor,Mala experiencia de soporte,16,787.05
2026-08,Perú,Emprendedor,No logró implementar,10,479.05
2026-08,Perú,Emprendedor,Cambió de contador,6,342.81
2026-08,Perú,Emprendedor,Funcionalidad faltante,6,294.46
2026-08,Perú,Emprendedor,Otro / sin motivo registrado,3,215.35
2026-08,Perú,Premium,Cerró o quebró el negocio,10,540.45
2026-08,Perú,Premium,Precio / ajuste anual,8,433.72
2026-08,Perú,Premium,Se fue a la competencia,6,333.81
2026-08,Perú,Premium,Mala experiencia de soporte,7,406.65
2026-08,Perú,Premium,No logró implementar,4,247.52
2026-08,Perú,Premium,Cambió de contador,3,177.12
2026-08,Perú,Premium,Funcionalidad faltante,2,152.14
2026-08,Perú,Premium,Otro / sin motivo registrado,2,111.27
2026-08,Perú,Corporativo,Cerró o quebró el negocio,1,160.58
2026-08,Perú,Corporativo,Precio / ajuste anual,1,128.87
2026-08,Perú,Corporativo,Se fue a la competencia,1,99.18
2026-08,Perú,Corporativo,Mala experiencia de soporte,1,120.82
2026-08,Perú,Siigo POS,Cerró o quebró el negocio,11,274.93
2026-08,Perú,Siigo POS,Precio / ajuste anual,8,220.64
2026-08,Perú,Siigo POS,Se fue a la competencia,8,169.81
2026-08,Perú,Siigo POS,Mala experiencia de soporte,10,206.87
2026-08,Perú,Siigo POS,No logró implementar,5,125.91
2026-08,Perú,Siigo POS,Cambió de contador,3,90.1
2026-08,Perú,Siigo POS,Funcionalidad faltante,3,77.4
2026-08,Perú,Siigo POS,Otro / sin motivo registrado,2,56.6
2026-08,Perú,POS Gastrobar,Cerró o quebró el negocio,6,182.65
2026-08,Perú,POS Gastrobar,Precio / ajuste anual,5,146.58
2026-08,Perú,POS Gastrobar,Se fue a la competencia,4,112.81
2026-08,Perú,POS Gastrobar,Mala experiencia de soporte,4,137.43
2026-08,Perú,POS Gastrobar,No logró implementar,2,83.65
2026-08,Perú,POS Gastrobar,Cambió de contador,1,59.86
2026-08,Perú,POS Gastrobar,Funcionalidad faltante,2,51.42
2026-08,Perú,POS Gastrobar,Otro / sin motivo registrado,1,37.6
2024-10,Uruguay,Siigo Contador,Cerró o quebró el negocio,10,0.0
2024-10,Uruguay,Siigo Contador,Precio / ajuste anual,8,0.0
2024-10,Uruguay,Siigo Contador,Se fue a la competencia,6,0.0
2024-10,Uruguay,Siigo Contador,Mala experiencia de soporte,3,0.0
2024-10,Uruguay,Siigo Contador,No logró implementar,4,0.0
2024-10,Uruguay,Siigo Contador,Cambió de contador,3,0.0
2024-10,Uruguay,Siigo Contador,Funcionalidad faltante,2,0.0
2024-10,Uruguay,Siigo Contador,Otro / sin motivo registrado,1,0.0
2024-10,Uruguay,Profesional Independiente,Cerró o quebró el negocio,15,726.22
2024-10,Uruguay,Profesional Independiente,Precio / ajuste anual,12,582.81
2024-10,Uruguay,Profesional Independiente,Se fue a la competencia,9,448.55
2024-10,Uruguay,Profesional Independiente,Mala experiencia de soporte,8,369.21
2024-10,Uruguay,Profesional Independiente,No logró implementar,6,332.6
2024-10,Uruguay,Profesional Independiente,Cambió de contador,6,238.01
2024-10,Uruguay,Profesional Independiente,Funcionalidad faltante,4,204.44
2024-10,Uruguay,Profesional Independiente,Otro / sin motivo registrado,3,149.52
2024-10,Uruguay,Emprendedor,Cerró o quebró el negocio,12,715.11
2024-10,Uruguay,Emprendedor,Precio / ajuste anual,9,573.89
2024-10,Uruguay,Emprendedor,Se fue a la competencia,7,441.69
2024-10,Uruguay,Emprendedor,Mala experiencia de soporte,5,363.57
2024-10,Uruguay,Emprendedor,No logró implementar,4,327.51
2024-10,Uruguay,Emprendedor,Cambió de contador,3,234.36
2024-10,Uruguay,Emprendedor,Funcionalidad faltante,3,201.31
2024-10,Uruguay,Emprendedor,Otro / sin motivo registrado,2,147.23
2024-10,Uruguay,Premium,Cerró o quebró el negocio,5,354.52
2024-10,Uruguay,Premium,Precio / ajuste anual,4,284.51
2024-10,Uruguay,Premium,Se fue a la competencia,3,218.97
2024-10,Uruguay,Premium,Mala experiencia de soporte,2,180.24
2024-10,Uruguay,Premium,No logró implementar,2,162.37
2024-10,Uruguay,Premium,Cambió de contador,1,116.19
2024-10,Uruguay,Premium,Funcionalidad faltante,1,99.8
2024-10,Uruguay,Premium,Otro / sin motivo registrado,1,72.99
2024-10,Uruguay,Corporativo,Cerró o quebró el negocio,1,138.56
2024-10,Uruguay,Siigo POS,Cerró o quebró el negocio,3,88.22
2024-10,Uruguay,Siigo POS,Precio / ajuste anual,3,70.8
2024-10,Uruguay,Siigo POS,Se fue a la competencia,2,54.49
2024-10,Uruguay,Siigo POS,Mala experiencia de soporte,1,44.85
2024-10,Uruguay,Siigo POS,No logró implementar,1,40.41
2024-10,Uruguay,Siigo POS,Funcionalidad faltante,1,24.84
2024-10,Uruguay,POS Gastrobar,Cerró o quebró el negocio,1,59.25
2024-10,Uruguay,POS Gastrobar,Precio / ajuste anual,1,47.55
2024-11,Uruguay,Siigo Contador,Cerró o quebró el negocio,9,0.0
2024-11,Uruguay,Siigo Contador,Precio / ajuste anual,6,0.0
2024-11,Uruguay,Siigo Contador,Se fue a la competencia,5,0.0
2024-11,Uruguay,Siigo Contador,Mala experiencia de soporte,5,0.0
2024-11,Uruguay,Siigo Contador,No logró implementar,4,0.0
2024-11,Uruguay,Siigo Contador,Cambió de contador,3,0.0
2024-11,Uruguay,Siigo Contador,Funcionalidad faltante,3,0.0
2024-11,Uruguay,Siigo Contador,Otro / sin motivo registrado,1,0.0
2024-11,Uruguay,Profesional Independiente,Cerró o quebró el negocio,15,717.04
2024-11,Uruguay,Profesional Independiente,Precio / ajuste anual,14,575.44
2024-11,Uruguay,Profesional Independiente,Se fue a la competencia,12,442.88
2024-11,Uruguay,Profesional Independiente,Mala experiencia de soporte,7,364.55
2024-11,Uruguay,Profesional Independiente,No logró implementar,7,328.39
2024-11,Uruguay,Profesional Independiente,Cambió de contador,5,235.0
2024-11,Uruguay,Profesional Independiente,Funcionalidad faltante,4,201.86
2024-11,Uruguay,Profesional Independiente,Otro / sin motivo registrado,3,147.63
2024-11,Uruguay,Emprendedor,Cerró o quebró el negocio,11,753.38
2024-11,Uruguay,Emprendedor,Precio / ajuste anual,8,604.61
2024-11,Uruguay,Emprendedor,Se fue a la competencia,7,465.33
2024-11,Uruguay,Emprendedor,Mala experiencia de soporte,6,383.02
2024-11,Uruguay,Emprendedor,No logró implementar,4,345.04
2024-11,Uruguay,Emprendedor,Cambió de contador,4,246.91
2024-11,Uruguay,Emprendedor,Funcionalidad faltante,3,212.09
2024-11,Uruguay,Emprendedor,Otro / sin motivo registrado,2,155.11
2024-11,Uruguay,Premium,Cerró o quebró el negocio,6,431.67
2024-11,Uruguay,Premium,Precio / ajuste anual,5,346.42
2024-11,Uruguay,Premium,Se fue a la competencia,4,266.62
2024-11,Uruguay,Premium,Mala experiencia de soporte,3,219.46
2024-11,Uruguay,Premium,No logró implementar,3,197.7
2024-11,Uruguay,Premium,Cambió de contador,1,141.47
2024-11,Uruguay,Premium,Funcionalidad faltante,1,121.52
2024-11,Uruguay,Premium,Otro / sin motivo registrado,1,88.87
2024-11,Uruguay,Corporativo,Cerró o quebró el negocio,1,137.94
2024-11,Uruguay,Siigo POS,Cerró o quebró el negocio,2,98.62
2024-11,Uruguay,Siigo POS,Precio / ajuste anual,3,79.14
2024-11,Uruguay,Siigo POS,Se fue a la competencia,2,60.91
2024-11,Uruguay,Siigo POS,Mala experiencia de soporte,1,50.14
2024-11,Uruguay,Siigo POS,No logró implementar,1,45.16
2024-11,Uruguay,Siigo POS,Cambió de contador,1,32.32
2024-11,Uruguay,Siigo POS,Funcionalidad faltante,1,27.76
2024-11,Uruguay,POS Gastrobar,Cerró o quebró el negocio,1,68.58
2024-11,Uruguay,POS Gastrobar,Precio / ajuste anual,1,55.03
2024-12,Uruguay,Siigo Contador,Cerró o quebró el negocio,12,0.0
2024-12,Uruguay,Siigo Contador,Precio / ajuste anual,9,0.0
2024-12,Uruguay,Siigo Contador,Se fue a la competencia,5,0.0
2024-12,Uruguay,Siigo Contador,Mala experiencia de soporte,6,0.0
2024-12,Uruguay,Siigo Contador,No logró implementar,5,0.0
2024-12,Uruguay,Siigo Contador,Cambió de contador,4,0.0
2024-12,Uruguay,Siigo Contador,Funcionalidad faltante,3,0.0
2024-12,Uruguay,Siigo Contador,Otro / sin motivo registrado,2,0.0
2024-12,Uruguay,Profesional Independiente,Cerró o quebró el negocio,19,847.19
2024-12,Uruguay,Profesional Independiente,Precio / ajuste anual,16,679.89
2024-12,Uruguay,Profesional Independiente,Se fue a la competencia,9,523.26
2024-12,Uruguay,Profesional Independiente,Mala experiencia de soporte,9,430.71
2024-12,Uruguay,Profesional Independiente,No logró implementar,7,388.0
2024-12,Uruguay,Profesional Independiente,Cambió de contador,6,277.65
2024-12,Uruguay,Profesional Independiente,Funcionalidad faltante,4,238.49
2024-12,Uruguay,Profesional Independiente,Otro / sin motivo registrado,3,174.42
2024-12,Uruguay,Emprendedor,Cerró o quebró el negocio,13,763.98
2024-12,Uruguay,Emprendedor,Precio / ajuste anual,10,613.11
2024-12,Uruguay,Emprendedor,Se fue a la competencia,7,471.87
2024-12,Uruguay,Emprendedor,Mala experiencia de soporte,5,388.41
2024-12,Uruguay,Emprendedor,No logró implementar,5,349.89
2024-12,Uruguay,Emprendedor,Cambió de contador,3,250.38
2024-12,Uruguay,Emprendedor,Funcionalidad faltante,3,215.07
2024-12,Uruguay,Emprendedor,Otro / sin motivo registrado,2,157.29
2024-12,Uruguay,Premium,Cerró o quebró el negocio,5,466.18
2024-12,Uruguay,Premium,Precio / ajuste anual,5,374.12
2024-12,Uruguay,Premium,Se fue a la competencia,4,287.94
2024-12,Uruguay,Premium,Mala experiencia de soporte,3,237.01
2024-12,Uruguay,Premium,No logró implementar,3,213.5
2024-12,Uruguay,Premium,Cambió de contador,2,152.78
2024-12,Uruguay,Premium,Funcionalidad faltante,2,131.24
2024-12,Uruguay,Premium,Otro / sin motivo registrado,1,95.98
2024-12,Uruguay,Corporativo,Cerró o quebró el negocio,1,159.44
2024-12,Uruguay,Corporativo,Precio / ajuste anual,1,127.95
2024-12,Uruguay,Siigo POS,Cerró o quebró el negocio,3,107.68
2024-12,Uruguay,Siigo POS,Precio / ajuste anual,2,86.42
2024-12,Uruguay,Siigo POS,Se fue a la competencia,2,66.51
2024-12,Uruguay,Siigo POS,Mala experiencia de soporte,1,54.75
2024-12,Uruguay,Siigo POS,No logró implementar,1,49.32
2024-12,Uruguay,Siigo POS,Cambió de contador,1,35.29
2024-12,Uruguay,POS Gastrobar,Cerró o quebró el negocio,2,88.01
2024-12,Uruguay,POS Gastrobar,Precio / ajuste anual,2,70.63
2024-12,Uruguay,POS Gastrobar,Se fue a la competencia,1,54.36
2024-12,Uruguay,POS Gastrobar,Mala experiencia de soporte,1,44.74
2025-01,Uruguay,Siigo Contador,Cerró o quebró el negocio,10,0.0
2025-01,Uruguay,Siigo Contador,Precio / ajuste anual,14,0.0
2025-01,Uruguay,Siigo Contador,Se fue a la competencia,9,0.0
2025-01,Uruguay,Siigo Contador,Mala experiencia de soporte,7,0.0
2025-01,Uruguay,Siigo Contador,No logró implementar,4,0.0
2025-01,Uruguay,Siigo Contador,Cambió de contador,3,0.0
2025-01,Uruguay,Siigo Contador,Funcionalidad faltante,3,0.0
2025-01,Uruguay,Siigo Contador,Otro / sin motivo registrado,2,0.0
2025-01,Uruguay,Profesional Independiente,Cerró o quebró el negocio,20,922.41
2025-01,Uruguay,Profesional Independiente,Precio / ajuste anual,32,1206.61
2025-01,Uruguay,Profesional Independiente,Se fue a la competencia,12,569.72
2025-01,Uruguay,Profesional Independiente,Mala experiencia de soporte,9,468.95
2025-01,Uruguay,Profesional Independiente,No logró implementar,9,422.45
2025-01,Uruguay,Profesional Independiente,Cambió de contador,6,302.3
2025-01,Uruguay,Profesional Independiente,Funcionalidad faltante,4,259.67
2025-01,Uruguay,Profesional Independiente,Otro / sin motivo registrado,4,189.91
2025-01,Uruguay,Emprendedor,Cerró o quebró el negocio,17,1029.21
2025-01,Uruguay,Emprendedor,Precio / ajuste anual,20,1346.32
2025-01,Uruguay,Emprendedor,Se fue a la competencia,12,635.69
2025-01,Uruguay,Emprendedor,Mala experiencia de soporte,7,523.25
2025-01,Uruguay,Emprendedor,No logró implementar,8,471.36
2025-01,Uruguay,Emprendedor,Cambió de contador,6,337.3
2025-01,Uruguay,Emprendedor,Funcionalidad faltante,4,289.73
2025-01,Uruguay,Emprendedor,Otro / sin motivo registrado,3,211.9
2025-01,Uruguay,Premium,Cerró o quebró el negocio,8,503.82
2025-01,Uruguay,Premium,Precio / ajuste anual,9,659.05
2025-01,Uruguay,Premium,Se fue a la competencia,4,311.18
2025-01,Uruguay,Premium,Mala experiencia de soporte,4,256.14
2025-01,Uruguay,Premium,No logró implementar,2,230.74
2025-01,Uruguay,Premium,Cambió de contador,2,165.12
2025-01,Uruguay,Premium,Funcionalidad faltante,2,141.83
2025-01,Uruguay,Premium,Otro / sin motivo registrado,1,103.73
2025-01,Uruguay,Corporativo,Cerró o quebró el negocio,1,204.4
2025-01,Uruguay,Corporativo,Precio / ajuste anual,2,267.38
2025-01,Uruguay,Siigo POS,Cerró o quebró el negocio,4,123.71
2025-01,Uruguay,Siigo POS,Precio / ajuste anual,5,161.83
2025-01,Uruguay,Siigo POS,Se fue a la competencia,3,76.41
2025-01,Uruguay,Siigo POS,Mala experiencia de soporte,2,62.9
2025-01,Uruguay,Siigo POS,No logró implementar,2,56.66
2025-01,Uruguay,Siigo POS,Cambió de contador,1,40.54
2025-01,Uruguay,Siigo POS,Funcionalidad faltante,1,34.83
2025-01,Uruguay,POS Gastrobar,Cerró o quebró el negocio,2,84.78
2025-01,Uruguay,POS Gastrobar,Precio / ajuste anual,3,110.9
2025-01,Uruguay,POS Gastrobar,Se fue a la competencia,1,52.36
2025-01,Uruguay,POS Gastrobar,Mala experiencia de soporte,1,43.1
2025-01,Uruguay,POS Gastrobar,No logró implementar,1,38.83
2025-02,Uruguay,Siigo Contador,Cerró o quebró el negocio,10,0.0
2025-02,Uruguay,Siigo Contador,Precio / ajuste anual,11,0.0
2025-02,Uruguay,Siigo Contador,Se fue a la competencia,4,0.0
2025-02,Uruguay,Siigo Contador,Mala experiencia de soporte,5,0.0
2025-02,Uruguay,Siigo Contador,No logró implementar,3,0.0
2025-02,Uruguay,Siigo Contador,Cambió de contador,3,0.0
2025-02,Uruguay,Siigo Contador,Funcionalidad faltante,2,0.0
2025-02,Uruguay,Siigo Contador,Otro / sin motivo registrado,1,0.0
2025-02,Uruguay,Profesional Independiente,Cerró o quebró el negocio,18,772.27
2025-02,Uruguay,Profesional Independiente,Precio / ajuste anual,18,1010.21
2025-02,Uruguay,Profesional Independiente,Se fue a la competencia,9,476.99
2025-02,Uruguay,Profesional Independiente,Mala experiencia de soporte,8,392.62
2025-02,Uruguay,Profesional Independiente,No logró implementar,7,353.69
2025-02,Uruguay,Profesional Independiente,Cambió de contador,4,253.1
2025-02,Uruguay,Profesional Independiente,Funcionalidad faltante,4,217.4
2025-02,Uruguay,Profesional Independiente,Otro / sin motivo registrado,3,159.0
2025-02,Uruguay,Emprendedor,Cerró o quebró el negocio,12,799.98
2025-02,Uruguay,Emprendedor,Precio / ajuste anual,20,1046.46
2025-02,Uruguay,Emprendedor,Se fue a la competencia,6,494.1
2025-02,Uruguay,Emprendedor,Mala experiencia de soporte,8,406.71
2025-02,Uruguay,Emprendedor,No logró implementar,5,366.38
2025-02,Uruguay,Emprendedor,Cambió de contador,3,262.18
2025-02,Uruguay,Emprendedor,Funcionalidad faltante,2,225.2
2025-02,Uruguay,Emprendedor,Otro / sin motivo registrado,2,164.7
2025-02,Uruguay,Premium,Cerró o quebró el negocio,4,368.46
2025-02,Uruguay,Premium,Precio / ajuste anual,6,481.99
2025-02,Uruguay,Premium,Se fue a la competencia,3,227.58
2025-02,Uruguay,Premium,Mala experiencia de soporte,2,187.33
2025-02,Uruguay,Premium,No logró implementar,2,168.75
2025-02,Uruguay,Premium,Cambió de contador,1,120.76
2025-02,Uruguay,Premium,Funcionalidad faltante,1,103.73
2025-02,Uruguay,Premium,Otro / sin motivo registrado,1,75.86
2025-02,Uruguay,Corporativo,Cerró o quebró el negocio,1,164.34
2025-02,Uruguay,Corporativo,Precio / ajuste anual,1,214.98
2025-02,Uruguay,Siigo POS,Cerró o quebró el negocio,3,103.25
2025-02,Uruguay,Siigo POS,Precio / ajuste anual,4,135.06
2025-02,Uruguay,Siigo POS,Se fue a la competencia,2,63.77
2025-02,Uruguay,Siigo POS,Mala experiencia de soporte,1,52.49
2025-02,Uruguay,Siigo POS,No logró implementar,1,47.29
2025-02,Uruguay,Siigo POS,Cambió de contador,1,33.84
2025-02,Uruguay,Siigo POS,Funcionalidad faltante,1,29.07
2025-02,Uruguay,POS Gastrobar,Cerró o quebró el negocio,1,75.6
2025-02,Uruguay,POS Gastrobar,Precio / ajuste anual,2,98.9
2025-02,Uruguay,POS Gastrobar,Se fue a la competencia,1,46.7
2025-02,Uruguay,POS Gastrobar,Mala experiencia de soporte,1,38.44
2025-03,Uruguay,Siigo Contador,Cerró o quebró el negocio,9,0.0
2025-03,Uruguay,Siigo Contador,Precio / ajuste anual,6,0.0
2025-03,Uruguay,Siigo Contador,Se fue a la competencia,4,0.0
2025-03,Uruguay,Siigo Contador,Mala experiencia de soporte,8,0.0
2025-03,Uruguay,Siigo Contador,No logró implementar,5,0.0
2025-03,Uruguay,Siigo Contador,Cambió de contador,3,0.0
2025-03,Uruguay,Siigo Contador,Funcionalidad faltante,2,0.0
2025-03,Uruguay,Siigo Contador,Otro / sin motivo registrado,1,0.0
2025-03,Uruguay,Profesional Independiente,Cerró o quebró el negocio,18,766.69
2025-03,Uruguay,Profesional Independiente,Precio / ajuste anual,12,615.28
2025-03,Uruguay,Profesional Independiente,Se fue a la competencia,9,473.54
2025-03,Uruguay,Profesional Independiente,Mala experiencia de soporte,11,576.88
2025-03,Uruguay,Profesional Independiente,No logró implementar,7,351.13
2025-03,Uruguay,Profesional Independiente,Cambió de contador,4,251.27
2025-03,Uruguay,Profesional Independiente,Funcionalidad faltante,4,215.83
2025-03,Uruguay,Profesional Independiente,Otro / sin motivo registrado,3,157.85
2025-03,Uruguay,Emprendedor,Cerró o quebró el negocio,13,822.86
2025-03,Uruguay,Emprendedor,Precio / ajuste anual,10,660.36
2025-03,Uruguay,Emprendedor,Se fue a la competencia,8,508.23
2025-03,Uruguay,Emprendedor,Mala experiencia de soporte,10,619.15
2025-03,Uruguay,Emprendedor,No logró implementar,6,376.85
2025-03,Uruguay,Emprendedor,Cambió de contador,3,269.68
2025-03,Uruguay,Emprendedor,Funcionalidad faltante,3,231.64
2025-03,Uruguay,Emprendedor,Otro / sin motivo registrado,2,169.41
2025-03,Uruguay,Premium,Cerró o quebró el negocio,5,409.05
2025-03,Uruguay,Premium,Precio / ajuste anual,4,328.27
2025-03,Uruguay,Premium,Se fue a la competencia,3,252.65
2025-03,Uruguay,Premium,Mala experiencia de soporte,3,307.78
2025-03,Uruguay,Premium,No logró implementar,2,187.34
2025-03,Uruguay,Premium,Cambió de contador,1,134.06
2025-03,Uruguay,Premium,Funcionalidad faltante,1,115.15
2025-03,Uruguay,Premium,Otro / sin motivo registrado,1,84.22
2025-03,Uruguay,Corporativo,Cerró o quebró el negocio,1,176.34
2025-03,Uruguay,Corporativo,Mala experiencia de soporte,1,132.69
2025-03,Uruguay,Siigo POS,Cerró o quebró el negocio,3,107.52
2025-03,Uruguay,Siigo POS,Precio / ajuste anual,2,86.29
2025-03,Uruguay,Siigo POS,Se fue a la competencia,1,66.41
2025-03,Uruguay,Siigo POS,Mala experiencia de soporte,3,80.9
2025-03,Uruguay,Siigo POS,No logró implementar,1,49.24
2025-03,Uruguay,Siigo POS,Cambió de contador,1,35.24
2025-03,Uruguay,POS Gastrobar,Cerró o quebró el negocio,2,79.68
2025-03,Uruguay,POS Gastrobar,Precio / ajuste anual,1,63.94
2025-03,Uruguay,POS Gastrobar,Se fue a la competencia,1,49.21
2025-03,Uruguay,POS Gastrobar,Mala experiencia de soporte,1,59.95
2025-04,Uruguay,Siigo Contador,Cerró o quebró el negocio,10,0.0
2025-04,Uruguay,Siigo Contador,Precio / ajuste anual,8,0.0
2025-04,Uruguay,Siigo Contador,Se fue a la competencia,6,0.0
2025-04,Uruguay,Siigo Contador,Mala experiencia de soporte,6,0.0
2025-04,Uruguay,Siigo Contador,No logró implementar,4,0.0
2025-04,Uruguay,Siigo Contador,Cambió de contador,3,0.0
2025-04,Uruguay,Siigo Contador,Funcionalidad faltante,2,0.0
2025-04,Uruguay,Siigo Contador,Otro / sin motivo registrado,1,0.0
2025-04,Uruguay,Profesional Independiente,Cerró o quebró el negocio,14,795.23
2025-04,Uruguay,Profesional Independiente,Precio / ajuste anual,13,638.19
2025-04,Uruguay,Profesional Independiente,Se fue a la competencia,11,491.17
2025-04,Uruguay,Profesional Independiente,Mala experiencia de soporte,11,598.36
2025-04,Uruguay,Profesional Independiente,No logró implementar,7,364.2
2025-04,Uruguay,Profesional Independiente,Cambió de contador,5,260.62
2025-04,Uruguay,Profesional Independiente,Funcionalidad faltante,4,223.87
2025-04,Uruguay,Profesional Independiente,Otro / sin motivo registrado,3,163.72
2025-04,Uruguay,Emprendedor,Cerró o quebró el negocio,12,903.72
2025-04,Uruguay,Emprendedor,Precio / ajuste anual,12,725.25
2025-04,Uruguay,Emprendedor,Se fue a la competencia,8,558.18
2025-04,Uruguay,Emprendedor,Mala experiencia de soporte,10,679.99
2025-04,Uruguay,Emprendedor,No logró implementar,7,413.89
2025-04,Uruguay,Emprendedor,Cambió de contador,4,296.18
2025-04,Uruguay,Emprendedor,Funcionalidad faltante,3,254.41
2025-04,Uruguay,Emprendedor,Otro / sin motivo registrado,3,186.06
2025-04,Uruguay,Premium,Cerró o quebró el negocio,5,408.13
2025-04,Uruguay,Premium,Precio / ajuste anual,4,327.53
2025-04,Uruguay,Premium,Se fue a la competencia,3,252.08
2025-04,Uruguay,Premium,Mala experiencia de soporte,4,307.09
2025-04,Uruguay,Premium,No logró implementar,2,186.92
2025-04,Uruguay,Premium,Cambió de contador,2,133.76
2025-04,Uruguay,Premium,Funcionalidad faltante,1,114.89
2025-04,Uruguay,Premium,Otro / sin motivo registrado,1,84.03
2025-04,Uruguay,Corporativo,Cerró o quebró el negocio,1,177.22
2025-04,Uruguay,Corporativo,Precio / ajuste anual,1,142.23
2025-04,Uruguay,Corporativo,Mala experiencia de soporte,1,133.35
2025-04,Uruguay,Siigo POS,Cerró o quebró el negocio,3,97.13
2025-04,Uruguay,Siigo POS,Precio / ajuste anual,3,77.95
2025-04,Uruguay,Siigo POS,Se fue a la competencia,2,59.99
2025-04,Uruguay,Siigo POS,Mala experiencia de soporte,2,73.09
2025-04,Uruguay,Siigo POS,No logró implementar,1,44.49
2025-04,Uruguay,POS Gastrobar,Cerró o quebró el negocio,1,77.45
2025-04,Uruguay,POS Gastrobar,Precio / ajuste anual,1,62.15
2025-04,Uruguay,POS Gastrobar,Se fue a la competencia,1,47.83
2025-04,Uruguay,POS Gastrobar,Mala experiencia de soporte,1,58.27
2025-05,Uruguay,Siigo Contador,Cerró o quebró el negocio,9,0.0
2025-05,Uruguay,Siigo Contador,Precio / ajuste anual,7,0.0
2025-05,Uruguay,Siigo Contador,Se fue a la competencia,5,0.0
2025-05,Uruguay,Siigo Contador,Mala experiencia de soporte,7,0.0
2025-05,Uruguay,Siigo Contador,No logró implementar,3,0.0
2025-05,Uruguay,Siigo Contador,Cambió de contador,3,0.0
2025-05,Uruguay,Siigo Contador,Funcionalidad faltante,2,0.0
2025-05,Uruguay,Siigo Contador,Otro / sin motivo registrado,1,0.0
2025-05,Uruguay,Profesional Independiente,Cerró o quebró el negocio,14,794.21
2025-05,Uruguay,Profesional Independiente,Precio / ajuste anual,13,637.37
2025-05,Uruguay,Profesional Independiente,Se fue a la competencia,10,490.54
2025-05,Uruguay,Profesional Independiente,Mala experiencia de soporte,12,597.6
2025-05,Uruguay,Profesional Independiente,No logró implementar,7,363.74
2025-05,Uruguay,Profesional Independiente,Cambió de contador,4,260.29
2025-05,Uruguay,Profesional Independiente,Funcionalidad faltante,4,223.58
2025-05,Uruguay,Profesional Independiente,Otro / sin motivo registrado,3,163.51
2025-05,Uruguay,Emprendedor,Cerró o quebró el negocio,15,835.3
2025-05,Uruguay,Emprendedor,Precio / ajuste anual,10,670.35
2025-05,Uruguay,Emprendedor,Se fue a la competencia,7,515.92
2025-05,Uruguay,Emprendedor,Mala experiencia de soporte,9,628.51
2025-05,Uruguay,Emprendedor,No logró implementar,7,382.56
2025-05,Uruguay,Emprendedor,Cambió de contador,2,273.76
2025-05,Uruguay,Emprendedor,Funcionalidad faltante,3,235.15
2025-05,Uruguay,Emprendedor,Otro / sin motivo registrado,2,171.97
2025-05,Uruguay,Premium,Cerró o quebró el negocio,5,390.58
2025-05,Uruguay,Premium,Precio / ajuste anual,5,313.45
2025-05,Uruguay,Premium,Se fue a la competencia,3,241.24
2025-05,Uruguay,Premium,Mala experiencia de soporte,4,293.89
2025-05,Uruguay,Premium,No logró implementar,2,178.88
2025-05,Uruguay,Premium,Cambió de contador,2,128.01
2025-05,Uruguay,Premium,Funcionalidad faltante,1,109.95
2025-05,Uruguay,Premium,Otro / sin motivo registrado,1,80.41
2025-05,Uruguay,Corporativo,Cerró o quebró el negocio,1,152.83
2025-05,Uruguay,Siigo POS,Cerró o quebró el negocio,4,98.7
2025-05,Uruguay,Siigo POS,Precio / ajuste anual,2,79.21
2025-05,Uruguay,Siigo POS,Se fue a la competencia,1,60.96
2025-05,Uruguay,Siigo POS,Mala experiencia de soporte,2,74.27
2025-05,Uruguay,Siigo POS,No logró implementar,1,45.2
2025-05,Uruguay,Siigo POS,Cambió de contador,1,32.35
2025-05,Uruguay,POS Gastrobar,Cerró o quebró el negocio,2,81.19
2025-05,Uruguay,POS Gastrobar,Precio / ajuste anual,1,65.15
2025-05,Uruguay,POS Gastrobar,Se fue a la competencia,1,50.14
2025-05,Uruguay,POS Gastrobar,Mala experiencia de soporte,1,61.09
2025-05,Uruguay,POS Gastrobar,No logró implementar,1,37.18
2025-06,Uruguay,Siigo Contador,Cerró o quebró el negocio,9,0.0
2025-06,Uruguay,Siigo Contador,Precio / ajuste anual,8,0.0
2025-06,Uruguay,Siigo Contador,Se fue a la competencia,6,0.0
2025-06,Uruguay,Siigo Contador,Mala experiencia de soporte,4,0.0
2025-06,Uruguay,Siigo Contador,No logró implementar,4,0.0
2025-06,Uruguay,Siigo Contador,Cambió de contador,3,0.0
2025-06,Uruguay,Siigo Contador,Funcionalidad faltante,2,0.0
2025-06,Uruguay,Siigo Contador,Otro / sin motivo registrado,1,0.0
2025-06,Uruguay,Profesional Independiente,Cerró o quebró el negocio,16,886.17
2025-06,Uruguay,Profesional Independiente,Precio / ajuste anual,14,711.17
2025-06,Uruguay,Profesional Independiente,Se fue a la competencia,11,547.34
2025-06,Uruguay,Profesional Independiente,Mala experiencia de soporte,8,450.53
2025-06,Uruguay,Profesional Independiente,No logró implementar,8,405.85
2025-06,Uruguay,Profesional Independiente,Cambió de contador,6,290.43
2025-06,Uruguay,Profesional Independiente,Funcionalidad faltante,5,249.47
2025-06,Uruguay,Profesional Independiente,Otro / sin motivo registrado,5,182.45
2025-06,Uruguay,Emprendedor,Cerró o quebró el negocio,12,825.44
2025-06,Uruguay,Emprendedor,Precio / ajuste anual,10,662.43
2025-06,Uruguay,Emprendedor,Se fue a la competencia,6,509.83
2025-06,Uruguay,Emprendedor,Mala experiencia de soporte,6,419.66
2025-06,Uruguay,Emprendedor,No logró implementar,5,378.04
2025-06,Uruguay,Emprendedor,Cambió de contador,4,270.52
2025-06,Uruguay,Emprendedor,Funcionalidad faltante,3,232.37
2025-06,Uruguay,Emprendedor,Otro / sin motivo registrado,2,169.94
2025-06,Uruguay,Premium,Cerró o quebró el negocio,5,436.93
2025-06,Uruguay,Premium,Precio / ajuste anual,4,350.64
2025-06,Uruguay,Premium,Se fue a la competencia,3,269.87
2025-06,Uruguay,Premium,Mala experiencia de soporte,3,222.13
2025-06,Uruguay,Premium,No logró implementar,3,200.1
2025-06,Uruguay,Premium,Cambió de contador,2,143.19
2025-06,Uruguay,Premium,Funcionalidad faltante,1,123.0
2025-06,Uruguay,Premium,Otro / sin motivo registrado,1,89.96
2025-06,Uruguay,Corporativo,Cerró o quebró el negocio,1,181.19
2025-06,Uruguay,Corporativo,Precio / ajuste anual,1,145.41
2025-06,Uruguay,Siigo POS,Cerró o quebró el negocio,3,99.24
2025-06,Uruguay,Siigo POS,Precio / ajuste anual,2,79.65
2025-06,Uruguay,Siigo POS,Se fue a la competencia,1,61.3
2025-06,Uruguay,Siigo POS,Mala experiencia de soporte,1,50.46
2025-06,Uruguay,Siigo POS,No logró implementar,1,45.45
2025-06,Uruguay,Siigo POS,Cambió de contador,1,32.53
2025-06,Uruguay,POS Gastrobar,Cerró o quebró el negocio,1,71.95
2025-06,Uruguay,POS Gastrobar,Precio / ajuste anual,1,57.74
2025-06,Uruguay,POS Gastrobar,Se fue a la competencia,1,44.44
2025-07,Uruguay,Siigo Contador,Cerró o quebró el negocio,9,0.0
2025-07,Uruguay,Siigo Contador,Precio / ajuste anual,6,0.0
2025-07,Uruguay,Siigo Contador,Se fue a la competencia,5,0.0
2025-07,Uruguay,Siigo Contador,Mala experiencia de soporte,4,0.0
2025-07,Uruguay,Siigo Contador,No logró implementar,4,0.0
2025-07,Uruguay,Siigo Contador,Cambió de contador,3,0.0
2025-07,Uruguay,Siigo Contador,Funcionalidad faltante,2,0.0
2025-07,Uruguay,Siigo Contador,Otro / sin motivo registrado,2,0.0
2025-07,Uruguay,Profesional Independiente,Cerró o quebró el negocio,11,799.47
2025-07,Uruguay,Profesional Independiente,Precio / ajuste anual,13,641.59
2025-07,Uruguay,Profesional Independiente,Se fue a la competencia,11,493.79
2025-07,Uruguay,Profesional Independiente,Mala experiencia de soporte,7,406.45
2025-07,Uruguay,Profesional Independiente,No logró implementar,7,366.14
2025-07,Uruguay,Profesional Independiente,Cambió de contador,5,262.01
2025-07,Uruguay,Profesional Independiente,Funcionalidad faltante,4,225.06
2025-07,Uruguay,Profesional Independiente,Otro / sin motivo registrado,2,164.6
2025-07,Uruguay,Emprendedor,Cerró o quebró el negocio,15,913.63
2025-07,Uruguay,Emprendedor,Precio / ajuste anual,12,733.21
2025-07,Uruguay,Emprendedor,Se fue a la competencia,8,564.3
2025-07,Uruguay,Emprendedor,Mala experiencia de soporte,8,464.49
2025-07,Uruguay,Emprendedor,No logró implementar,6,418.43
2025-07,Uruguay,Emprendedor,Cambió de contador,4,299.42
2025-07,Uruguay,Emprendedor,Funcionalidad faltante,4,257.2
2025-07,Uruguay,Emprendedor,Otro / sin motivo registrado,2,188.1
2025-07,Uruguay,Premium,Cerró o quebró el negocio,7,463.39
2025-07,Uruguay,Premium,Precio / ajuste anual,6,371.88
2025-07,Uruguay,Premium,Se fue a la competencia,3,286.21
2025-07,Uruguay,Premium,Mala experiencia de soporte,3,235.59
2025-07,Uruguay,Premium,No logró implementar,2,212.22
2025-07,Uruguay,Premium,Cambió de contador,2,151.87
2025-07,Uruguay,Premium,Funcionalidad faltante,1,130.45
2025-07,Uruguay,Premium,Otro / sin motivo registrado,1,95.4
2025-07,Uruguay,Corporativo,Cerró o quebró el negocio,1,175.49
2025-07,Uruguay,Corporativo,Precio / ajuste anual,1,140.83
2025-07,Uruguay,Siigo POS,Cerró o quebró el negocio,4,117.1
2025-07,Uruguay,Siigo POS,Precio / ajuste anual,2,93.98
2025-07,Uruguay,Siigo POS,Se fue a la competencia,2,72.33
2025-07,Uruguay,Siigo POS,Mala experiencia de soporte,1,59.53
2025-07,Uruguay,Siigo POS,No logró implementar,2,53.63
2025-07,Uruguay,Siigo POS,Cambió de contador,1,38.38
2025-07,Uruguay,Siigo POS,Funcionalidad faltante,1,32.97
2025-07,Uruguay,POS Gastrobar,Cerró o quebró el negocio,1,77.25
2025-07,Uruguay,POS Gastrobar,Precio / ajuste anual,1,62.0
2025-07,Uruguay,POS Gastrobar,Se fue a la competencia,1,47.71
2025-08,Uruguay,Siigo Contador,Cerró o quebró el negocio,9,0.0
2025-08,Uruguay,Siigo Contador,Precio / ajuste anual,7,0.0
2025-08,Uruguay,Siigo Contador,Se fue a la competencia,6,0.0
2025-08,Uruguay,Siigo Contador,Mala experiencia de soporte,6,0.0
2025-08,Uruguay,Siigo Contador,No logró implementar,4,0.0
2025-08,Uruguay,Siigo Contador,Cambió de contador,2,0.0
2025-08,Uruguay,Siigo Contador,Funcionalidad faltante,2,0.0
2025-08,Uruguay,Siigo Contador,Otro / sin motivo registrado,1,0.0
2025-08,Uruguay,Profesional Independiente,Cerró o quebró el negocio,14,822.66
2025-08,Uruguay,Profesional Independiente,Precio / ajuste anual,14,660.2
2025-08,Uruguay,Profesional Independiente,Se fue a la competencia,9,508.11
2025-08,Uruguay,Profesional Independiente,Mala experiencia de soporte,10,619.0
2025-08,Uruguay,Profesional Independiente,No logró implementar,6,376.76
2025-08,Uruguay,Profesional Independiente,Cambió de contador,5,269.61
2025-08,Uruguay,Profesional Independiente,Funcionalidad faltante,5,231.59
2025-08,Uruguay,Profesional Independiente,Otro / sin motivo registrado,4,169.37
2025-08,Uruguay,Emprendedor,Cerró o quebró el negocio,12,797.63
2025-08,Uruguay,Emprendedor,Precio / ajuste anual,10,640.11
2025-08,Uruguay,Emprendedor,Se fue a la competencia,7,492.65
2025-08,Uruguay,Emprendedor,Mala experiencia de soporte,9,600.17
2025-08,Uruguay,Emprendedor,No logró implementar,4,365.3
2025-08,Uruguay,Emprendedor,Cambió de contador,4,261.41
2025-08,Uruguay,Emprendedor,Funcionalidad faltante,3,224.54
2025-08,Uruguay,Emprendedor,Otro / sin motivo registrado,2,164.22
2025-08,Uruguay,Premium,Cerró o quebró el negocio,5,455.66
2025-08,Uruguay,Premium,Precio / ajuste anual,5,365.68
2025-08,Uruguay,Premium,Se fue a la competencia,3,281.44
2025-08,Uruguay,Premium,Mala experiencia de soporte,4,342.86
2025-08,Uruguay,Premium,No logró implementar,2,208.68
2025-08,Uruguay,Premium,Cambió de contador,2,149.33
2025-08,Uruguay,Premium,Funcionalidad faltante,1,128.27
2025-08,Uruguay,Premium,Otro / sin motivo registrado,1,93.81
2025-08,Uruguay,Corporativo,Cerró o quebró el negocio,1,154.45
2025-08,Uruguay,Siigo POS,Cerró o quebró el negocio,3,104.42
2025-08,Uruguay,Siigo POS,Precio / ajuste anual,2,83.8
2025-08,Uruguay,Siigo POS,Se fue a la competencia,2,64.49
2025-08,Uruguay,Siigo POS,Mala experiencia de soporte,2,78.57
2025-08,Uruguay,Siigo POS,No logró implementar,1,47.82
2025-08,Uruguay,Siigo POS,Cambió de contador,1,34.22
2025-08,Uruguay,POS Gastrobar,Cerró o quebró el negocio,1,75.15
2025-08,Uruguay,POS Gastrobar,Precio / ajuste anual,1,60.31
2025-08,Uruguay,POS Gastrobar,Mala experiencia de soporte,1,56.54
2025-09,Uruguay,Siigo Contador,Cerró o quebró el negocio,12,0.0
2025-09,Uruguay,Siigo Contador,Precio / ajuste anual,6,0.0
2025-09,Uruguay,Siigo Contador,Se fue a la competencia,7,0.0
2025-09,Uruguay,Siigo Contador,Mala experiencia de soporte,5,0.0
2025-09,Uruguay,Siigo Contador,No logró implementar,5,0.0
2025-09,Uruguay,Siigo Contador,Cambió de contador,3,0.0
2025-09,Uruguay,Siigo Contador,Funcionalidad faltante,2,0.0
2025-09,Uruguay,Siigo Contador,Otro / sin motivo registrado,2,0.0
2025-09,Uruguay,Profesional Independiente,Cerró o quebró el negocio,18,719.18
2025-09,Uruguay,Profesional Independiente,Precio / ajuste anual,13,577.16
2025-09,Uruguay,Profesional Independiente,Se fue a la competencia,8,444.2
2025-09,Uruguay,Profesional Independiente,Mala experiencia de soporte,11,541.14
2025-09,Uruguay,Profesional Independiente,No logró implementar,6,329.37
2025-09,Uruguay,Profesional Independiente,Cambió de contador,4,235.7
2025-09,Uruguay,Profesional Independiente,Funcionalidad faltante,3,202.46
2025-09,Uruguay,Profesional Independiente,Otro / sin motivo registrado,3,148.07
2025-09,Uruguay,Emprendedor,Cerró o quebró el negocio,12,856.41
2025-09,Uruguay,Emprendedor,Precio / ajuste anual,12,687.29
2025-09,Uruguay,Emprendedor,Se fue a la competencia,8,528.96
2025-09,Uruguay,Emprendedor,Mala experiencia de soporte,11,644.4
2025-09,Uruguay,Emprendedor,No logró implementar,6,392.22
2025-09,Uruguay,Emprendedor,Cambió de contador,4,280.67
2025-09,Uruguay,Emprendedor,Funcionalidad faltante,3,241.09
2025-09,Uruguay,Emprendedor,Otro / sin motivo registrado,2,176.32
2025-09,Uruguay,Premium,Cerró o quebró el negocio,6,442.57
2025-09,Uruguay,Premium,Precio / ajuste anual,4,355.17
2025-09,Uruguay,Premium,Se fue a la competencia,4,273.35
2025-09,Uruguay,Premium,Mala experiencia de soporte,3,333.01
2025-09,Uruguay,Premium,No logró implementar,2,202.69
2025-09,Uruguay,Premium,Cambió de contador,2,145.04
2025-09,Uruguay,Premium,Funcionalidad faltante,2,124.59
2025-09,Uruguay,Premium,Otro / sin motivo registrado,1,91.12
2025-09,Uruguay,Corporativo,Cerró o quebró el negocio,1,163.4
2025-09,Uruguay,Siigo POS,Cerró o quebró el negocio,3,106.61
2025-09,Uruguay,Siigo POS,Precio / ajuste anual,3,85.55
2025-09,Uruguay,Siigo POS,Se fue a la competencia,2,65.85
2025-09,Uruguay,Siigo POS,Mala experiencia de soporte,2,80.22
2025-09,Uruguay,Siigo POS,No logró implementar,1,48.82
2025-09,Uruguay,Siigo POS,Cambió de contador,1,34.94
2025-09,Uruguay,POS Gastrobar,Cerró o quebró el negocio,2,71.44
2025-09,Uruguay,POS Gastrobar,Precio / ajuste anual,1,57.33
2025-09,Uruguay,POS Gastrobar,Se fue a la competencia,1,44.13
2025-09,Uruguay,POS Gastrobar,Mala experiencia de soporte,1,53.76
2025-10,Uruguay,Siigo Contador,Cerró o quebró el negocio,8,0.0
2025-10,Uruguay,Siigo Contador,Precio / ajuste anual,8,0.0
2025-10,Uruguay,Siigo Contador,Se fue a la competencia,6,0.0
2025-10,Uruguay,Siigo Contador,Mala experiencia de soporte,4,0.0
2025-10,Uruguay,Siigo Contador,No logró implementar,5,0.0
2025-10,Uruguay,Siigo Contador,Cambió de contador,3,0.0
2025-10,Uruguay,Siigo Contador,Funcionalidad faltante,2,0.0
2025-10,Uruguay,Siigo Contador,Otro / sin motivo registrado,2,0.0
2025-10,Uruguay,Profesional Independiente,Cerró o quebró el negocio,16,865.19
2025-10,Uruguay,Profesional Independiente,Precio / ajuste anual,13,694.33
2025-10,Uruguay,Profesional Independiente,Se fue a la competencia,11,534.38
2025-10,Uruguay,Profesional Independiente,Mala experiencia de soporte,9,439.87
2025-10,Uruguay,Profesional Independiente,No logró implementar,8,396.24
2025-10,Uruguay,Profesional Independiente,Cambió de contador,6,283.55
2025-10,Uruguay,Profesional Independiente,Funcionalidad faltante,5,243.56
2025-10,Uruguay,Profesional Independiente,Otro / sin motivo registrado,3,178.13
2025-10,Uruguay,Emprendedor,Cerró o quebró el negocio,11,828.89
2025-10,Uruguay,Emprendedor,Precio / ajuste anual,10,665.2
2025-10,Uruguay,Emprendedor,Se fue a la competencia,9,511.96
2025-10,Uruguay,Emprendedor,Mala experiencia de soporte,6,421.41
2025-10,Uruguay,Emprendedor,No logró implementar,5,379.62
2025-10,Uruguay,Emprendedor,Cambió de contador,5,271.65
2025-10,Uruguay,Emprendedor,Funcionalidad faltante,3,233.34
2025-10,Uruguay,Emprendedor,Otro / sin motivo registrado,2,170.65
2025-10,Uruguay,Premium,Cerró o quebró el negocio,6,438.83
2025-10,Uruguay,Premium,Precio / ajuste anual,6,352.17
2025-10,Uruguay,Premium,Se fue a la competencia,3,271.04
2025-10,Uruguay,Premium,Mala experiencia de soporte,3,223.1
2025-10,Uruguay,Premium,No logró implementar,2,200.98
2025-10,Uruguay,Premium,Cambió de contador,2,143.82
2025-10,Uruguay,Premium,Funcionalidad faltante,1,123.54
2025-10,Uruguay,Premium,Otro / sin motivo registrado,1,90.35
2025-10,Uruguay,Corporativo,Cerró o quebró el negocio,1,193.79
2025-10,Uruguay,Corporativo,Precio / ajuste anual,1,155.52
2025-10,Uruguay,Siigo POS,Cerró o quebró el negocio,4,113.8
2025-10,Uruguay,Siigo POS,Precio / ajuste anual,2,91.33
2025-10,Uruguay,Siigo POS,Se fue a la competencia,2,70.29
2025-10,Uruguay,Siigo POS,Mala experiencia de soporte,1,57.86
2025-10,Uruguay,Siigo POS,No logró implementar,1,52.12
2025-10,Uruguay,Siigo POS,Cambió de contador,1,37.3
2025-10,Uruguay,Siigo POS,Funcionalidad faltante,1,32.04
2025-10,Uruguay,POS Gastrobar,Cerró o quebró el negocio,2,81.93
2025-10,Uruguay,POS Gastrobar,Precio / ajuste anual,1,65.75
2025-10,Uruguay,POS Gastrobar,Se fue a la competencia,1,50.6
2025-11,Uruguay,Siigo Contador,Cerró o quebró el negocio,8,0.0
2025-11,Uruguay,Siigo Contador,Precio / ajuste anual,6,0.0
2025-11,Uruguay,Siigo Contador,Se fue a la competencia,5,0.0
2025-11,Uruguay,Siigo Contador,Mala experiencia de soporte,4,0.0
2025-11,Uruguay,Siigo Contador,No logró implementar,4,0.0
2025-11,Uruguay,Siigo Contador,Cambió de contador,2,0.0
2025-11,Uruguay,Siigo Contador,Funcionalidad faltante,2,0.0
2025-11,Uruguay,Siigo Contador,Otro / sin motivo registrado,2,0.0
2025-11,Uruguay,Profesional Independiente,Cerró o quebró el negocio,18,864.85
2025-11,Uruguay,Profesional Independiente,Precio / ajuste anual,14,694.06
2025-11,Uruguay,Profesional Independiente,Se fue a la competencia,10,534.17
2025-11,Uruguay,Profesional Independiente,Mala experiencia de soporte,9,439.69
2025-11,Uruguay,Profesional Independiente,No logró implementar,8,396.09
2025-11,Uruguay,Profesional Independiente,Cambió de contador,4,283.44
2025-11,Uruguay,Profesional Independiente,Funcionalidad faltante,4,243.47
2025-11,Uruguay,Profesional Independiente,Otro / sin motivo registrado,3,178.06
2025-11,Uruguay,Emprendedor,Cerró o quebró el negocio,16,895.15
2025-11,Uruguay,Emprendedor,Precio / ajuste anual,12,718.37
2025-11,Uruguay,Emprendedor,Se fue a la competencia,9,552.88
2025-11,Uruguay,Emprendedor,Mala experiencia de soporte,6,455.1
2025-11,Uruguay,Emprendedor,No logró implementar,5,409.96
2025-11,Uruguay,Emprendedor,Cambió de contador,4,293.37
2025-11,Uruguay,Emprendedor,Funcionalidad faltante,4,252.0
2025-11,Uruguay,Emprendedor,Otro / sin motivo registrado,3,184.29
2025-11,Uruguay,Premium,Cerró o quebró el negocio,5,483.3
2025-11,Uruguay,Premium,Precio / ajuste anual,4,387.86
2025-11,Uruguay,Premium,Se fue a la competencia,4,298.51
2025-11,Uruguay,Premium,Mala experiencia de soporte,2,245.71
2025-11,Uruguay,Premium,No logró implementar,3,221.34
2025-11,Uruguay,Premium,Cambió de contador,1,158.39
2025-11,Uruguay,Premium,Funcionalidad faltante,1,136.06
2025-11,Uruguay,Premium,Otro / sin motivo registrado,1,99.5
2025-11,Uruguay,Corporativo,Cerró o quebró el negocio,1,175.46
2025-11,Uruguay,Corporativo,Precio / ajuste anual,1,140.81
2025-11,Uruguay,Siigo POS,Cerró o quebró el negocio,3,105.58
2025-11,Uruguay,Siigo POS,Precio / ajuste anual,2,84.73
2025-11,Uruguay,Siigo POS,Se fue a la competencia,1,65.21
2025-11,Uruguay,Siigo POS,Mala experiencia de soporte,1,53.68
2025-11,Uruguay,Siigo POS,No logró implementar,1,48.35
2025-11,Uruguay,Siigo POS,Cambió de contador,1,34.6
2025-11,Uruguay,POS Gastrobar,Cerró o quebró el negocio,1,72.95
2025-11,Uruguay,POS Gastrobar,Precio / ajuste anual,1,58.54
2025-11,Uruguay,POS Gastrobar,Se fue a la competencia,1,45.06
2025-12,Uruguay,Siigo Contador,Cerró o quebró el negocio,13,0.0
2025-12,Uruguay,Siigo Contador,Precio / ajuste anual,9,0.0
2025-12,Uruguay,Siigo Contador,Se fue a la competencia,6,0.0
2025-12,Uruguay,Siigo Contador,Mala experiencia de soporte,5,0.0
2025-12,Uruguay,Siigo Contador,No logró implementar,5,0.0
2025-12,Uruguay,Siigo Contador,Cambió de contador,3,0.0
2025-12,Uruguay,Siigo Contador,Funcionalidad faltante,3,0.0
2025-12,Uruguay,Siigo Contador,Otro / sin motivo registrado,2,0.0
2025-12,Uruguay,Profesional Independiente,Cerró o quebró el negocio,18,1032.69
2025-12,Uruguay,Profesional Independiente,Precio / ajuste anual,19,828.75
2025-12,Uruguay,Profesional Independiente,Se fue a la competencia,14,637.84
2025-12,Uruguay,Profesional Independiente,Mala experiencia de soporte,9,525.02
2025-12,Uruguay,Profesional Independiente,No logró implementar,7,472.95
2025-12,Uruguay,Profesional Independiente,Cambió de contador,7,338.44
2025-12,Uruguay,Profesional Independiente,Funcionalidad faltante,5,290.71
2025-12,Uruguay,Profesional Independiente,Otro / sin motivo registrado,4,212.61
2025-12,Uruguay,Emprendedor,Cerró o quebró el negocio,12,931.46
2025-12,Uruguay,Emprendedor,Precio / ajuste anual,12,747.52
2025-12,Uruguay,Emprendedor,Se fue a la competencia,10,575.32
2025-12,Uruguay,Emprendedor,Mala experiencia de soporte,7,473.56
2025-12,Uruguay,Emprendedor,No logró implementar,6,426.59
2025-12,Uruguay,Emprendedor,Cambió de contador,4,305.27
2025-12,Uruguay,Emprendedor,Funcionalidad faltante,4,262.22
2025-12,Uruguay,Emprendedor,Otro / sin motivo registrado,3,191.77
2025-12,Uruguay,Premium,Cerró o quebró el negocio,7,554.38
2025-12,Uruguay,Premium,Precio / ajuste anual,5,444.9
2025-12,Uruguay,Premium,Se fue a la competencia,4,342.41
2025-12,Uruguay,Premium,Mala experiencia de soporte,3,281.85
2025-12,Uruguay,Premium,No logró implementar,3,253.9
2025-12,Uruguay,Premium,Cambió de contador,2,181.69
2025-12,Uruguay,Premium,Funcionalidad faltante,2,156.07
2025-12,Uruguay,Premium,Otro / sin motivo registrado,1,114.14
2025-12,Uruguay,Corporativo,Cerró o quebró el negocio,1,184.68
2025-12,Uruguay,Corporativo,Precio / ajuste anual,1,148.21
2025-12,Uruguay,Siigo POS,Cerró o quebró el negocio,3,122.21
2025-12,Uruguay,Siigo POS,Precio / ajuste anual,3,98.08
2025-12,Uruguay,Siigo POS,Se fue a la competencia,2,75.48
2025-12,Uruguay,Siigo POS,Mala experiencia de soporte,1,62.13
2025-12,Uruguay,Siigo POS,No logró implementar,2,55.97
2025-12,Uruguay,Siigo POS,Cambió de contador,1,40.05
2025-12,Uruguay,Siigo POS,Funcionalidad faltante,1,34.4
2025-12,Uruguay,POS Gastrobar,Cerró o quebró el negocio,2,89.01
2025-12,Uruguay,POS Gastrobar,Precio / ajuste anual,1,71.44
2025-12,Uruguay,POS Gastrobar,Se fue a la competencia,1,54.98
2025-12,Uruguay,POS Gastrobar,Mala experiencia de soporte,1,45.26
2025-12,Uruguay,POS Gastrobar,No logró implementar,1,40.77
2026-01,Uruguay,Siigo Contador,Cerró o quebró el negocio,15,0.0
2026-01,Uruguay,Siigo Contador,Precio / ajuste anual,17,0.0
2026-01,Uruguay,Siigo Contador,Se fue a la competencia,8,0.0
2026-01,Uruguay,Siigo Contador,Mala experiencia de soporte,6,0.0
2026-01,Uruguay,Siigo Contador,No logró implementar,6,0.0
2026-01,Uruguay,Siigo Contador,Cambió de contador,4,0.0
2026-01,Uruguay,Siigo Contador,Funcionalidad faltante,3,0.0
2026-01,Uruguay,Siigo Contador,Otro / sin motivo registrado,2,0.0
2026-01,Uruguay,Profesional Independiente,Cerró o quebró el negocio,16,1062.68
2026-01,Uruguay,Profesional Independiente,Precio / ajuste anual,25,1390.1
2026-01,Uruguay,Profesional Independiente,Se fue a la competencia,15,656.36
2026-01,Uruguay,Profesional Independiente,Mala experiencia de soporte,10,540.27
2026-01,Uruguay,Profesional Independiente,No logró implementar,9,486.69
2026-01,Uruguay,Profesional Independiente,Cambió de contador,6,348.27
2026-01,Uruguay,Profesional Independiente,Funcionalidad faltante,4,299.16
2026-01,Uruguay,Profesional Independiente,Otro / sin motivo registrado,4,218.79
2026-01,Uruguay,Emprendedor,Cerró o quebró el negocio,19,1105.54
2026-01,Uruguay,Emprendedor,Precio / ajuste anual,22,1446.17
2026-01,Uruguay,Emprendedor,Se fue a la competencia,12,682.84
2026-01,Uruguay,Emprendedor,Mala experiencia de soporte,9,562.06
2026-01,Uruguay,Emprendedor,No logró implementar,7,506.32
2026-01,Uruguay,Emprendedor,Cambió de contador,4,362.32
2026-01,Uruguay,Emprendedor,Funcionalidad faltante,5,311.22
2026-01,Uruguay,Emprendedor,Otro / sin motivo registrado,3,227.61
2026-01,Uruguay,Premium,Cerró o quebró el negocio,9,605.4
2026-01,Uruguay,Premium,Precio / ajuste anual,10,791.93
2026-01,Uruguay,Premium,Se fue a la competencia,5,373.93
2026-01,Uruguay,Premium,Mala experiencia de soporte,4,307.79
2026-01,Uruguay,Premium,No logró implementar,4,277.26
2026-01,Uruguay,Premium,Cambió de contador,2,198.41
2026-01,Uruguay,Premium,Funcionalidad faltante,1,170.43
2026-01,Uruguay,Premium,Otro / sin motivo registrado,1,124.64
2026-01,Uruguay,Corporativo,Cerró o quebró el negocio,1,224.32
2026-01,Uruguay,Corporativo,Precio / ajuste anual,2,293.43
2026-01,Uruguay,Siigo POS,Cerró o quebró el negocio,4,149.3
2026-01,Uruguay,Siigo POS,Precio / ajuste anual,6,195.29
2026-01,Uruguay,Siigo POS,Se fue a la competencia,2,92.21
2026-01,Uruguay,Siigo POS,Mala experiencia de soporte,2,75.9
2026-01,Uruguay,Siigo POS,No logró implementar,2,68.37
2026-01,Uruguay,Siigo POS,Cambió de contador,1,48.93
2026-01,Uruguay,Siigo POS,Funcionalidad faltante,1,42.03
2026-01,Uruguay,POS Gastrobar,Cerró o quebró el negocio,2,97.37
2026-01,Uruguay,POS Gastrobar,Precio / ajuste anual,2,127.37
2026-01,Uruguay,POS Gastrobar,Se fue a la competencia,1,60.14
2026-01,Uruguay,POS Gastrobar,Mala experiencia de soporte,1,49.5
2026-01,Uruguay,POS Gastrobar,No logró implementar,1,44.59
2026-02,Uruguay,Siigo Contador,Cerró o quebró el negocio,8,0.0
2026-02,Uruguay,Siigo Contador,Precio / ajuste anual,15,0.0
2026-02,Uruguay,Siigo Contador,Se fue a la competencia,5,0.0
2026-02,Uruguay,Siigo Contador,Mala experiencia de soporte,4,0.0
2026-02,Uruguay,Siigo Contador,No logró implementar,3,0.0
2026-02,Uruguay,Siigo Contador,Cambió de contador,2,0.0
2026-02,Uruguay,Siigo Contador,Funcionalidad faltante,2,0.0
2026-02,Uruguay,Siigo Contador,Otro / sin motivo registrado,2,0.0
2026-02,Uruguay,Profesional Independiente,Cerró o quebró el negocio,18,881.97
2026-02,Uruguay,Profesional Independiente,Precio / ajuste anual,18,1153.71
2026-02,Uruguay,Profesional Independiente,Se fue a la competencia,10,544.75
2026-02,Uruguay,Profesional Independiente,Mala experiencia de soporte,6,448.4
2026-02,Uruguay,Profesional Independiente,No logró implementar,8,403.93
2026-02,Uruguay,Profesional Independiente,Cambió de contador,5,289.05
2026-02,Uruguay,Profesional Independiente,Funcionalidad faltante,3,248.29
2026-02,Uruguay,Profesional Independiente,Otro / sin motivo registrado,3,181.58
2026-02,Uruguay,Emprendedor,Cerró o quebró el negocio,11,953.74
2026-02,Uruguay,Emprendedor,Precio / ajuste anual,21,1247.59
2026-02,Uruguay,Emprendedor,Se fue a la competencia,8,589.07
2026-02,Uruguay,Emprendedor,Mala experiencia de soporte,6,484.88
2026-02,Uruguay,Emprendedor,No logró implementar,6,436.8
2026-02,Uruguay,Emprendedor,Cambió de contador,4,312.57
2026-02,Uruguay,Emprendedor,Funcionalidad faltante,4,268.49
2026-02,Uruguay,Emprendedor,Otro / sin motivo registrado,2,196.36
2026-02,Uruguay,Premium,Cerró o quebró el negocio,5,533.29
2026-02,Uruguay,Premium,Precio / ajuste anual,10,697.6
2026-02,Uruguay,Premium,Se fue a la competencia,3,329.38
2026-02,Uruguay,Premium,Mala experiencia de soporte,3,271.12
2026-02,Uruguay,Premium,No logró implementar,3,244.24
2026-02,Uruguay,Premium,Cambió de contador,2,174.77
2026-02,Uruguay,Premium,Funcionalidad faltante,1,150.13
2026-02,Uruguay,Premium,Otro / sin motivo registrado,1,109.79
2026-02,Uruguay,Corporativo,Cerró o quebró el negocio,1,215.48
2026-02,Uruguay,Corporativo,Precio / ajuste anual,1,281.87
2026-02,Uruguay,Siigo POS,Cerró o quebró el negocio,3,120.37
2026-02,Uruguay,Siigo POS,Precio / ajuste anual,4,157.46
2026-02,Uruguay,Siigo POS,Se fue a la competencia,2,74.35
2026-02,Uruguay,Siigo POS,Mala experiencia de soporte,1,61.2
2026-02,Uruguay,Siigo POS,No logró implementar,1,55.13
2026-02,Uruguay,Siigo POS,Cambió de contador,1,39.45
2026-02,Uruguay,Siigo POS,Funcionalidad faltante,1,33.89
2026-02,Uruguay,POS Gastrobar,Cerró o quebró el negocio,2,86.6
2026-02,Uruguay,POS Gastrobar,Precio / ajuste anual,2,113.28
2026-03,Uruguay,Siigo Contador,Cerró o quebró el negocio,9,0.0
2026-03,Uruguay,Siigo Contador,Precio / ajuste anual,9,0.0
2026-03,Uruguay,Siigo Contador,Se fue a la competencia,6,0.0
2026-03,Uruguay,Siigo Contador,Mala experiencia de soporte,8,0.0
2026-03,Uruguay,Siigo Contador,No logró implementar,3,0.0
2026-03,Uruguay,Siigo Contador,Cambió de contador,3,0.0
2026-03,Uruguay,Siigo Contador,Funcionalidad faltante,2,0.0
2026-03,Uruguay,Siigo Contador,Otro / sin motivo registrado,2,0.0
2026-03,Uruguay,Profesional Independiente,Cerró o quebró el negocio,19,904.13
2026-03,Uruguay,Profesional Independiente,Precio / ajuste anual,14,725.58
2026-03,Uruguay,Profesional Independiente,Se fue a la competencia,11,558.43
2026-03,Uruguay,Profesional Independiente,Mala experiencia de soporte,10,680.3
2026-03,Uruguay,Profesional Independiente,No logró implementar,6,414.07
2026-03,Uruguay,Profesional Independiente,Cambió de contador,4,296.31
2026-03,Uruguay,Profesional Independiente,Funcionalidad faltante,4,254.52
2026-03,Uruguay,Profesional Independiente,Otro / sin motivo registrado,3,186.14
2026-03,Uruguay,Emprendedor,Cerró o quebró el negocio,12,945.04
2026-03,Uruguay,Emprendedor,Precio / ajuste anual,11,758.42
2026-03,Uruguay,Emprendedor,Se fue a la competencia,6,583.7
2026-03,Uruguay,Emprendedor,Mala experiencia de soporte,8,711.08
2026-03,Uruguay,Emprendedor,No logró implementar,5,432.81
2026-03,Uruguay,Emprendedor,Cambió de contador,4,309.72
2026-03,Uruguay,Emprendedor,Funcionalidad faltante,3,266.04
2026-03,Uruguay,Emprendedor,Otro / sin motivo registrado,2,194.57
2026-03,Uruguay,Premium,Cerró o quebró el negocio,5,496.89
2026-03,Uruguay,Premium,Precio / ajuste anual,5,398.76
2026-03,Uruguay,Premium,Se fue a la competencia,3,306.9
2026-03,Uruguay,Premium,Mala experiencia de soporte,4,373.88
2026-03,Uruguay,Premium,No logró implementar,3,227.57
2026-03,Uruguay,Premium,Cambió de contador,2,162.85
2026-03,Uruguay,Premium,Funcionalidad faltante,1,139.88
2026-03,Uruguay,Premium,Otro / sin motivo registrado,1,102.3
2026-03,Uruguay,Corporativo,Cerró o quebró el negocio,1,192.31
2026-03,Uruguay,Corporativo,Precio / ajuste anual,1,154.33
2026-03,Uruguay,Corporativo,Mala experiencia de soporte,1,144.7
2026-03,Uruguay,Siigo POS,Cerró o quebró el negocio,3,131.17
2026-03,Uruguay,Siigo POS,Precio / ajuste anual,2,105.27
2026-03,Uruguay,Siigo POS,Se fue a la competencia,2,81.02
2026-03,Uruguay,Siigo POS,Mala experiencia de soporte,2,98.7
2026-03,Uruguay,Siigo POS,No logró implementar,1,60.07
2026-03,Uruguay,Siigo POS,Cambió de contador,1,42.99
2026-03,Uruguay,Siigo POS,Funcionalidad faltante,1,36.93
2026-03,Uruguay,POS Gastrobar,Cerró o quebró el negocio,1,83.6
2026-03,Uruguay,POS Gastrobar,Precio / ajuste anual,1,67.09
2026-03,Uruguay,POS Gastrobar,Se fue a la competencia,1,51.64
2026-03,Uruguay,POS Gastrobar,Mala experiencia de soporte,1,62.91
2026-04,Uruguay,Siigo Contador,Cerró o quebró el negocio,9,0.0
2026-04,Uruguay,Siigo Contador,Precio / ajuste anual,9,0.0
2026-04,Uruguay,Siigo Contador,Se fue a la competencia,5,0.0
2026-04,Uruguay,Siigo Contador,Mala experiencia de soporte,6,0.0
2026-04,Uruguay,Siigo Contador,No logró implementar,3,0.0
2026-04,Uruguay,Siigo Contador,Cambió de contador,3,0.0
2026-04,Uruguay,Siigo Contador,Funcionalidad faltante,2,0.0
2026-04,Uruguay,Siigo Contador,Otro / sin motivo registrado,1,0.0
2026-04,Uruguay,Profesional Independiente,Cerró o quebró el negocio,17,945.08
2026-04,Uruguay,Profesional Independiente,Precio / ajuste anual,14,758.45
2026-04,Uruguay,Profesional Independiente,Se fue a la competencia,10,583.73
2026-04,Uruguay,Profesional Independiente,Mala experiencia de soporte,13,711.12
2026-04,Uruguay,Profesional Independiente,No logró implementar,8,432.83
2026-04,Uruguay,Profesional Independiente,Cambió de contador,6,309.73
2026-04,Uruguay,Profesional Independiente,Funcionalidad faltante,3,266.05
2026-04,Uruguay,Profesional Independiente,Otro / sin motivo registrado,3,194.58
2026-04,Uruguay,Emprendedor,Cerró o quebró el negocio,11,958.79
2026-04,Uruguay,Emprendedor,Precio / ajuste anual,10,769.45
2026-04,Uruguay,Emprendedor,Se fue a la competencia,9,592.19
2026-04,Uruguay,Emprendedor,Mala experiencia de soporte,12,721.43
2026-04,Uruguay,Emprendedor,No logró implementar,5,439.11
2026-04,Uruguay,Emprendedor,Cambió de contador,4,314.23
2026-04,Uruguay,Emprendedor,Funcionalidad faltante,3,269.91
2026-04,Uruguay,Emprendedor,Otro / sin motivo registrado,3,197.4
2026-04,Uruguay,Premium,Cerró o quebró el negocio,6,494.47
2026-04,Uruguay,Premium,Precio / ajuste anual,5,396.82
2026-04,Uruguay,Premium,Se fue a la competencia,3,305.41
2026-04,Uruguay,Premium,Mala experiencia de soporte,5,372.05
2026-04,Uruguay,Premium,No logró implementar,2,226.46
2026-04,Uruguay,Premium,Cambió de contador,2,162.05
2026-04,Uruguay,Premium,Funcionalidad faltante,1,139.2
2026-04,Uruguay,Premium,Otro / sin motivo registrado,1,101.8
2026-04,Uruguay,Corporativo,Cerró o quebró el negocio,1,207.58
2026-04,Uruguay,Corporativo,Precio / ajuste anual,1,166.59
2026-04,Uruguay,Corporativo,Mala experiencia de soporte,1,156.19
2026-04,Uruguay,Siigo POS,Cerró o quebró el negocio,2,121.13
2026-04,Uruguay,Siigo POS,Precio / ajuste anual,3,97.21
2026-04,Uruguay,Siigo POS,Se fue a la competencia,2,74.81
2026-04,Uruguay,Siigo POS,Mala experiencia de soporte,2,91.14
2026-04,Uruguay,Siigo POS,No logró implementar,1,55.47
2026-04,Uruguay,Siigo POS,Cambió de contador,1,39.7
2026-04,Uruguay,Siigo POS,Funcionalidad faltante,1,34.1
2026-04,Uruguay,POS Gastrobar,Cerró o quebró el negocio,1,89.62
2026-04,Uruguay,POS Gastrobar,Precio / ajuste anual,1,71.92
2026-04,Uruguay,POS Gastrobar,Se fue a la competencia,1,55.35
2026-04,Uruguay,POS Gastrobar,Mala experiencia de soporte,1,67.43
2026-05,Uruguay,Siigo Contador,Cerró o quebró el negocio,9,0.0
2026-05,Uruguay,Siigo Contador,Precio / ajuste anual,7,0.0
2026-05,Uruguay,Siigo Contador,Se fue a la competencia,5,0.0
2026-05,Uruguay,Siigo Contador,Mala experiencia de soporte,7,0.0
2026-05,Uruguay,Siigo Contador,No logró implementar,4,0.0
2026-05,Uruguay,Siigo Contador,Cambió de contador,3,0.0
2026-05,Uruguay,Siigo Contador,Funcionalidad faltante,3,0.0
2026-05,Uruguay,Siigo Contador,Otro / sin motivo registrado,2,0.0
2026-05,Uruguay,Profesional Independiente,Cerró o quebró el negocio,17,1020.64
2026-05,Uruguay,Profesional Independiente,Precio / ajuste anual,17,819.09
2026-05,Uruguay,Profesional Independiente,Se fue a la competencia,11,630.4
2026-05,Uruguay,Profesional Independiente,Mala experiencia de soporte,15,767.97
2026-05,Uruguay,Profesional Independiente,No logró implementar,7,467.44
2026-05,Uruguay,Profesional Independiente,Cambió de contador,7,334.5
2026-05,Uruguay,Profesional Independiente,Funcionalidad faltante,5,287.32
2026-05,Uruguay,Profesional Independiente,Otro / sin motivo registrado,4,210.13
2026-05,Uruguay,Emprendedor,Cerró o quebró el negocio,12,931.19
2026-05,Uruguay,Emprendedor,Precio / ajuste anual,9,747.3
2026-05,Uruguay,Emprendedor,Se fue a la competencia,7,575.15
2026-05,Uruguay,Emprendedor,Mala experiencia de soporte,9,700.66
2026-05,Uruguay,Emprendedor,No logró implementar,6,426.47
2026-05,Uruguay,Emprendedor,Cambió de contador,4,305.18
2026-05,Uruguay,Emprendedor,Funcionalidad faltante,3,262.14
2026-05,Uruguay,Emprendedor,Otro / sin motivo registrado,2,191.72
2026-05,Uruguay,Premium,Cerró o quebró el negocio,6,513.48
2026-05,Uruguay,Premium,Precio / ajuste anual,4,412.08
2026-05,Uruguay,Premium,Se fue a la competencia,3,317.15
2026-05,Uruguay,Premium,Mala experiencia de soporte,3,386.36
2026-05,Uruguay,Premium,No logró implementar,2,235.17
2026-05,Uruguay,Premium,Cambió de contador,2,168.28
2026-05,Uruguay,Premium,Funcionalidad faltante,1,144.55
2026-05,Uruguay,Premium,Otro / sin motivo registrado,1,105.72
2026-05,Uruguay,Corporativo,Cerró o quebró el negocio,1,194.45
2026-05,Uruguay,Corporativo,Precio / ajuste anual,1,156.05
2026-05,Uruguay,Corporativo,Mala experiencia de soporte,1,146.31
2026-05,Uruguay,Siigo POS,Cerró o quebró el negocio,3,123.3
2026-05,Uruguay,Siigo POS,Precio / ajuste anual,3,98.95
2026-05,Uruguay,Siigo POS,Se fue a la competencia,2,76.15
2026-05,Uruguay,Siigo POS,Mala experiencia de soporte,2,92.77
2026-05,Uruguay,Siigo POS,No logró implementar,1,56.47
2026-05,Uruguay,Siigo POS,Cambió de contador,1,40.41
2026-05,Uruguay,Siigo POS,Funcionalidad faltante,1,34.71
2026-05,Uruguay,POS Gastrobar,Cerró o quebró el negocio,1,91.8
2026-05,Uruguay,POS Gastrobar,Precio / ajuste anual,1,73.67
2026-05,Uruguay,POS Gastrobar,Se fue a la competencia,1,56.7
2026-05,Uruguay,POS Gastrobar,Mala experiencia de soporte,1,69.08
2026-06,Uruguay,Siigo Contador,Cerró o quebró el negocio,9,0.0
2026-06,Uruguay,Siigo Contador,Precio / ajuste anual,7,0.0
2026-06,Uruguay,Siigo Contador,Se fue a la competencia,6,0.0
2026-06,Uruguay,Siigo Contador,Mala experiencia de soporte,5,0.0
2026-06,Uruguay,Siigo Contador,No logró implementar,3,0.0
2026-06,Uruguay,Siigo Contador,Cambió de contador,3,0.0
2026-06,Uruguay,Siigo Contador,Funcionalidad faltante,2,0.0
2026-06,Uruguay,Siigo Contador,Otro / sin motivo registrado,2,0.0
2026-06,Uruguay,Profesional Independiente,Cerró o quebró el negocio,17,971.27
2026-06,Uruguay,Profesional Independiente,Precio / ajuste anual,14,779.46
2026-06,Uruguay,Profesional Independiente,Se fue a la competencia,12,599.9
2026-06,Uruguay,Profesional Independiente,Mala experiencia de soporte,9,493.79
2026-06,Uruguay,Profesional Independiente,No logró implementar,9,444.82
2026-06,Uruguay,Profesional Independiente,Cambió de contador,6,318.31
2026-06,Uruguay,Profesional Independiente,Funcionalidad faltante,5,273.42
2026-06,Uruguay,Profesional Independiente,Otro / sin motivo registrado,3,199.97
2026-06,Uruguay,Emprendedor,Cerró o quebró el negocio,14,952.84
2026-06,Uruguay,Emprendedor,Precio / ajuste anual,8,764.67
2026-06,Uruguay,Emprendedor,Se fue a la competencia,8,588.52
2026-06,Uruguay,Emprendedor,Mala experiencia de soporte,6,484.43
2026-06,Uruguay,Emprendedor,No logró implementar,4,436.38
2026-06,Uruguay,Emprendedor,Cambió de contador,4,312.28
2026-06,Uruguay,Emprendedor,Funcionalidad faltante,3,268.24
2026-06,Uruguay,Emprendedor,Otro / sin motivo registrado,3,196.17
2026-06,Uruguay,Premium,Cerró o quebró el negocio,6,541.33
2026-06,Uruguay,Premium,Precio / ajuste anual,5,434.43
2026-06,Uruguay,Premium,Se fue a la competencia,3,334.35
2026-06,Uruguay,Premium,Mala experiencia de soporte,3,275.21
2026-06,Uruguay,Premium,No logró implementar,3,247.92
2026-06,Uruguay,Premium,Cambió de contador,2,177.41
2026-06,Uruguay,Premium,Funcionalidad faltante,2,152.39
2026-06,Uruguay,Premium,Otro / sin motivo registrado,1,111.45
2026-06,Uruguay,Corporativo,Cerró o quebró el negocio,1,195.15
2026-06,Uruguay,Corporativo,Precio / ajuste anual,1,156.61
2026-06,Uruguay,Siigo POS,Cerró o quebró el negocio,3,130.79
2026-06,Uruguay,Siigo POS,Precio / ajuste anual,2,104.96
2026-06,Uruguay,Siigo POS,Se fue a la competencia,2,80.78
2026-06,Uruguay,Siigo POS,Mala experiencia de soporte,2,66.49
2026-06,Uruguay,Siigo POS,No logró implementar,1,59.9
2026-06,Uruguay,Siigo POS,Cambió de contador,1,42.86
2026-06,Uruguay,Siigo POS,Funcionalidad faltante,1,36.82
2026-06,Uruguay,POS Gastrobar,Cerró o quebró el negocio,2,93.11
2026-06,Uruguay,POS Gastrobar,Precio / ajuste anual,1,74.72
2026-06,Uruguay,POS Gastrobar,Se fue a la competencia,1,57.51
2026-06,Uruguay,POS Gastrobar,No logró implementar,1,42.64
2026-07,Uruguay,Siigo Contador,Cerró o quebró el negocio,10,0.0
2026-07,Uruguay,Siigo Contador,Precio / ajuste anual,7,0.0
2026-07,Uruguay,Siigo Contador,Se fue a la competencia,6,0.0
2026-07,Uruguay,Siigo Contador,Mala experiencia de soporte,4,0.0
2026-07,Uruguay,Siigo Contador,No logró implementar,4,0.0
2026-07,Uruguay,Siigo Contador,Cambió de contador,3,0.0
2026-07,Uruguay,Siigo Contador,Funcionalidad faltante,2,0.0
2026-07,Uruguay,Siigo Contador,Otro / sin motivo registrado,2,0.0
2026-07,Uruguay,Profesional Independiente,Cerró o quebró el negocio,14,950.82
2026-07,Uruguay,Profesional Independiente,Precio / ajuste anual,14,763.05
2026-07,Uruguay,Profesional Independiente,Se fue a la competencia,11,587.27
2026-07,Uruguay,Profesional Independiente,Mala experiencia de soporte,7,483.4
2026-07,Uruguay,Profesional Independiente,No logró implementar,8,435.46
2026-07,Uruguay,Profesional Independiente,Cambió de contador,6,311.61
2026-07,Uruguay,Profesional Independiente,Funcionalidad faltante,6,267.67
2026-07,Uruguay,Profesional Independiente,Otro / sin motivo registrado,3,195.76
2026-07,Uruguay,Emprendedor,Cerró o quebró el negocio,18,1035.24
2026-07,Uruguay,Emprendedor,Precio / ajuste anual,8,830.8
2026-07,Uruguay,Emprendedor,Se fue a la competencia,9,639.41
2026-07,Uruguay,Emprendedor,Mala experiencia de soporte,6,526.32
2026-07,Uruguay,Emprendedor,No logró implementar,7,474.12
2026-07,Uruguay,Emprendedor,Cambió de contador,4,339.28
2026-07,Uruguay,Emprendedor,Funcionalidad faltante,4,291.43
2026-07,Uruguay,Emprendedor,Otro / sin motivo registrado,3,213.14
2026-07,Uruguay,Premium,Cerró o quebró el negocio,6,511.4
2026-07,Uruguay,Premium,Precio / ajuste anual,5,410.41
2026-07,Uruguay,Premium,Se fue a la competencia,4,315.87
2026-07,Uruguay,Premium,Mala experiencia de soporte,3,260.0
2026-07,Uruguay,Premium,No logró implementar,2,234.21
2026-07,Uruguay,Premium,Cambió de contador,2,167.6
2026-07,Uruguay,Premium,Funcionalidad faltante,1,143.97
2026-07,Uruguay,Premium,Otro / sin motivo registrado,1,105.29
2026-07,Uruguay,Corporativo,Cerró o quebró el negocio,1,197.61
2026-07,Uruguay,Corporativo,Precio / ajuste anual,1,158.59
2026-07,Uruguay,Siigo POS,Cerró o quebró el negocio,3,121.1
2026-07,Uruguay,Siigo POS,Precio / ajuste anual,2,97.19
2026-07,Uruguay,Siigo POS,Se fue a la competencia,2,74.8
2026-07,Uruguay,Siigo POS,Mala experiencia de soporte,1,61.57
2026-07,Uruguay,Siigo POS,No logró implementar,1,55.46
2026-07,Uruguay,Siigo POS,Cambió de contador,1,39.69
2026-07,Uruguay,Siigo POS,Funcionalidad faltante,1,34.09
2026-07,Uruguay,POS Gastrobar,Cerró o quebró el negocio,2,92.62
2026-07,Uruguay,POS Gastrobar,Precio / ajuste anual,1,74.33
2026-07,Uruguay,POS Gastrobar,Se fue a la competencia,1,57.21
2026-08,Uruguay,Siigo Contador,Cerró o quebró el negocio,9,0.0
2026-08,Uruguay,Siigo Contador,Precio / ajuste anual,7,0.0
2026-08,Uruguay,Siigo Contador,Se fue a la competencia,6,0.0
2026-08,Uruguay,Siigo Contador,Mala experiencia de soporte,8,0.0
2026-08,Uruguay,Siigo Contador,No logró implementar,4,0.0
2026-08,Uruguay,Siigo Contador,Cambió de contador,3,0.0
2026-08,Uruguay,Siigo Contador,Funcionalidad faltante,2,0.0
2026-08,Uruguay,Siigo Contador,Otro / sin motivo registrado,2,0.0
2026-08,Uruguay,Profesional Independiente,Cerró o quebró el negocio,16,912.09
2026-08,Uruguay,Profesional Independiente,Precio / ajuste anual,15,731.98
2026-08,Uruguay,Profesional Independiente,Se fue a la competencia,11,563.35
2026-08,Uruguay,Profesional Independiente,Mala experiencia de soporte,12,686.29
2026-08,Uruguay,Profesional Independiente,No logró implementar,8,417.72
2026-08,Uruguay,Profesional Independiente,Cambió de contador,5,298.92
2026-08,Uruguay,Profesional Independiente,Funcionalidad faltante,4,256.77
2026-08,Uruguay,Profesional Independiente,Otro / sin motivo registrado,4,187.78
2026-08,Uruguay,Emprendedor,Cerró o quebró el negocio,16,1096.29
2026-08,Uruguay,Emprendedor,Precio / ajuste anual,10,879.8
2026-08,Uruguay,Emprendedor,Se fue a la competencia,8,677.12
2026-08,Uruguay,Emprendedor,Mala experiencia de soporte,12,824.89
2026-08,Uruguay,Emprendedor,No logró implementar,6,502.08
2026-08,Uruguay,Emprendedor,Cambió de contador,5,359.29
2026-08,Uruguay,Emprendedor,Funcionalidad faltante,3,308.62
2026-08,Uruguay,Emprendedor,Otro / sin motivo registrado,3,225.71
2026-08,Uruguay,Premium,Cerró o quebró el negocio,6,514.62
2026-08,Uruguay,Premium,Precio / ajuste anual,5,412.99
2026-08,Uruguay,Premium,Se fue a la competencia,4,317.85
2026-08,Uruguay,Premium,Mala experiencia de soporte,5,387.22
2026-08,Uruguay,Premium,No logró implementar,2,235.69
2026-08,Uruguay,Premium,Cambió de contador,2,168.66
2026-08,Uruguay,Premium,Funcionalidad faltante,1,144.87
2026-08,Uruguay,Premium,Otro / sin motivo registrado,1,105.95
2026-08,Uruguay,Corporativo,Cerró o quebró el negocio,1,212.0
2026-08,Uruguay,Corporativo,Precio / ajuste anual,1,170.13
2026-08,Uruguay,Corporativo,Mala experiencia de soporte,1,159.51
2026-08,Uruguay,Siigo POS,Cerró o quebró el negocio,3,129.86
2026-08,Uruguay,Siigo POS,Precio / ajuste anual,3,104.22
2026-08,Uruguay,Siigo POS,Se fue a la competencia,2,80.21
2026-08,Uruguay,Siigo POS,Mala experiencia de soporte,2,97.71
2026-08,Uruguay,Siigo POS,No logró implementar,1,59.47
2026-08,Uruguay,Siigo POS,Cambió de contador,1,42.56
2026-08,Uruguay,Siigo POS,Funcionalidad faltante,1,36.56
2026-08,Uruguay,POS Gastrobar,Cerró o quebró el negocio,1,95.47
2026-08,Uruguay,POS Gastrobar,Precio / ajuste anual,1,76.62
2026-08,Uruguay,POS Gastrobar,Se fue a la competencia,1,58.97
2026-08,Uruguay,POS Gastrobar,Mala experiencia de soporte,1,71.84
2024-10,Chile,Siigo Contador,Cerró o quebró el negocio,1,0.0
2024-10,Chile,Siigo Contador,Precio / ajuste anual,1,0.0
2024-10,Chile,Siigo Contador,Se fue a la competencia,1,0.0
2024-10,Chile,Profesional Independiente,Cerró o quebró el negocio,5,272.0
2024-10,Chile,Profesional Independiente,Precio / ajuste anual,4,218.28
2024-10,Chile,Profesional Independiente,Se fue a la competencia,4,168.0
2024-10,Chile,Profesional Independiente,Mala experiencia de soporte,4,138.28
2024-10,Chile,Profesional Independiente,No logró implementar,3,124.57
2024-10,Chile,Profesional Independiente,Cambió de contador,2,89.14
2024-10,Chile,Profesional Independiente,Funcionalidad faltante,1,76.57
2024-10,Chile,Profesional Independiente,Otro / sin motivo registrado,1,56.0
2024-10,Chile,Emprendedor,Cerró o quebró el negocio,4,252.98
2024-10,Chile,Emprendedor,Precio / ajuste anual,3,203.02
2024-10,Chile,Emprendedor,Se fue a la competencia,2,156.25
2024-10,Chile,Emprendedor,Mala experiencia de soporte,2,128.61
2024-10,Chile,Emprendedor,No logró implementar,1,115.86
2024-10,Chile,Emprendedor,Cambió de contador,1,82.91
2024-10,Chile,Emprendedor,Funcionalidad faltante,1,71.22
2024-10,Chile,Premium,Cerró o quebró el negocio,1,94.41
2024-10,Chile,Premium,Precio / ajuste anual,1,75.77
2024-10,Chile,Premium,Se fue a la competencia,1,58.31
2024-10,Chile,Siigo POS,Cerró o quebró el negocio,1,36.67
2024-10,Chile,Siigo POS,Precio / ajuste anual,1,29.43
2024-11,Chile,Siigo Contador,Cerró o quebró el negocio,1,0.0
2024-11,Chile,Siigo Contador,Precio / ajuste anual,1,0.0
2024-11,Chile,Siigo Contador,Se fue a la competencia,1,0.0
2024-11,Chile,Profesional Independiente,Cerró o quebró el negocio,6,294.84
2024-11,Chile,Profesional Independiente,Precio / ajuste anual,5,236.62
2024-11,Chile,Profesional Independiente,Se fue a la competencia,5,182.11
2024-11,Chile,Profesional Independiente,Mala experiencia de soporte,4,149.9
2024-11,Chile,Profesional Independiente,No logró implementar,3,135.03
2024-11,Chile,Profesional Independiente,Cambió de contador,2,96.63
2024-11,Chile,Profesional Independiente,Funcionalidad faltante,1,83.0
2024-11,Chile,Profesional Independiente,Otro / sin motivo registrado,1,60.7
2024-11,Chile,Emprendedor,Cerró o quebró el negocio,4,268.1
2024-11,Chile,Emprendedor,Precio / ajuste anual,4,215.16
2024-11,Chile,Emprendedor,Se fue a la competencia,2,165.59
2024-11,Chile,Emprendedor,Mala experiencia de soporte,2,136.3
2024-11,Chile,Emprendedor,No logró implementar,2,122.79
2024-11,Chile,Emprendedor,Cambió de contador,2,87.86
2024-11,Chile,Emprendedor,Funcionalidad faltante,1,75.47
2024-11,Chile,Emprendedor,Otro / sin motivo registrado,1,55.2
2024-11,Chile,Premium,Cerró o quebró el negocio,1,107.42
2024-11,Chile,Premium,Precio / ajuste anual,1,86.2
2024-11,Chile,Premium,Se fue a la competencia,1,66.35
2024-11,Chile,Siigo POS,Cerró o quebró el negocio,1,38.21
2024-11,Chile,Siigo POS,Precio / ajuste anual,1,30.67
2024-12,Chile,Siigo Contador,Cerró o quebró el negocio,2,0.0
2024-12,Chile,Siigo Contador,Precio / ajuste anual,1,0.0
2024-12,Chile,Siigo Contador,Se fue a la competencia,1,0.0
2024-12,Chile,Siigo Contador,Mala experiencia de soporte,1,0.0
2024-12,Chile,Profesional Independiente,Cerró o quebró el negocio,9,319.12
2024-12,Chile,Profesional Independiente,Precio / ajuste anual,5,256.1
2024-12,Chile,Profesional Independiente,Se fue a la competencia,4,197.1
2024-12,Chile,Profesional Independiente,Mala experiencia de soporte,3,162.24
2024-12,Chile,Profesional Independiente,No logró implementar,4,146.15
2024-12,Chile,Profesional Independiente,Cambió de contador,3,104.58
2024-12,Chile,Profesional Independiente,Funcionalidad faltante,1,89.83
2024-12,Chile,Profesional Independiente,Otro / sin motivo registrado,1,65.7
2024-12,Chile,Emprendedor,Cerró o quebró el negocio,5,292.25
2024-12,Chile,Emprendedor,Precio / ajuste anual,4,234.54
2024-12,Chile,Emprendedor,Se fue a la competencia,3,180.51
2024-12,Chile,Emprendedor,Mala experiencia de soporte,3,148.58
2024-12,Chile,Emprendedor,No logró implementar,2,133.85
2024-12,Chile,Emprendedor,Cambió de contador,2,95.78
2024-12,Chile,Emprendedor,Funcionalidad faltante,1,82.27
2024-12,Chile,Emprendedor,Otro / sin motivo registrado,1,60.17
2024-12,Chile,Premium,Cerró o quebró el negocio,1,122.46
2024-12,Chile,Premium,Precio / ajuste anual,1,98.28
2024-12,Chile,Premium,Se fue a la competencia,1,75.64
2024-12,Chile,Premium,Mala experiencia de soporte,1,62.26
2024-12,Chile,Siigo POS,Cerró o quebró el negocio,2,43.19
2024-12,Chile,Siigo POS,Precio / ajuste anual,1,34.66
2024-12,Chile,Siigo POS,Se fue a la competencia,1,26.68
2025-01,Chile,Siigo Contador,Cerró o quebró el negocio,1,0.0
2025-01,Chile,Siigo Contador,Precio / ajuste anual,2,0.0
2025-01,Chile,Siigo Contador,No logró implementar,1,0.0
2025-01,Chile,Profesional Independiente,Cerró o quebró el negocio,10,388.41
2025-01,Chile,Profesional Independiente,Precio / ajuste anual,14,508.09
2025-01,Chile,Profesional Independiente,Se fue a la competencia,6,239.9
2025-01,Chile,Profesional Independiente,Mala experiencia de soporte,4,197.47
2025-01,Chile,Profesional Independiente,No logró implementar,5,177.89
2025-01,Chile,Profesional Independiente,Cambió de contador,3,127.3
2025-01,Chile,Profesional Independiente,Funcionalidad faltante,2,109.34
2025-01,Chile,Profesional Independiente,Otro / sin motivo registrado,1,79.97
2025-01,Chile,Emprendedor,Cerró o quebró el negocio,6,309.26
2025-01,Chile,Emprendedor,Precio / ajuste anual,7,404.55
2025-01,Chile,Emprendedor,Se fue a la competencia,3,191.01
2025-01,Chile,Emprendedor,Mala experiencia de soporte,2,157.23
2025-01,Chile,Emprendedor,No logró implementar,2,141.64
2025-01,Chile,Emprendedor,Cambió de contador,2,101.35
2025-01,Chile,Emprendedor,Funcionalidad faltante,1,87.06
2025-01,Chile,Emprendedor,Otro / sin motivo registrado,1,63.67
2025-01,Chile,Premium,Cerró o quebró el negocio,1,136.8
2025-01,Chile,Premium,Precio / ajuste anual,3,178.95
2025-01,Chile,Premium,Se fue a la competencia,1,84.5
2025-01,Chile,Premium,Mala experiencia de soporte,1,69.55
2025-01,Chile,Premium,No logró implementar,1,62.65
2025-01,Chile,Siigo POS,Cerró o quebró el negocio,1,47.99
2025-01,Chile,Siigo POS,Precio / ajuste anual,2,62.78
2025-01,Chile,Siigo POS,Se fue a la competencia,1,29.64
2025-01,Chile,Siigo POS,Mala experiencia de soporte,1,24.4
2025-01,Chile,POS Gastrobar,Precio / ajuste anual,1,39.15
2025-02,Chile,Siigo Contador,Cerró o quebró el negocio,1,0.0
2025-02,Chile,Siigo Contador,Precio / ajuste anual,2,0.0
2025-02,Chile,Siigo Contador,Se fue a la competencia,1,0.0
2025-02,Chile,Profesional Independiente,Cerró o quebró el negocio,6,304.44
2025-02,Chile,Profesional Independiente,Precio / ajuste anual,8,398.24
2025-02,Chile,Profesional Independiente,Se fue a la competencia,4,188.04
2025-02,Chile,Profesional Independiente,Mala experiencia de soporte,4,154.78
2025-02,Chile,Profesional Independiente,No logró implementar,3,139.43
2025-02,Chile,Profesional Independiente,Cambió de contador,2,99.77
2025-02,Chile,Profesional Independiente,Funcionalidad faltante,2,85.7
2025-02,Chile,Profesional Independiente,Otro / sin motivo registrado,1,62.68
2025-02,Chile,Emprendedor,Cerró o quebró el negocio,5,292.56
2025-02,Chile,Emprendedor,Precio / ajuste anual,7,382.7
2025-02,Chile,Emprendedor,Se fue a la competencia,3,180.7
2025-02,Chile,Emprendedor,Mala experiencia de soporte,2,148.74
2025-02,Chile,Emprendedor,No logró implementar,2,133.99
2025-02,Chile,Emprendedor,Cambió de contador,1,95.88
2025-02,Chile,Emprendedor,Funcionalidad faltante,1,82.36
2025-02,Chile,Premium,Cerró o quebró el negocio,2,121.47
2025-02,Chile,Premium,Precio / ajuste anual,2,158.9
2025-02,Chile,Premium,Se fue a la competencia,1,75.03
2025-02,Chile,Premium,Mala experiencia de soporte,1,61.76
2025-02,Chile,Siigo POS,Cerró o quebró el negocio,1,42.06
2025-02,Chile,Siigo POS,Precio / ajuste anual,2,55.02
2025-03,Chile,Siigo Contador,Cerró o quebró el negocio,2,0.0
2025-03,Chile,Siigo Contador,Precio / ajuste anual,1,0.0
2025-03,Chile,Siigo Contador,Se fue a la competencia,1,0.0
2025-03,Chile,Siigo Contador,Mala experiencia de soporte,1,0.0
2025-03,Chile,Siigo Contador,No logró implementar,1,0.0
2025-03,Chile,Profesional Independiente,Cerró o quebró el negocio,8,317.23
2025-03,Chile,Profesional Independiente,Precio / ajuste anual,6,254.59
2025-03,Chile,Profesional Independiente,Se fue a la competencia,5,195.94
2025-03,Chile,Profesional Independiente,Mala experiencia de soporte,5,238.7
2025-03,Chile,Profesional Independiente,No logró implementar,3,145.29
2025-03,Chile,Profesional Independiente,Cambió de contador,2,103.97
2025-03,Chile,Profesional Independiente,Funcionalidad faltante,2,89.31
2025-03,Chile,Profesional Independiente,Otro / sin motivo registrado,1,65.31
2025-03,Chile,Emprendedor,Cerró o quebró el negocio,5,292.41
2025-03,Chile,Emprendedor,Precio / ajuste anual,4,234.66
2025-03,Chile,Emprendedor,Se fue a la competencia,3,180.61
2025-03,Chile,Emprendedor,Mala experiencia de soporte,3,220.02
2025-03,Chile,Emprendedor,No logró implementar,1,133.92
2025-03,Chile,Emprendedor,Cambió de contador,2,95.83
2025-03,Chile,Emprendedor,Funcionalidad faltante,1,82.32
2025-03,Chile,Emprendedor,Otro / sin motivo registrado,1,60.2
2025-03,Chile,Premium,Cerró o quebró el negocio,2,126.63
2025-03,Chile,Premium,Precio / ajuste anual,1,101.63
2025-03,Chile,Premium,Se fue a la competencia,1,78.21
2025-03,Chile,Premium,Mala experiencia de soporte,1,95.28
2025-03,Chile,Siigo POS,Cerró o quebró el negocio,1,42.96
2025-03,Chile,Siigo POS,Precio / ajuste anual,1,34.48
2025-03,Chile,Siigo POS,Se fue a la competencia,1,26.53
2025-03,Chile,Siigo POS,Mala experiencia de soporte,1,32.33
2025-04,Chile,Siigo Contador,Cerró o quebró el negocio,2,0.0
2025-04,Chile,Siigo Contador,Precio / ajuste anual,1,0.0
2025-04,Chile,Siigo Contador,Mala experiencia de soporte,1,0.0
2025-04,Chile,Profesional Independiente,Cerró o quebró el negocio,7,319.17
2025-04,Chile,Profesional Independiente,Precio / ajuste anual,7,256.14
2025-04,Chile,Profesional Independiente,Se fue a la competencia,5,197.13
2025-04,Chile,Profesional Independiente,Mala experiencia de soporte,7,240.15
2025-04,Chile,Profesional Independiente,No logró implementar,3,146.17
2025-04,Chile,Profesional Independiente,Cambió de contador,2,104.6
2025-04,Chile,Profesional Independiente,Funcionalidad faltante,2,89.85
2025-04,Chile,Profesional Independiente,Otro / sin motivo registrado,1,65.71
2025-04,Chile,Emprendedor,Cerró o quebró el negocio,4,286.31
2025-04,Chile,Emprendedor,Precio / ajuste anual,3,229.77
2025-04,Chile,Emprendedor,Se fue a la competencia,3,176.84
2025-04,Chile,Emprendedor,Mala experiencia de soporte,3,215.43
2025-04,Chile,Emprendedor,No logró implementar,2,131.12
2025-04,Chile,Emprendedor,Cambió de contador,1,93.83
2025-04,Chile,Emprendedor,Funcionalidad faltante,1,80.6
2025-04,Chile,Emprendedor,Otro / sin motivo registrado,1,58.95
2025-04,Chile,Premium,Cerró o quebró el negocio,2,125.89
2025-04,Chile,Premium,Precio / ajuste anual,1,101.03
2025-04,Chile,Premium,Se fue a la competencia,1,77.76
2025-04,Chile,Premium,Mala experiencia de soporte,1,94.73
2025-04,Chile,Siigo POS,Cerró o quebró el negocio,1,43.57
2025-04,Chile,Siigo POS,Precio / ajuste anual,1,34.97
2025-04,Chile,Siigo POS,Se fue a la competencia,1,26.91
2025-05,Chile,Siigo Contador,Cerró o quebró el negocio,2,0.0
2025-05,Chile,Siigo Contador,Precio / ajuste anual,1,0.0
2025-05,Chile,Siigo Contador,Se fue a la competencia,1,0.0
2025-05,Chile,Siigo Contador,Mala experiencia de soporte,1,0.0
2025-05,Chile,Profesional Independiente,Cerró o quebró el negocio,6,342.98
2025-05,Chile,Profesional Independiente,Precio / ajuste anual,7,275.25
2025-05,Chile,Profesional Independiente,Se fue a la competencia,4,211.84
2025-05,Chile,Profesional Independiente,Mala experiencia de soporte,6,258.07
2025-05,Chile,Profesional Independiente,No logró implementar,3,157.08
2025-05,Chile,Profesional Independiente,Cambió de contador,2,112.41
2025-05,Chile,Profesional Independiente,Funcionalidad faltante,2,96.55
2025-05,Chile,Profesional Independiente,Otro / sin motivo registrado,1,70.61
2025-05,Chile,Emprendedor,Cerró o quebró el negocio,6,294.77
2025-05,Chile,Emprendedor,Precio / ajuste anual,4,236.56
2025-05,Chile,Emprendedor,Se fue a la competencia,3,182.07
2025-05,Chile,Emprendedor,Mala experiencia de soporte,3,221.8
2025-05,Chile,Emprendedor,No logró implementar,2,135.0
2025-05,Chile,Emprendedor,Cambió de contador,1,96.61
2025-05,Chile,Emprendedor,Funcionalidad faltante,1,82.98
2025-05,Chile,Emprendedor,Otro / sin motivo registrado,1,60.69
2025-05,Chile,Premium,Cerró o quebró el negocio,1,132.17
2025-05,Chile,Premium,Precio / ajuste anual,1,106.07
2025-05,Chile,Premium,Se fue a la competencia,1,81.63
2025-05,Chile,Premium,Mala experiencia de soporte,1,99.45
2025-05,Chile,Premium,No logró implementar,1,60.53
2025-05,Chile,Siigo POS,Cerró o quebró el negocio,2,48.47
2025-05,Chile,Siigo POS,Precio / ajuste anual,1,38.9
2025-05,Chile,Siigo POS,Mala experiencia de soporte,1,36.47
2025-05,Chile,Siigo POS,No logró implementar,1,22.2
2025-06,Chile,Siigo Contador,Cerró o quebró el negocio,2,0.0
2025-06,Chile,Siigo Contador,Precio / ajuste anual,1,0.0
2025-06,Chile,Profesional Independiente,Cerró o quebró el negocio,10,368.9
2025-06,Chile,Profesional Independiente,Precio / ajuste anual,7,296.05
2025-06,Chile,Profesional Independiente,Se fue a la competencia,5,227.85
2025-06,Chile,Profesional Independiente,Mala experiencia de soporte,4,187.55
2025-06,Chile,Profesional Independiente,No logró implementar,4,168.95
2025-06,Chile,Profesional Independiente,Cambió de contador,3,120.9
2025-06,Chile,Profesional Independiente,Funcionalidad faltante,2,103.85
2025-06,Chile,Profesional Independiente,Otro / sin motivo registrado,1,75.95
2025-06,Chile,Emprendedor,Cerró o quebró el negocio,4,295.23
2025-06,Chile,Emprendedor,Precio / ajuste anual,4,236.93
2025-06,Chile,Emprendedor,Se fue a la competencia,2,182.35
2025-06,Chile,Emprendedor,Mala experiencia de soporte,3,150.1
2025-06,Chile,Emprendedor,No logró implementar,2,135.21
2025-06,Chile,Emprendedor,Cambió de contador,1,96.76
2025-06,Chile,Emprendedor,Funcionalidad faltante,1,83.11
2025-06,Chile,Emprendedor,Otro / sin motivo registrado,1,60.78
2025-06,Chile,Premium,Cerró o quebró el negocio,2,133.09
2025-06,Chile,Premium,Precio / ajuste anual,1,106.81
2025-06,Chile,Premium,Se fue a la competencia,1,82.2
2025-06,Chile,Premium,Mala experiencia de soporte,1,67.66
2025-06,Chile,Siigo POS,Cerró o quebró el negocio,1,45.9
2025-06,Chile,Siigo POS,Precio / ajuste anual,1,36.84
2025-06,Chile,Siigo POS,Se fue a la competencia,1,28.35
2025-06,Chile,Siigo POS,Mala experiencia de soporte,1,23.34
2025-06,Chile,POS Gastrobar,Cerró o quebró el negocio,1,30.45
2025-07,Chile,Siigo Contador,Cerró o quebró el negocio,2,0.0
2025-07,Chile,Siigo Contador,Precio / ajuste anual,1,0.0
2025-07,Chile,Siigo Contador,Se fue a la competencia,1,0.0
2025-07,Chile,Siigo Contador,Mala experiencia de soporte,1,0.0
2025-07,Chile,Profesional Independiente,Cerró o quebró el negocio,9,399.15
2025-07,Chile,Profesional Independiente,Precio / ajuste anual,8,320.32
2025-07,Chile,Profesional Independiente,Se fue a la competencia,5,246.53
2025-07,Chile,Profesional Independiente,Mala experiencia de soporte,5,202.93
2025-07,Chile,Profesional Independiente,No logró implementar,5,182.8
2025-07,Chile,Profesional Independiente,Cambió de contador,3,130.81
2025-07,Chile,Profesional Independiente,Funcionalidad faltante,3,112.36
2025-07,Chile,Profesional Independiente,Otro / sin motivo registrado,2,82.18
2025-07,Chile,Emprendedor,Cerró o quebró el negocio,5,322.1
2025-07,Chile,Emprendedor,Precio / ajuste anual,3,258.49
2025-07,Chile,Emprendedor,Se fue a la competencia,3,198.94
2025-07,Chile,Emprendedor,Mala experiencia de soporte,2,163.76
2025-07,Chile,Emprendedor,No logró implementar,2,147.52
2025-07,Chile,Emprendedor,Cambió de contador,2,105.56
2025-07,Chile,Emprendedor,Funcionalidad faltante,1,90.67
2025-07,Chile,Emprendedor,Otro / sin motivo registrado,1,66.31
2025-07,Chile,Premium,Cerró o quebró el negocio,1,127.82
2025-07,Chile,Premium,Precio / ajuste anual,2,102.58
2025-07,Chile,Premium,Se fue a la competencia,1,78.95
2025-07,Chile,Premium,Mala experiencia de soporte,1,64.98
2025-07,Chile,Siigo POS,Cerró o quebró el negocio,2,55.05
2025-07,Chile,Siigo POS,Precio / ajuste anual,1,44.18
2025-07,Chile,Siigo POS,Se fue a la competencia,1,34.0
2025-07,Chile,Siigo POS,Mala experiencia de soporte,1,27.99
2025-07,Chile,POS Gastrobar,Cerró o quebró el negocio,1,31.23
2025-08,Chile,Siigo Contador,Cerró o quebró el negocio,2,0.0
2025-08,Chile,Siigo Contador,Precio / ajuste anual,1,0.0
2025-08,Chile,Siigo Contador,Se fue a la competencia,1,0.0
2025-08,Chile,Siigo Contador,Mala experiencia de soporte,1,0.0
2025-08,Chile,Profesional Independiente,Cerró o quebró el negocio,8,373.67
2025-08,Chile,Profesional Independiente,Precio / ajuste anual,6,299.88
2025-08,Chile,Profesional Independiente,Se fue a la competencia,4,230.8
2025-08,Chile,Profesional Independiente,Mala experiencia de soporte,7,281.16
2025-08,Chile,Profesional Independiente,No logró implementar,3,171.14
2025-08,Chile,Profesional Independiente,Cambió de contador,3,122.46
2025-08,Chile,Profesional Independiente,Funcionalidad faltante,2,105.19
2025-08,Chile,Profesional Independiente,Otro / sin motivo registrado,1,76.93
2025-08,Chile,Emprendedor,Cerró o quebró el negocio,6,308.61
2025-08,Chile,Emprendedor,Precio / ajuste anual,4,247.67
2025-08,Chile,Emprendedor,Se fue a la competencia,3,190.61
2025-08,Chile,Emprendedor,Mala experiencia de soporte,3,232.21
2025-08,Chile,Emprendedor,No logró implementar,2,141.34
2025-08,Chile,Emprendedor,Cambió de contador,2,101.14
2025-08,Chile,Emprendedor,Funcionalidad faltante,1,86.88
2025-08,Chile,Emprendedor,Otro / sin motivo registrado,1,63.54
2025-08,Chile,Premium,Cerró o quebró el negocio,2,150.1
2025-08,Chile,Premium,Precio / ajuste anual,2,120.46
2025-08,Chile,Premium,Se fue a la competencia,1,92.71
2025-08,Chile,Premium,Mala experiencia de soporte,2,112.94
2025-08,Chile,Premium,No logró implementar,1,68.74
2025-08,Chile,Siigo POS,Cerró o quebró el negocio,2,52.02
2025-08,Chile,Siigo POS,Precio / ajuste anual,1,41.75
2025-08,Chile,Siigo POS,Se fue a la competencia,1,32.13
2025-08,Chile,Siigo POS,Mala experiencia de soporte,1,39.14
2025-08,Chile,Siigo POS,No logró implementar,1,23.82
2025-08,Chile,POS Gastrobar,Cerró o quebró el negocio,1,31.58
2025-09,Chile,Siigo Contador,Cerró o quebró el negocio,1,0.0
2025-09,Chile,Siigo Contador,Precio / ajuste anual,1,0.0
2025-09,Chile,Siigo Contador,Se fue a la competencia,1,0.0
2025-09,Chile,Siigo Contador,Mala experiencia de soporte,1,0.0
2025-09,Chile,Profesional Independiente,Cerró o quebró el negocio,10,418.69
2025-09,Chile,Profesional Independiente,Precio / ajuste anual,7,336.01
2025-09,Chile,Profesional Independiente,Se fue a la competencia,6,258.6
2025-09,Chile,Profesional Independiente,Mala experiencia de soporte,7,315.04
2025-09,Chile,Profesional Independiente,No logró implementar,4,191.75
2025-09,Chile,Profesional Independiente,Cambió de contador,3,137.22
2025-09,Chile,Profesional Independiente,Funcionalidad faltante,2,117.87
2025-09,Chile,Profesional Independiente,Otro / sin motivo registrado,1,86.2
2025-09,Chile,Emprendedor,Cerró o quebró el negocio,5,343.92
2025-09,Chile,Emprendedor,Precio / ajuste anual,5,276.0
2025-09,Chile,Emprendedor,Se fue a la competencia,3,212.42
2025-09,Chile,Emprendedor,Mala experiencia de soporte,4,258.78
2025-09,Chile,Emprendedor,No logró implementar,3,157.51
2025-09,Chile,Emprendedor,Cambió de contador,2,112.71
2025-09,Chile,Emprendedor,Funcionalidad faltante,1,96.82
2025-09,Chile,Emprendedor,Otro / sin motivo registrado,1,70.81
2025-09,Chile,Premium,Cerró o quebró el negocio,2,154.58
2025-09,Chile,Premium,Precio / ajuste anual,1,124.05
2025-09,Chile,Premium,Se fue a la competencia,1,95.48
2025-09,Chile,Premium,Mala experiencia de soporte,1,116.31
2025-09,Chile,Premium,No logró implementar,1,70.79
2025-09,Chile,Siigo POS,Cerró o quebró el negocio,2,52.17
2025-09,Chile,Siigo POS,Precio / ajuste anual,1,41.87
2025-09,Chile,Siigo POS,Se fue a la competencia,1,32.23
2025-09,Chile,Siigo POS,Mala experiencia de soporte,1,39.26
2025-10,Chile,Siigo Contador,Cerró o quebró el negocio,1,0.0
2025-10,Chile,Siigo Contador,Precio / ajuste anual,1,0.0
2025-10,Chile,Siigo Contador,Se fue a la competencia,1,0.0
2025-10,Chile,Siigo Contador,Mala experiencia de soporte,1,0.0
2025-10,Chile,Siigo Contador,No logró implementar,1,0.0
2025-10,Chile,Profesional Independiente,Cerró o quebró el negocio,11,428.87
2025-10,Chile,Profesional Independiente,Precio / ajuste anual,7,344.18
2025-10,Chile,Profesional Independiente,Se fue a la competencia,6,264.89
2025-10,Chile,Profesional Independiente,Mala experiencia de soporte,5,218.04
2025-10,Chile,Profesional Independiente,No logró implementar,6,196.42
2025-10,Chile,Profesional Independiente,Cambió de contador,3,140.56
2025-10,Chile,Profesional Independiente,Funcionalidad faltante,2,120.73
2025-10,Chile,Profesional Independiente,Otro / sin motivo registrado,2,88.3
2025-10,Chile,Emprendedor,Cerró o quebró el negocio,6,362.95
2025-10,Chile,Emprendedor,Precio / ajuste anual,5,291.27
2025-10,Chile,Emprendedor,Se fue a la competencia,4,224.17
2025-10,Chile,Emprendedor,Mala experiencia de soporte,3,184.52
2025-10,Chile,Emprendedor,No logró implementar,2,166.22
2025-10,Chile,Emprendedor,Cambió de contador,2,118.95
2025-10,Chile,Emprendedor,Funcionalidad faltante,2,102.17
2025-10,Chile,Emprendedor,Otro / sin motivo registrado,1,74.72
2025-10,Chile,Premium,Cerró o quebró el negocio,2,151.38
2025-10,Chile,Premium,Precio / ajuste anual,2,121.49
2025-10,Chile,Premium,Se fue a la competencia,1,93.5
2025-10,Chile,Premium,Mala experiencia de soporte,1,76.96
2025-10,Chile,Premium,No logró implementar,1,69.33
2025-10,Chile,Siigo POS,Cerró o quebró el negocio,2,58.49
2025-10,Chile,Siigo POS,Precio / ajuste anual,1,46.94
2025-10,Chile,Siigo POS,Se fue a la competencia,1,36.12
2025-10,Chile,Siigo POS,Mala experiencia de soporte,1,29.73
2025-10,Chile,Siigo POS,No logró implementar,1,26.79
2025-11,Chile,Siigo Contador,Cerró o quebró el negocio,2,0.0
2025-11,Chile,Siigo Contador,Precio / ajuste anual,1,0.0
2025-11,Chile,Siigo Contador,Se fue a la competencia,1,0.0
2025-11,Chile,Siigo Contador,No logró implementar,1,0.0
2025-11,Chile,Profesional Independiente,Cerró o quebró el negocio,10,425.89
2025-11,Chile,Profesional Independiente,Precio / ajuste anual,8,341.79
2025-11,Chile,Profesional Independiente,Se fue a la competencia,6,263.05
2025-11,Chile,Profesional Independiente,Mala experiencia de soporte,4,216.52
2025-11,Chile,Profesional Independiente,No logró implementar,4,195.05
2025-11,Chile,Profesional Independiente,Cambió de contador,3,139.58
2025-11,Chile,Profesional Independiente,Funcionalidad faltante,2,119.89
2025-11,Chile,Profesional Independiente,Otro / sin motivo registrado,1,87.68
2025-11,Chile,Emprendedor,Cerró o quebró el negocio,8,372.59
2025-11,Chile,Emprendedor,Precio / ajuste anual,5,299.01
2025-11,Chile,Emprendedor,Se fue a la competencia,5,230.13
2025-11,Chile,Emprendedor,Mala experiencia de soporte,3,189.43
2025-11,Chile,Emprendedor,No logró implementar,2,170.64
2025-11,Chile,Emprendedor,Cambió de contador,2,122.11
2025-11,Chile,Emprendedor,Funcionalidad faltante,1,104.89
2025-11,Chile,Emprendedor,Otro / sin motivo registrado,1,76.71
2025-11,Chile,Premium,Cerró o quebró el negocio,2,156.46
2025-11,Chile,Premium,Precio / ajuste anual,2,125.56
2025-11,Chile,Premium,Se fue a la competencia,1,96.64
2025-11,Chile,Premium,Mala experiencia de soporte,1,79.54
2025-11,Chile,Premium,No logró implementar,1,71.66
2025-11,Chile,Siigo POS,Cerró o quebró el negocio,1,53.48
2025-11,Chile,Siigo POS,Precio / ajuste anual,1,42.92
2025-11,Chile,Siigo POS,Se fue a la competencia,1,33.03
2025-12,Chile,Siigo Contador,Cerró o quebró el negocio,3,0.0
2025-12,Chile,Siigo Contador,Precio / ajuste anual,2,0.0
2025-12,Chile,Siigo Contador,Se fue a la competencia,2,0.0
2025-12,Chile,Siigo Contador,Mala experiencia de soporte,1,0.0
2025-12,Chile,Siigo Contador,No logró implementar,1,0.0
2025-12,Chile,Siigo Contador,Cambió de contador,1,0.0
2025-12,Chile,Profesional Independiente,Cerró o quebró el negocio,13,527.42
2025-12,Chile,Profesional Independiente,Precio / ajuste anual,11,423.27
2025-12,Chile,Profesional Independiente,Se fue a la competencia,5,325.76
2025-12,Chile,Profesional Independiente,Mala experiencia de soporte,6,268.14
2025-12,Chile,Profesional Independiente,No logró implementar,4,241.55
2025-12,Chile,Profesional Independiente,Cambió de contador,4,172.85
2025-12,Chile,Profesional Independiente,Funcionalidad faltante,3,148.48
2025-12,Chile,Profesional Independiente,Otro / sin motivo registrado,2,108.59
2025-12,Chile,Emprendedor,Cerró o quebró el negocio,6,403.11
2025-12,Chile,Emprendedor,Precio / ajuste anual,7,323.51
2025-12,Chile,Emprendedor,Se fue a la competencia,4,248.98
2025-12,Chile,Emprendedor,Mala experiencia de soporte,4,204.94
2025-12,Chile,Emprendedor,No logró implementar,3,184.62
2025-12,Chile,Emprendedor,Cambió de contador,2,132.11
2025-12,Chile,Emprendedor,Funcionalidad faltante,1,113.48
2025-12,Chile,Emprendedor,Otro / sin motivo registrado,1,82.99
2025-12,Chile,Premium,Cerró o quebró el negocio,3,176.65
2025-12,Chile,Premium,Precio / ajuste anual,1,141.76
2025-12,Chile,Premium,Se fue a la competencia,2,109.1
2025-12,Chile,Premium,Mala experiencia de soporte,1,89.81
2025-12,Chile,Premium,No logró implementar,1,80.9
2025-12,Chile,Premium,Cambió de contador,1,57.89
2025-12,Chile,Siigo POS,Cerró o quebró el negocio,2,65.26
2025-12,Chile,Siigo POS,Precio / ajuste anual,1,52.37
2025-12,Chile,Siigo POS,Se fue a la competencia,1,40.31
2025-12,Chile,Siigo POS,Mala experiencia de soporte,1,33.18
2025-12,Chile,Siigo POS,No logró implementar,1,29.89
2025-12,Chile,Siigo POS,Cambió de contador,1,21.39
2025-12,Chile,POS Gastrobar,Cerró o quebró el negocio,1,40.52
2026-01,Chile,Siigo Contador,Cerró o quebró el negocio,3,0.0
2026-01,Chile,Siigo Contador,Precio / ajuste anual,4,0.0
2026-01,Chile,Siigo Contador,Se fue a la competencia,2,0.0
2026-01,Chile,Siigo Contador,Mala experiencia de soporte,1,0.0
2026-01,Chile,Siigo Contador,No logró implementar,1,0.0
2026-01,Chile,Siigo Contador,Cambió de contador,1,0.0
2026-01,Chile,Profesional Independiente,Cerró o quebró el negocio,14,581.97
2026-01,Chile,Profesional Independiente,Precio / ajuste anual,22,761.28
2026-01,Chile,Profesional Independiente,Se fue a la competencia,8,359.45
2026-01,Chile,Profesional Independiente,Mala experiencia de soporte,8,295.88
2026-01,Chile,Profesional Independiente,No logró implementar,6,266.53
2026-01,Chile,Profesional Independiente,Cambió de contador,4,190.73
2026-01,Chile,Profesional Independiente,Funcionalidad faltante,4,163.83
2026-01,Chile,Profesional Independiente,Otro / sin motivo registrado,2,119.82
2026-01,Chile,Emprendedor,Cerró o quebró el negocio,9,520.95
2026-01,Chile,Emprendedor,Precio / ajuste anual,13,681.45
2026-01,Chile,Emprendedor,Se fue a la competencia,5,321.76
2026-01,Chile,Emprendedor,Mala experiencia de soporte,4,264.85
2026-01,Chile,Emprendedor,No logró implementar,4,238.58
2026-01,Chile,Emprendedor,Cambió de contador,2,170.73
2026-01,Chile,Emprendedor,Funcionalidad faltante,2,146.65
2026-01,Chile,Emprendedor,Otro / sin motivo registrado,2,107.25
2026-01,Chile,Premium,Cerró o quebró el negocio,4,231.7
2026-01,Chile,Premium,Precio / ajuste anual,5,303.09
2026-01,Chile,Premium,Se fue a la competencia,2,143.11
2026-01,Chile,Premium,Mala experiencia de soporte,1,117.8
2026-01,Chile,Premium,No logró implementar,1,106.12
2026-01,Chile,Premium,Cambió de contador,1,75.94
2026-01,Chile,Premium,Funcionalidad faltante,1,65.23
2026-01,Chile,Corporativo,Precio / ajuste anual,1,104.04
2026-01,Chile,Siigo POS,Cerró o quebró el negocio,2,78.75
2026-01,Chile,Siigo POS,Precio / ajuste anual,4,103.01
2026-01,Chile,Siigo POS,Se fue a la competencia,2,48.64
2026-01,Chile,Siigo POS,Mala experiencia de soporte,1,40.04
2026-01,Chile,Siigo POS,No logró implementar,1,36.06
2026-01,Chile,Siigo POS,Cambió de contador,1,25.81
2026-01,Chile,POS Gastrobar,Cerró o quebró el negocio,1,47.14
2026-01,Chile,POS Gastrobar,Precio / ajuste anual,2,61.67
2026-02,Chile,Siigo Contador,Cerró o quebró el negocio,2,0.0
2026-02,Chile,Siigo Contador,Precio / ajuste anual,2,0.0
2026-02,Chile,Siigo Contador,Se fue a la competencia,1,0.0
2026-02,Chile,Siigo Contador,Mala experiencia de soporte,1,0.0
2026-02,Chile,Siigo Contador,No logró implementar,1,0.0
2026-02,Chile,Profesional Independiente,Cerró o quebró el negocio,13,513.62
2026-02,Chile,Profesional Independiente,Precio / ajuste anual,12,671.87
2026-02,Chile,Profesional Independiente,Se fue a la competencia,6,317.24
2026-02,Chile,Profesional Independiente,Mala experiencia de soporte,6,261.13
2026-02,Chile,Profesional Independiente,No logró implementar,5,235.23
2026-02,Chile,Profesional Independiente,Cambió de contador,4,168.33
2026-02,Chile,Profesional Independiente,Funcionalidad faltante,3,144.59
2026-02,Chile,Profesional Independiente,Otro / sin motivo registrado,2,105.75
2026-02,Chile,Emprendedor,Cerró o quebró el negocio,6,384.1
2026-02,Chile,Emprendedor,Precio / ajuste anual,8,502.44
2026-02,Chile,Emprendedor,Se fue a la competencia,4,237.24
2026-02,Chile,Emprendedor,Mala experiencia de soporte,2,195.28
2026-02,Chile,Emprendedor,No logró implementar,2,175.91
2026-02,Chile,Emprendedor,Cambió de contador,2,125.88
2026-02,Chile,Emprendedor,Funcionalidad faltante,2,108.13
2026-02,Chile,Emprendedor,Otro / sin motivo registrado,1,79.08
2026-02,Chile,Premium,Cerró o quebró el negocio,3,200.72
2026-02,Chile,Premium,Precio / ajuste anual,3,262.56
2026-02,Chile,Premium,Se fue a la competencia,2,123.97
2026-02,Chile,Premium,Mala experiencia de soporte,1,102.05
2026-02,Chile,Premium,No logró implementar,1,91.93
2026-02,Chile,Premium,Cambió de contador,1,65.78
2026-02,Chile,Siigo POS,Cerró o quebró el negocio,2,68.16
2026-02,Chile,Siigo POS,Precio / ajuste anual,4,89.16
2026-02,Chile,Siigo POS,Se fue a la competencia,1,42.1
2026-02,Chile,Siigo POS,Mala experiencia de soporte,1,34.65
2026-02,Chile,Siigo POS,No logró implementar,1,31.22
2026-02,Chile,POS Gastrobar,Precio / ajuste anual,1,54.56
2026-03,Chile,Siigo Contador,Cerró o quebró el negocio,2,0.0
2026-03,Chile,Siigo Contador,Precio / ajuste anual,2,0.0
2026-03,Chile,Siigo Contador,Se fue a la competencia,1,0.0
2026-03,Chile,Siigo Contador,Mala experiencia de soporte,2,0.0
2026-03,Chile,Siigo Contador,No logró implementar,1,0.0
2026-03,Chile,Profesional Independiente,Cerró o quebró el negocio,10,453.17
2026-03,Chile,Profesional Independiente,Precio / ajuste anual,6,363.68
2026-03,Chile,Profesional Independiente,Se fue a la competencia,5,279.9
2026-03,Chile,Profesional Independiente,Mala experiencia de soporte,6,340.98
2026-03,Chile,Profesional Independiente,No logró implementar,5,207.54
2026-03,Chile,Profesional Independiente,Cambió de contador,3,148.52
2026-03,Chile,Profesional Independiente,Funcionalidad faltante,3,127.57
2026-03,Chile,Profesional Independiente,Otro / sin motivo registrado,1,93.3
2026-03,Chile,Emprendedor,Cerró o quebró el negocio,7,397.06
2026-03,Chile,Emprendedor,Precio / ajuste anual,5,318.65
2026-03,Chile,Emprendedor,Se fue a la competencia,3,245.24
2026-03,Chile,Emprendedor,Mala experiencia de soporte,4,298.76
2026-03,Chile,Emprendedor,No logró implementar,3,181.85
2026-03,Chile,Emprendedor,Cambió de contador,2,130.13
2026-03,Chile,Emprendedor,Funcionalidad faltante,2,111.78
2026-03,Chile,Emprendedor,Otro / sin motivo registrado,1,81.75
2026-03,Chile,Premium,Cerró o quebró el negocio,2,184.85
2026-03,Chile,Premium,Precio / ajuste anual,2,148.35
2026-03,Chile,Premium,Se fue a la competencia,1,114.17
2026-03,Chile,Premium,Mala experiencia de soporte,2,139.09
2026-03,Chile,Premium,No logró implementar,1,84.66
2026-03,Chile,Siigo POS,Cerró o quebró el negocio,2,62.17
2026-03,Chile,Siigo POS,Precio / ajuste anual,1,49.89
2026-03,Chile,Siigo POS,Se fue a la competencia,1,38.4
2026-03,Chile,Siigo POS,Mala experiencia de soporte,2,46.78
2026-03,Chile,Siigo POS,No logró implementar,1,28.47
2026-03,Chile,POS Gastrobar,Cerró o quebró el negocio,1,39.85
2026-04,Chile,Siigo Contador,Cerró o quebró el negocio,2,0.0
2026-04,Chile,Siigo Contador,Precio / ajuste anual,2,0.0
2026-04,Chile,Siigo Contador,Se fue a la competencia,1,0.0
2026-04,Chile,Siigo Contador,Mala experiencia de soporte,2,0.0
2026-04,Chile,Siigo Contador,No logró implementar,1,0.0
2026-04,Chile,Profesional Independiente,Cerró o quebró el negocio,13,485.91
2026-04,Chile,Profesional Independiente,Precio / ajuste anual,7,389.96
2026-04,Chile,Profesional Independiente,Se fue a la competencia,6,300.12
2026-04,Chile,Profesional Independiente,Mala experiencia de soporte,7,365.62
2026-04,Chile,Profesional Independiente,No logró implementar,4,222.54
2026-04,Chile,Profesional Independiente,Cambió de contador,4,159.25
2026-04,Chile,Profesional Independiente,Funcionalidad faltante,2,136.79
2026-04,Chile,Profesional Independiente,Otro / sin motivo registrado,2,100.04
2026-04,Chile,Emprendedor,Cerró o quebró el negocio,7,441.19
2026-04,Chile,Emprendedor,Precio / ajuste anual,6,354.07
2026-04,Chile,Emprendedor,Se fue a la competencia,4,272.5
2026-04,Chile,Emprendedor,Mala experiencia de soporte,5,331.97
2026-04,Chile,Emprendedor,No logró implementar,3,202.06
2026-04,Chile,Emprendedor,Cambió de contador,2,144.59
2026-04,Chile,Emprendedor,Funcionalidad faltante,2,124.2
2026-04,Chile,Emprendedor,Otro / sin motivo registrado,1,90.83
2026-04,Chile,Premium,Cerró o quebró el negocio,2,186.04
2026-04,Chile,Premium,Precio / ajuste anual,1,149.3
2026-04,Chile,Premium,Se fue a la competencia,1,114.91
2026-04,Chile,Premium,Mala experiencia de soporte,2,139.98
2026-04,Chile,Premium,No logró implementar,1,85.2
2026-04,Chile,Premium,Cambió de contador,1,60.97
2026-04,Chile,Siigo POS,Cerró o quebró el negocio,2,67.28
2026-04,Chile,Siigo POS,Precio / ajuste anual,2,53.99
2026-04,Chile,Siigo POS,Se fue a la competencia,1,41.55
2026-04,Chile,Siigo POS,Mala experiencia de soporte,2,50.62
2026-04,Chile,Siigo POS,No logró implementar,1,30.81
2026-04,Chile,POS Gastrobar,Cerró o quebró el negocio,1,41.34
2026-04,Chile,POS Gastrobar,Mala experiencia de soporte,1,31.1
2026-05,Chile,Siigo Contador,Cerró o quebró el negocio,2,0.0
2026-05,Chile,Siigo Contador,Precio / ajuste anual,2,0.0
2026-05,Chile,Siigo Contador,Se fue a la competencia,1,0.0
2026-05,Chile,Siigo Contador,Mala experiencia de soporte,2,0.0
2026-05,Chile,Siigo Contador,No logró implementar,1,0.0
2026-05,Chile,Profesional Independiente,Cerró o quebró el negocio,12,541.03
2026-05,Chile,Profesional Independiente,Precio / ajuste anual,9,434.19
2026-05,Chile,Profesional Independiente,Se fue a la competencia,7,334.17
2026-05,Chile,Profesional Independiente,Mala experiencia de soporte,11,407.09
2026-05,Chile,Profesional Independiente,No logró implementar,5,247.78
2026-05,Chile,Profesional Independiente,Cambió de contador,3,177.31
2026-05,Chile,Profesional Independiente,Funcionalidad faltante,3,152.31
2026-05,Chile,Profesional Independiente,Otro / sin motivo registrado,2,111.39
2026-05,Chile,Emprendedor,Cerró o quebró el negocio,8,476.91
2026-05,Chile,Emprendedor,Precio / ajuste anual,6,382.73
2026-05,Chile,Emprendedor,Se fue a la competencia,5,294.56
2026-05,Chile,Emprendedor,Mala experiencia de soporte,6,358.84
2026-05,Chile,Emprendedor,No logró implementar,3,218.42
2026-05,Chile,Emprendedor,Cambió de contador,2,156.3
2026-05,Chile,Emprendedor,Funcionalidad faltante,1,134.26
2026-05,Chile,Emprendedor,Otro / sin motivo registrado,1,98.19
2026-05,Chile,Premium,Cerró o quebró el negocio,3,196.94
2026-05,Chile,Premium,Precio / ajuste anual,2,158.05
2026-05,Chile,Premium,Se fue a la competencia,1,121.64
2026-05,Chile,Premium,Mala experiencia de soporte,2,148.19
2026-05,Chile,Premium,No logró implementar,1,90.2
2026-05,Chile,Premium,Cambió de contador,1,64.54
2026-05,Chile,Siigo POS,Cerró o quebró el negocio,2,66.45
2026-05,Chile,Siigo POS,Precio / ajuste anual,1,53.33
2026-05,Chile,Siigo POS,Se fue a la competencia,1,41.04
2026-05,Chile,Siigo POS,Mala experiencia de soporte,1,50.0
2026-05,Chile,Siigo POS,No logró implementar,1,30.43
2026-05,Chile,POS Gastrobar,Cerró o quebró el negocio,1,44.77
2026-06,Chile,Siigo Contador,Cerró o quebró el negocio,3,0.0
2026-06,Chile,Siigo Contador,Precio / ajuste anual,2,0.0
2026-06,Chile,Siigo Contador,Se fue a la competencia,2,0.0
2026-06,Chile,Siigo Contador,Mala experiencia de soporte,1,0.0
2026-06,Chile,Siigo Contador,No logró implementar,1,0.0
2026-06,Chile,Siigo Contador,Cambió de contador,1,0.0
2026-06,Chile,Profesional Independiente,Cerró o quebró el negocio,13,558.06
2026-06,Chile,Profesional Independiente,Precio / ajuste anual,12,447.85
2026-06,Chile,Profesional Independiente,Se fue a la competencia,7,344.68
2026-06,Chile,Profesional Independiente,Mala experiencia de soporte,6,283.72
2026-06,Chile,Profesional Independiente,No logró implementar,4,255.58
2026-06,Chile,Profesional Independiente,Cambió de contador,4,182.89
2026-06,Chile,Profesional Independiente,Funcionalidad faltante,4,157.1
2026-06,Chile,Profesional Independiente,Otro / sin motivo registrado,2,114.89
2026-06,Chile,Emprendedor,Cerró o quebró el negocio,5,435.75
2026-06,Chile,Emprendedor,Precio / ajuste anual,6,349.7
2026-06,Chile,Emprendedor,Se fue a la competencia,4,269.14
2026-06,Chile,Emprendedor,Mala experiencia de soporte,3,221.54
2026-06,Chile,Emprendedor,No logró implementar,3,199.57
2026-06,Chile,Emprendedor,Cambió de contador,2,142.81
2026-06,Chile,Emprendedor,Funcionalidad faltante,1,122.67
2026-06,Chile,Emprendedor,Otro / sin motivo registrado,1,89.71
2026-06,Chile,Premium,Cerró o quebró el negocio,3,219.84
2026-06,Chile,Premium,Precio / ajuste anual,2,176.43
2026-06,Chile,Premium,Se fue a la competencia,2,135.79
2026-06,Chile,Premium,Mala experiencia de soporte,1,111.77
2026-06,Chile,Premium,No logró implementar,1,100.68
2026-06,Chile,Premium,Cambió de contador,1,72.05
2026-06,Chile,Premium,Funcionalidad faltante,1,61.89
2026-06,Chile,Siigo POS,Cerró o quebró el negocio,2,74.72
2026-06,Chile,Siigo POS,Precio / ajuste anual,2,59.96
2026-06,Chile,Siigo POS,Se fue a la competencia,1,46.15
2026-06,Chile,Siigo POS,Mala experiencia de soporte,1,37.99
2026-06,Chile,Siigo POS,No logró implementar,1,34.22
2026-06,Chile,POS Gastrobar,Cerró o quebró el negocio,1,44.65
2026-06,Chile,POS Gastrobar,Precio / ajuste anual,1,35.83
2026-07,Chile,Siigo Contador,Cerró o quebró el negocio,3,0.0
2026-07,Chile,Siigo Contador,Precio / ajuste anual,1,0.0
2026-07,Chile,Siigo Contador,Se fue a la competencia,1,0.0
2026-07,Chile,Siigo Contador,Mala experiencia de soporte,1,0.0
2026-07,Chile,Siigo Contador,No logró implementar,1,0.0
2026-07,Chile,Siigo Contador,Cambió de contador,1,0.0
2026-07,Chile,Profesional Independiente,Cerró o quebró el negocio,13,537.31
2026-07,Chile,Profesional Independiente,Precio / ajuste anual,9,431.2
2026-07,Chile,Profesional Independiente,Se fue a la competencia,8,331.87
2026-07,Chile,Profesional Independiente,Mala experiencia de soporte,5,273.17
2026-07,Chile,Profesional Independiente,No logró implementar,5,246.08
2026-07,Chile,Profesional Independiente,Cambió de contador,4,176.09
2026-07,Chile,Profesional Independiente,Funcionalidad faltante,2,151.26
2026-07,Chile,Profesional Independiente,Otro / sin motivo registrado,3,110.62
2026-07,Chile,Emprendedor,Cerró o quebró el negocio,7,479.79
2026-07,Chile,Emprendedor,Precio / ajuste anual,6,385.04
2026-07,Chile,Emprendedor,Se fue a la competencia,5,296.34
2026-07,Chile,Emprendedor,Mala experiencia de soporte,4,243.93
2026-07,Chile,Emprendedor,No logró implementar,3,219.74
2026-07,Chile,Emprendedor,Cambió de contador,2,157.24
2026-07,Chile,Emprendedor,Funcionalidad faltante,2,135.07
2026-07,Chile,Emprendedor,Otro / sin motivo registrado,1,98.78
2026-07,Chile,Premium,Cerró o quebró el negocio,2,201.27
2026-07,Chile,Premium,Precio / ajuste anual,2,161.52
2026-07,Chile,Premium,Se fue a la competencia,1,124.31
2026-07,Chile,Premium,Mala experiencia de soporte,1,102.33
2026-07,Chile,Premium,No logró implementar,1,92.18
2026-07,Chile,Siigo POS,Cerró o quebró el negocio,2,75.35
2026-07,Chile,Siigo POS,Precio / ajuste anual,2,60.47
2026-07,Chile,Siigo POS,Se fue a la competencia,1,46.54
2026-07,Chile,Siigo POS,Mala experiencia de soporte,1,38.31
2026-07,Chile,Siigo POS,No logró implementar,1,34.51
2026-07,Chile,Siigo POS,Cambió de contador,1,24.7
2026-07,Chile,POS Gastrobar,Cerró o quebró el negocio,1,46.72
2026-07,Chile,POS Gastrobar,Precio / ajuste anual,1,37.49
2026-08,Chile,Siigo Contador,Cerró o quebró el negocio,2,0.0
2026-08,Chile,Siigo Contador,Precio / ajuste anual,2,0.0
2026-08,Chile,Siigo Contador,Se fue a la competencia,1,0.0
2026-08,Chile,Siigo Contador,Mala experiencia de soporte,2,0.0
2026-08,Chile,Siigo Contador,No logró implementar,1,0.0
2026-08,Chile,Profesional Independiente,Cerró o quebró el negocio,12,534.32
2026-08,Chile,Profesional Independiente,Precio / ajuste anual,11,428.8
2026-08,Chile,Profesional Independiente,Se fue a la competencia,8,330.02
2026-08,Chile,Profesional Independiente,Mala experiencia de soporte,9,402.04
2026-08,Chile,Profesional Independiente,No logró implementar,6,244.71
2026-08,Chile,Profesional Independiente,Cambió de contador,4,175.11
2026-08,Chile,Profesional Independiente,Funcionalidad faltante,3,150.42
2026-08,Chile,Profesional Independiente,Otro / sin motivo registrado,2,110.01
2026-08,Chile,Emprendedor,Cerró o quebró el negocio,8,464.44
2026-08,Chile,Emprendedor,Precio / ajuste anual,5,372.72
2026-08,Chile,Emprendedor,Se fue a la competencia,4,286.86
2026-08,Chile,Emprendedor,Mala experiencia de soporte,5,349.46
2026-08,Chile,Emprendedor,No logró implementar,3,212.7
2026-08,Chile,Emprendedor,Cambió de contador,2,152.21
2026-08,Chile,Emprendedor,Funcionalidad faltante,2,130.75
2026-08,Chile,Emprendedor,Otro / sin motivo registrado,1,95.62
2026-08,Chile,Premium,Cerró o quebró el negocio,3,225.95
2026-08,Chile,Premium,Precio / ajuste anual,2,181.33
2026-08,Chile,Premium,Se fue a la competencia,2,139.55
2026-08,Chile,Premium,Mala experiencia de soporte,3,170.01
2026-08,Chile,Premium,No logró implementar,1,103.48
2026-08,Chile,Premium,Cambió de contador,1,74.05
2026-08,Chile,Premium,Funcionalidad faltante,1,63.61
2026-08,Chile,Siigo POS,Cerró o quebró el negocio,3,82.46
2026-08,Chile,Siigo POS,Precio / ajuste anual,2,66.18
2026-08,Chile,Siigo POS,Se fue a la competencia,2,50.93
2026-08,Chile,Siigo POS,Mala experiencia de soporte,2,62.05
2026-08,Chile,Siigo POS,No logró implementar,1,37.77
2026-08,Chile,Siigo POS,Cambió de contador,1,27.03
2026-08,Chile,POS Gastrobar,Cerró o quebró el negocio,1,46.6
2026-08,Chile,POS Gastrobar,Precio / ajuste anual,1,37.4
2026-08,Chile,POS Gastrobar,Mala experiencia de soporte,1,35.06
